[
	{
        "annotations": [
            {
                "class": "rect",
                "height": 142,
                "width": 186,
                "x": 6,
                "y": 45
            }
        ],
        "class": "image",
        "filename": "hwb024.jpeg"
    },
	{
        "annotations": [
            {
                "class": "rect",
                "height": 131,
                "width": 197,
                "x": 27,
                "y": 39
            }
        ],
        "class": "image",
        "filename": "hwb056.jpeg"
    },
	{
        "annotations": [
            {
                "class": "rect",
                "height": 224,
                "width": 224,
                "x": 0,
                "y": 0
            }
        ],
        "class": "image",
        "filename": "hwb088.jpeg"
    },
	{
        "annotations": [
            {
                "class": "rect",
                "height": 107,
                "width": 118,
                "x": 48,
                "y": 80
            }
        ],
        "class": "image",
        "filename": "hwb027.jpeg"
    },
	{
        "annotations": [
            {
                "class": "rect",
                "height": 48,
                "width": 67,
                "x": 63,
                "y": 88
            }
        ],
        "class": "image",
        "filename": "hwb059.jpeg"
    },
	{
        "annotations": [
            {
                "class": "rect",
                "height": 47,
                "width": 199,
                "x": 25,
                "y": 125
            }
        ],
        "class": "image",
        "filename": "hwb091.jpeg"
    },
	{
        "annotations": [
            {
                "class": "rect",
                "height": 67,
                "width": 208,
                "x": 8,
                "y": 75
            }
        ],
        "class": "image",
        "filename": "hwb030.jpeg"
    },
	{
        "annotations": [
            {
                "class": "rect",
                "height": 148,
                "width": 114,
                "x": 29,
                "y": 38
            }
        ],
        "class": "image",
        "filename": "hwb062.jpeg"
    },
	{
        "annotations": [
            {
                "class": "rect",
                "height": 88,
                "width": 209,
                "x": 13,
                "y": 98
            }
        ],
        "class": "image",
        "filename": "hwb094.jpeg"
    },
	{
        "annotations": [
            {
                "class": "rect",
                "height": 79,
                "width": 163,
                "x": 31,
                "y": 74
            }
        ],
        "class": "image",
        "filename": "hwb033.jpeg"
    },
	{
        "annotations": [
            {
                "class": "rect",
                "height": 189,
                "width": 199,
                "x": 20,
                "y": 8
            }
        ],
        "class": "image",
        "filename": "hwb065.jpeg"
    },
	{
        "annotations": [
            {
                "class": "rect",
                "height": 114,
                "width": 36,
                "x": 29,
                "y": 110
            }
        ],
        "class": "image",
        "filename": "hwb097.jpeg"
    },
	{
        "annotations": [
            {
                "class": "rect",
                "height": 99,
                "width": 155,
                "x": 12,
                "y": 106
            }
        ],
        "class": "image",
        "filename": "hwb004.jpeg"
    },
	{
        "annotations": [
            {
                "class": "rect",
                "height": 97,
                "width": 155,
                "x": 0,
                "y": 106
            }
        ],
        "class": "image",
        "filename": "hwb036.jpeg"
    },
	{
        "annotations": [
            {
                "class": "rect",
                "height": 46,
                "width": 61,
                "x": 94,
                "y": 64
            }
        ],
        "class": "image",
        "filename": "hwb068.jpeg"
    },
	{
        "annotations": [
            {
                "class": "rect",
                "height": 140,
                "width": 224,
                "x": 0,
                "y": 41
            }
        ],
        "class": "image",
        "filename": "hwb100.jpeg"
    },
	{
        "annotations": [
            {
                "class": "rect",
                "height": 70,
                "width": 182,
                "x": 32,
                "y": 99
            }
        ],
        "class": "image",
        "filename": "hwb007.jpeg"
    },
	{
        "annotations": [
            {
                "class": "rect",
                "height": 65,
                "width": 146,
                "x": 16,
                "y": 93
            }
        ],
        "class": "image",
        "filename": "hwb039.jpeg"
    },
	{
        "annotations": [
            {
                "class": "rect",
                "height": 98,
                "width": 161,
                "x": 40,
                "y": 55
            }
        ],
        "class": "image",
        "filename": "hwb071.jpeg"
    },
	{
        "annotations": [
            {
                "class": "rect",
                "height": 80,
                "width": 168,
                "x": 27,
                "y": 74
            }
        ],
        "class": "image",
        "filename": "hwb003.jpeg"
    },
	{
        "annotations": [
            {
                "class": "rect",
                "height": 54,
                "width": 87,
                "x": 17,
                "y": 29
            }
        ],
        "class": "image",
        "filename": "hwb010.jpeg"
    },
	{
        "annotations": [
            {
                "class": "rect",
                "height": 172,
                "width": 138,
                "x": 44,
                "y": 17
            }
        ],
        "class": "image",
        "filename": "hwb042.jpeg"
    },
	{
        "annotations": [
            {
                "class": "rect",
                "height": 112,
                "width": 221,
                "x": 0,
                "y": 1
            }
        ],
        "class": "image",
        "filename": "hwb074.jpeg"
    },
	{
        "annotations": [
            {
                "class": "rect",
                "height": 142,
                "width": 214,
                "x": 5,
                "y": 53
            }
        ],
        "class": "image",
        "filename": "hwb013.jpeg"
    },
	{
        "annotations": [
            {
                "class": "rect",
                "height": 81,
                "width": 122,
                "x": 47,
                "y": 75
            }
        ],
        "class": "image",
        "filename": "hwb045.jpeg"
    },
	{
        "annotations": [
            {
                "class": "rect",
                "height": 48,
                "width": 108,
                "x": 58,
                "y": 137
            }
        ],
        "class": "image",
        "filename": "hwb077.jpeg"
    },
	{
        "annotations": [
            {
                "class": "rect",
                "height": 86,
                "width": 202,
                "x": 6,
                "y": 72
            }
        ],
        "class": "image",
        "filename": "hwb016.jpeg"
    },
	{
        "annotations": [
            {
                "class": "rect",
                "height": 181,
                "width": 214,
                "x": 1,
                "y": 24
            }
        ],
        "class": "image",
        "filename": "hwb048.jpeg"
    },
	{
        "annotations": [
            {
                "class": "rect",
                "height": 222,
                "width": 195,
                "x": 13,
                "y": 2
            }
        ],
        "class": "image",
        "filename": "hwb080.jpeg"
    },
	{
        "annotations": [
            {
                "class": "rect",
                "height": 63,
                "width": 173,
                "x": 21,
                "y": 91
            }
        ],
        "class": "image",
        "filename": "hwb019.jpeg"
    },
	{
        "annotations": [
            {
                "class": "rect",
                "height": 71,
                "width": 164,
                "x": 0,
                "y": 86
            }
        ],
        "class": "image",
        "filename": "hwb051.jpeg"
    },
	{
        "annotations": [
            {
                "class": "rect",
                "height": 126,
                "width": 157,
                "x": 52,
                "y": 58
            }
        ],
        "class": "image",
        "filename": "hwb083.jpeg"
    },
	{
        "annotations": [
            {
                "class": "rect",
                "height": 101,
                "width": 77,
                "x": 58,
                "y": 94
            }
        ],
        "class": "image",
        "filename": "hwb022.jpeg"
    },
	{
        "annotations": [
            {
                "class": "rect",
                "height": 55,
                "width": 208,
                "x": 0,
                "y": 82
            }
        ],
        "class": "image",
        "filename": "hwb054.jpeg"
    },
	{
        "annotations": [
            {
                "class": "rect",
                "height": 165,
                "width": 66,
                "x": 87,
                "y": 54
            }
        ],
        "class": "image",
        "filename": "hwb086.jpeg"
    },
	{
        "annotations": [
            {
                "class": "rect",
                "height": 66,
                "width": 103,
                "x": 32,
                "y": 110
            }
        ],
        "class": "image",
        "filename": "hwb025.jpeg"
    },
	{
        "annotations": [
            {
                "class": "rect",
                "height": 206,
                "width": 190,
                "x": 0,
                "y": 18
            }
        ],
        "class": "image",
        "filename": "hwb057.jpeg"
    },
	{
        "annotations": [
            {
                "class": "rect",
                "height": 125,
                "width": 206,
                "x": 10,
                "y": 76
            }
        ],
        "class": "image",
        "filename": "hwb089.jpeg"
    },
	{
        "annotations": [
            {
                "class": "rect",
                "height": 87,
                "width": 77,
                "x": 71,
                "y": 45
            }
        ],
        "class": "image",
        "filename": "hwb028.jpeg"
    },
	{
        "annotations": [
            {
                "class": "rect",
                "height": 66,
                "width": 156,
                "x": 42,
                "y": 96
            }
        ],
        "class": "image",
        "filename": "hwb060.jpeg"
    },
	{
        "annotations": [
            {
                "class": "rect",
                "height": 74,
                "width": 85,
                "x": 92,
                "y": 75
            }
        ],
        "class": "image",
        "filename": "hwb092.jpeg"
    },
	{
        "annotations": [
            {
                "class": "rect",
                "height": 59,
                "width": 159,
                "x": 41,
                "y": 83
            }
        ],
        "class": "image",
        "filename": "hwb031.jpeg"
    },
	{
        "annotations": [
            {
                "class": "rect",
                "height": 138,
                "width": 150,
                "x": 48,
                "y": 50
            }
        ],
        "class": "image",
        "filename": "hwb063.jpeg"
    },
	{
        "annotations": [
            {
                "class": "rect",
                "height": 93,
                "width": 38,
                "x": 89,
                "y": 108
            }
        ],
        "class": "image",
        "filename": "hwb095.jpeg"
    },
	{
        "annotations": [
            {
                "class": "rect",
                "height": 112,
                "width": 93,
                "x": 0,
                "y": 63
            }
        ],
        "class": "image",
        "filename": "hwb034.jpeg"
    },
	{
        "annotations": [
            {
                "class": "rect",
                "height": 39,
                "width": 79,
                "x": 68,
                "y": 44
            }
        ],
        "class": "image",
        "filename": "hwb066.jpeg"
    },
	{
        "annotations": [
            {
                "class": "rect",
                "height": 112,
                "width": 221,
                "x": 3,
                "y": 47
            }
        ],
        "class": "image",
        "filename": "hwb098.jpeg"
    },
	{
        "annotations": [
            {
                "class": "rect",
                "height": 134,
                "width": 195,
                "x": 29,
                "y": 90
            }
        ],
        "class": "image",
        "filename": "hwb005.jpeg"
    },
	{
        "annotations": [
            {
                "class": "rect",
                "height": 183,
                "width": 224,
                "x": 0,
                "y": 15
            }
        ],
        "class": "image",
        "filename": "hwb037.jpeg"
    },
	{
        "annotations": [
            {
                "class": "rect",
                "height": 149,
                "width": 144,
                "x": 0,
                "y": 49
            }
        ],
        "class": "image",
        "filename": "hwb069.jpeg"
    },
	{
        "annotations": [
            {
                "class": "rect",
                "height": 87,
                "width": 200,
                "x": 11,
                "y": 48
            }
        ],
        "class": "image",
        "filename": "hwb001.jpeg"
    },
	{
        "annotations": [
            {
                "class": "rect",
                "height": 217,
                "width": 223,
                "x": 1,
                "y": 3
            }
        ],
        "class": "image",
        "filename": "hwb008.jpeg"
    },
	{
        "annotations": [
            {
                "class": "rect",
                "height": 76,
                "width": 211,
                "x": 5,
                "y": 132
            }
        ],
        "class": "image",
        "filename": "hwb040.jpeg"
    },
	{
        "annotations": [
            {
                "class": "rect",
                "height": 196,
                "width": 151,
                "x": 30,
                "y": 25
            }
        ],
        "class": "image",
        "filename": "hwb072.jpeg"
    },
	{
        "annotations": [
            {
                "class": "rect",
                "height": 66,
                "width": 77,
                "x": 122,
                "y": 94
            }
        ],
        "class": "image",
        "filename": "hwb011.jpeg"
    },
	{
        "annotations": [
            {
                "class": "rect",
                "height": 85,
                "width": 61,
                "x": 55,
                "y": 56
            }
        ],
        "class": "image",
        "filename": "hwb043.jpeg"
    },
	{
        "annotations": [
            {
                "class": "rect",
                "height": 211,
                "width": 173,
                "x": 49,
                "y": 13
            }
        ],
        "class": "image",
        "filename": "hwb075.jpeg"
    },
	{
        "annotations": [
            {
                "class": "rect",
                "height": 160,
                "width": 195,
                "x": 16,
                "y": 28
            }
        ],
        "class": "image",
        "filename": "hwb014.jpeg"
    },
	{
        "annotations": [
            {
                "class": "rect",
                "height": 90,
                "width": 179,
                "x": 21,
                "y": 63
            }
        ],
        "class": "image",
        "filename": "hwb046.jpeg"
    },
	{
        "annotations": [
            {
                "class": "rect",
                "height": 192,
                "width": 38,
                "x": 48,
                "y": 0
            }
        ],
        "class": "image",
        "filename": "hwb078.jpeg"
    },
	{
        "annotations": [
            {
                "class": "rect",
                "height": 87,
                "width": 182,
                "x": 0,
                "y": 61
            }
        ],
        "class": "image",
        "filename": "hwb017.jpeg"
    },
	{
        "annotations": [
            {
                "class": "rect",
                "height": 92,
                "width": 84,
                "x": 71,
                "y": 62
            }
        ],
        "class": "image",
        "filename": "hwb049.jpeg"
    },
	{
        "annotations": [
            {
                "class": "rect",
                "height": 108,
                "width": 62,
                "x": 124,
                "y": 23
            }
        ],
        "class": "image",
        "filename": "hwb081.jpeg"
    },
	{
        "annotations": [
            {
                "class": "rect",
                "height": 93,
                "width": 204,
                "x": 11,
                "y": 55
            }
        ],
        "class": "image",
        "filename": "hwb020.jpeg"
    },
	{
        "annotations": [
            {
                "class": "rect",
                "height": 130,
                "width": 167,
                "x": 35,
                "y": 53
            }
        ],
        "class": "image",
        "filename": "hwb052.jpeg"
    },
	{
        "annotations": [
            {
                "class": "rect",
                "height": 49,
                "width": 137,
                "x": 55,
                "y": 61
            }
        ],
        "class": "image",
        "filename": "hwb084.jpeg"
    },
	{
        "annotations": [
            {
                "class": "rect",
                "height": 95,
                "width": 190,
                "x": 34,
                "y": 73
            }
        ],
        "class": "image",
        "filename": "hwb023.jpeg"
    },
	{
        "annotations": [
            {
                "class": "rect",
                "height": 104,
                "width": 159,
                "x": 65,
                "y": 117
            }
        ],
        "class": "image",
        "filename": "hwb055.jpeg"
    },
	{
        "annotations": [
            {
                "class": "rect",
                "height": 145,
                "width": 208,
                "x": 16,
                "y": 25
            }
        ],
        "class": "image",
        "filename": "hwb087.jpeg"
    },
	{
        "annotations": [
            {
                "class": "rect",
                "height": 100,
                "width": 199,
                "x": 6,
                "y": 54
            }
        ],
        "class": "image",
        "filename": "hwb026.jpeg"
    },
	{
        "annotations": [
            {
                "class": "rect",
                "height": 138,
                "width": 221,
                "x": 0,
                "y": 36
            }
        ],
        "class": "image",
        "filename": "hwb058.jpeg"
    },
	{
        "annotations": [
            {
                "class": "rect",
                "height": 144,
                "width": 100,
                "x": 78,
                "y": 24
            }
        ],
        "class": "image",
        "filename": "hwb090.jpeg"
    },
	{
        "annotations": [
            {
                "class": "rect",
                "height": 172,
                "width": 98,
                "x": 108,
                "y": 11
            }
        ],
        "class": "image",
        "filename": "hwb029.jpeg"
    },
	{
        "annotations": [
            {
                "class": "rect",
                "height": 96,
                "width": 145,
                "x": 19,
                "y": 78
            }
        ],
        "class": "image",
        "filename": "hwb061.jpeg"
    },
	{
        "annotations": [
            {
                "class": "rect",
                "height": 46,
                "width": 64,
                "x": 43,
                "y": 106
            }
        ],
        "class": "image",
        "filename": "hwb093.jpeg"
    },
	{
        "annotations": [
            {
                "class": "rect",
                "height": 58,
                "width": 158,
                "x": 42,
                "y": 83
            }
        ],
        "class": "image",
        "filename": "hwb032.jpeg"
    },
	{
        "annotations": [
            {
                "class": "rect",
                "height": 115,
                "width": 187,
                "x": 22,
                "y": 41
            }
        ],
        "class": "image",
        "filename": "hwb064.jpeg"
    },
	{
        "annotations": [
            {
                "class": "rect",
                "height": 209,
                "width": 213,
                "x": 5,
                "y": 8
            }
        ],
        "class": "image",
        "filename": "hwb096.jpeg"
    },
	{
        "annotations": [
            {
                "class": "rect",
                "height": 113,
                "width": 160,
                "x": 59,
                "y": 105
            }
        ],
        "class": "image",
        "filename": "hwb035.jpeg"
    },
	{
        "annotations": [
            {
                "class": "rect",
                "height": 67,
                "width": 118,
                "x": 69,
                "y": 77
            }
        ],
        "class": "image",
        "filename": "hwb067.jpeg"
    },
	{
        "annotations": [
            {
                "class": "rect",
                "height": 72,
                "width": 189,
                "x": 25,
                "y": 68
            }
        ],
        "class": "image",
        "filename": "hwb099.jpeg"
    },
	{
        "annotations": [
            {
                "class": "rect",
                "height": 185,
                "width": 206,
                "x": 15,
                "y": 29
            }
        ],
        "class": "image",
        "filename": "hwb006.jpeg"
    },
	{
        "annotations": [
            {
                "class": "rect",
                "height": 37,
                "width": 79,
                "x": 78,
                "y": 142
            }
        ],
        "class": "image",
        "filename": "hwb038.jpeg"
    },
	{
        "annotations": [
            {
                "class": "rect",
                "height": 89,
                "width": 48,
                "x": 83,
                "y": 74
            }
        ],
        "class": "image",
        "filename": "hwb070.jpeg"
    },
	{
        "annotations": [
            {
                "class": "rect",
                "height": 108,
                "width": 175,
                "x": 26,
                "y": 64
            }
        ],
        "class": "image",
        "filename": "hwb002.jpeg"
    },
	{
        "annotations": [
            {
                "class": "rect",
                "height": 89,
                "width": 172,
                "x": 4,
                "y": 101
            }
        ],
        "class": "image",
        "filename": "hwb009.jpeg"
    },
	{
        "annotations": [
            {
                "class": "rect",
                "height": 113,
                "width": 206,
                "x": 8,
                "y": 85
            }
        ],
        "class": "image",
        "filename": "hwb041.jpeg"
    },
	{
        "annotations": [
            {
                "class": "rect",
                "height": 95,
                "width": 165,
                "x": 38,
                "y": 49
            }
        ],
        "class": "image",
        "filename": "hwb073.jpeg"
    },
	{
        "annotations": [
            {
                "class": "rect",
                "height": 122,
                "width": 67,
                "x": 70,
                "y": 27
            }
        ],
        "class": "image",
        "filename": "hwb012.jpeg"
    },
	{
        "annotations": [
            {
                "class": "rect",
                "height": 100,
                "width": 159,
                "x": 65,
                "y": 116
            }
        ],
        "class": "image",
        "filename": "hwb044.jpeg"
    },
	{
        "annotations": [
            {
                "class": "rect",
                "height": 95,
                "width": 161,
                "x": 43,
                "y": 83
            }
        ],
        "class": "image",
        "filename": "hwb076.jpeg"
    },
	{
        "annotations": [
            {
                "class": "rect",
                "height": 93,
                "width": 203,
                "x": 11,
                "y": 54
            }
        ],
        "class": "image",
        "filename": "hwb015.jpeg"
    },
	{
        "annotations": [
            {
                "class": "rect",
                "height": 206,
                "width": 214,
                "x": 2,
                "y": 3
            }
        ],
        "class": "image",
        "filename": "hwb047.jpeg"
    },
	{
        "annotations": [
            {
                "class": "rect",
                "height": 110,
                "width": 160,
                "x": 0,
                "y": 88
            }
        ],
        "class": "image",
        "filename": "hwb079.jpeg"
    },
	{
        "annotations": [
            {
                "class": "rect",
                "height": 41,
                "width": 87,
                "x": 63,
                "y": 141
            }
        ],
        "class": "image",
        "filename": "hwb018.jpeg"
    },
	{
        "annotations": [
            {
                "class": "rect",
                "height": 86,
                "width": 198,
                "x": 9,
                "y": 74
            }
        ],
        "class": "image",
        "filename": "hwb050.jpeg"
    },
	{
        "annotations": [
            {
                "class": "rect",
                "height": 59,
                "width": 84,
                "x": 88,
                "y": 142
            }
        ],
        "class": "image",
        "filename": "hwb082.jpeg"
    },
	{
        "annotations": [
            {
                "class": "rect",
                "height": 72,
                "width": 91,
                "x": 68,
                "y": 82
            }
        ],
        "class": "image",
        "filename": "hwb021.jpeg"
    },
	{
        "annotations": [
            {
                "class": "rect",
                "height": 218,
                "width": 214,
                "x": 10,
                "y": 4
            }
        ],
        "class": "image",
        "filename": "hwb053.jpeg"
    },
	{
        "annotations": [
            {
                "class": "rect",
                "height": 85,
                "width": 98,
                "x": 13,
                "y": 12
            }
        ],
        "class": "image",
        "filename": "hwb085.jpeg"
    }
]