[
	{
        "annotations": [
            {
                "class": "rect",
                "height": 201,
                "width": 151,
                "x": 31,
                "y": 11
            }
        ],
        "class": "image",
        "filename": "mgt021.jpg"
    },
	{
        "annotations": [
            {
                "class": "rect",
                "height": 185,
                "width": 39,
                "x": 137,
                "y": 39
            }
        ],
        "class": "image",
        "filename": "mgt053.jpg"
    },
	{
        "annotations": [
            {
                "class": "rect",
                "height": 85,
                "width": 217,
                "x": 5,
                "y": 83
            }
        ],
        "class": "image",
        "filename": "mgt085.jpg"
    },
	{
        "annotations": [
            {
                "class": "rect",
                "height": 208,
                "width": 219,
                "x": 3,
                "y": 9
            }
        ],
        "class": "image",
        "filename": "mgt024.jpg"
    },
	{
        "annotations": [
            {
                "class": "rect",
                "height": 199,
                "width": 121,
                "x": 1,
                "y": 10
            }
        ],
        "class": "image",
        "filename": "mgt056.jpg"
    },
	{
        "annotations": [
            {
                "class": "rect",
                "height": 167,
                "width": 169,
                "x": 44,
                "y": 57
            }
        ],
        "class": "image",
        "filename": "mgt088.jpg"
    },
	{
        "annotations": [
            {
                "class": "rect",
                "height": 65,
                "width": 207,
                "x": 11,
                "y": 67
            }
        ],
        "class": "image",
        "filename": "mgt027.jpg"
    },
	{
        "annotations": [
            {
                "class": "rect",
                "height": 81,
                "width": 179,
                "x": 22,
                "y": 55
            }
        ],
        "class": "image",
        "filename": "mgt059.jpg"
    },
	{
        "annotations": [
            {
                "class": "rect",
                "height": 164,
                "width": 170,
                "x": 45,
                "y": 60
            }
        ],
        "class": "image",
        "filename": "mgt091.jpg"
    },
	{
        "annotations": [
            {
                "class": "rect",
                "height": 169,
                "width": 44,
                "x": 116,
                "y": 26
            }
        ],
        "class": "image",
        "filename": "mgt030.jpg"
    },
	{
        "annotations": [
            {
                "class": "rect",
                "height": 190,
                "width": 206,
                "x": 5,
                "y": 16
            }
        ],
        "class": "image",
        "filename": "mgt062.jpg"
    },
	{
        "annotations": [
            {
                "class": "rect",
                "height": 79,
                "width": 215,
                "x": 9,
                "y": 79
            }
        ],
        "class": "image",
        "filename": "mgt094.jpg"
    },
	{
        "annotations": [
            {
                "class": "rect",
                "height": 80,
                "width": 224,
                "x": 0,
                "y": 52
            }
        ],
        "class": "image",
        "filename": "mgt001.jpg"
    },
	{
        "annotations": [
            {
                "class": "rect",
                "height": 111,
                "width": 208,
                "x": 10,
                "y": 64
            }
        ],
        "class": "image",
        "filename": "mgt033.jpg"
    },
	{
        "annotations": [
            {
                "class": "rect",
                "height": 177,
                "width": 28,
                "x": 65,
                "y": 47
            }
        ],
        "class": "image",
        "filename": "mgt065.jpg"
    },
	{
        "annotations": [
            {
                "class": "rect",
                "height": 104,
                "width": 197,
                "x": 17,
                "y": 51
            }
        ],
        "class": "image",
        "filename": "mgt097.jpg"
    },
	{
        "annotations": [
            {
                "class": "rect",
                "height": 83,
                "width": 221,
                "x": 2,
                "y": 76
            }
        ],
        "class": "image",
        "filename": "mgt004.jpg"
    },
	{
        "annotations": [
            {
                "class": "rect",
                "height": 216,
                "width": 223,
                "x": 1,
                "y": 4
            }
        ],
        "class": "image",
        "filename": "mgt036.jpg"
    },
	{
        "annotations": [
            {
                "class": "rect",
                "height": 200,
                "width": 216,
                "x": 4,
                "y": 14
            }
        ],
        "class": "image",
        "filename": "mgt068.jpg"
    },
	{
        "annotations": [
            {
                "class": "rect",
                "height": 195,
                "width": 106,
                "x": 69,
                "y": 16
            }
        ],
        "class": "image",
        "filename": "mgt100.jpg"
    },
	{
        "annotations": [
            {
                "class": "rect",
                "height": 170,
                "width": 209,
                "x": 10,
                "y": 31
            }
        ],
        "class": "image",
        "filename": "mgt007.jpg"
    },
	{
        "annotations": [
            {
                "class": "rect",
                "height": 204,
                "width": 221,
                "x": 1,
                "y": 6
            }
        ],
        "class": "image",
        "filename": "mgt039.jpg"
    },
	{
        "annotations": [
            {
                "class": "rect",
                "height": 90,
                "width": 202,
                "x": 15,
                "y": 59
            }
        ],
        "class": "image",
        "filename": "mgt071.jpg"
    },
	{
        "annotations": [
            {
                "class": "rect",
                "height": 212,
                "width": 117,
                "x": 105,
                "y": 12
            }
        ],
        "class": "image",
        "filename": "mgt010.jpg"
    },
	{
        "annotations": [
            {
                "class": "rect",
                "height": 212,
                "width": 215,
                "x": 7,
                "y": 2
            }
        ],
        "class": "image",
        "filename": "mgt042.jpg"
    },
	{
        "annotations": [
            {
                "class": "rect",
                "height": 92,
                "width": 221,
                "x": 1,
                "y": 46
            }
        ],
        "class": "image",
        "filename": "mgt074.jpg"
    },
	{
        "annotations": [
            {
                "class": "rect",
                "height": 82,
                "width": 206,
                "x": 13,
                "y": 69
            }
        ],
        "class": "image",
        "filename": "mgt013.jpg"
    },
	{
        "annotations": [
            {
                "class": "rect",
                "height": 156,
                "width": 158,
                "x": 15,
                "y": 68
            }
        ],
        "class": "image",
        "filename": "mgt045.jpg"
    },
	{
        "annotations": [
            {
                "class": "rect",
                "height": 185,
                "width": 99,
                "x": 108,
                "y": 25
            }
        ],
        "class": "image",
        "filename": "mgt077.jpg"
    },
	{
        "annotations": [
            {
                "class": "rect",
                "height": 96,
                "width": 151,
                "x": 73,
                "y": 107
            }
        ],
        "class": "image",
        "filename": "mgt016.jpg"
    },
	{
        "annotations": [
            {
                "class": "rect",
                "height": 131,
                "width": 89,
                "x": 87,
                "y": 36
            }
        ],
        "class": "image",
        "filename": "mgt048.jpg"
    },
	{
        "annotations": [
            {
                "class": "rect",
                "height": 37,
                "width": 72,
                "x": 93,
                "y": 69
            }
        ],
        "class": "image",
        "filename": "mgt080.jpg"
    },
	{
        "annotations": [
            {
                "class": "rect",
                "height": 80,
                "width": 224,
                "x": 0,
                "y": 67
            }
        ],
        "class": "image",
        "filename": "mgt019.jpg"
    },
	{
        "annotations": [
            {
                "class": "rect",
                "height": 107,
                "width": 38,
                "x": 47,
                "y": 59
            }
        ],
        "class": "image",
        "filename": "mgt051.jpg"
    },
	{
        "annotations": [
            {
                "class": "rect",
                "height": 147,
                "width": 161,
                "x": 63,
                "y": 42
            }
        ],
        "class": "image",
        "filename": "mgt083.jpg"
    },
	{
        "annotations": [
            {
                "class": "rect",
                "height": 91,
                "width": 32,
                "x": 69,
                "y": 60
            }
        ],
        "class": "image",
        "filename": "mgt022.jpg"
    },
	{
        "annotations": [
            {
                "class": "rect",
                "height": 75,
                "width": 118,
                "x": 106,
                "y": 5
            }
        ],
        "class": "image",
        "filename": "mgt054.jpg"
    },
	{
        "annotations": [
            {
                "class": "rect",
                "height": 100,
                "width": 144,
                "x": 0,
                "y": 82
            }
        ],
        "class": "image",
        "filename": "mgt086.jpg"
    },
	{
        "annotations": [
            {
                "class": "rect",
                "height": 172,
                "width": 212,
                "x": 7,
                "y": 16
            }
        ],
        "class": "image",
        "filename": "mgt025.jpg"
    },
	{
        "annotations": [
            {
                "class": "rect",
                "height": 90,
                "width": 188,
                "x": 16,
                "y": 60
            }
        ],
        "class": "image",
        "filename": "mgt057.jpg"
    },
	{
        "annotations": [
            {
                "class": "rect",
                "height": 70,
                "width": 214,
                "x": 3,
                "y": 83
            }
        ],
        "class": "image",
        "filename": "mgt089.jpg"
    },
	{
        "annotations": [
            {
                "class": "rect",
                "height": 206,
                "width": 67,
                "x": 57,
                "y": 1
            }
        ],
        "class": "image",
        "filename": "mgt028.jpg"
    },
	{
        "annotations": [
            {
                "class": "rect",
                "height": 82,
                "width": 206,
                "x": 11,
                "y": 65
            }
        ],
        "class": "image",
        "filename": "mgt060.jpg"
    },
	{
        "annotations": [
            {
                "class": "rect",
                "height": 82,
                "width": 204,
                "x": 20,
                "y": 100
            }
        ],
        "class": "image",
        "filename": "mgt092.jpg"
    },
	{
        "annotations": [
            {
                "class": "rect",
                "height": 196,
                "width": 90,
                "x": 32,
                "y": 0
            }
        ],
        "class": "image",
        "filename": "mgt031.jpg"
    },
	{
        "annotations": [
            {
                "class": "rect",
                "height": 63,
                "width": 211,
                "x": 3,
                "y": 81
            }
        ],
        "class": "image",
        "filename": "mgt063.jpg"
    },
	{
        "annotations": [
            {
                "class": "rect",
                "height": 108,
                "width": 191,
                "x": 21,
                "y": 53
            }
        ],
        "class": "image",
        "filename": "mgt095.jpeg"
    },
	{
        "annotations": [
            {
                "class": "rect",
                "height": 180,
                "width": 210,
                "x": 5,
                "y": 32
            }
        ],
        "class": "image",
        "filename": "mgt002.jpg"
    },
	{
        "annotations": [
            {
                "class": "rect",
                "height": 69,
                "width": 192,
                "x": 14,
                "y": 97
            }
        ],
        "class": "image",
        "filename": "mgt034.jpg"
    },
	{
        "annotations": [
            {
                "class": "rect",
                "height": 135,
                "width": 154,
                "x": 70,
                "y": 20
            }
        ],
        "class": "image",
        "filename": "mgt066.jpg"
    },
	{
        "annotations": [
            {
                "class": "rect",
                "height": 124,
                "width": 194,
                "x": 30,
                "y": 54
            }
        ],
        "class": "image",
        "filename": "mgt098.jpg"
    },
	{
        "annotations": [
            {
                "class": "rect",
                "height": 71,
                "width": 209,
                "x": 9,
                "y": 107
            }
        ],
        "class": "image",
        "filename": "mgt005.jpg"
    },
	{
        "annotations": [
            {
                "class": "rect",
                "height": 185,
                "width": 105,
                "x": 39,
                "y": 19
            }
        ],
        "class": "image",
        "filename": "mgt037.jpg"
    },
	{
        "annotations": [
            {
                "class": "rect",
                "height": 84,
                "width": 207,
                "x": 14,
                "y": 68
            }
        ],
        "class": "image",
        "filename": "mgt069.jpg"
    },
	{
        "annotations": [
            {
                "class": "rect",
                "height": 198,
                "width": 127,
                "x": 11,
                "y": 26
            }
        ],
        "class": "image",
        "filename": "mgt008.jpg"
    },
	{
        "annotations": [
            {
                "class": "rect",
                "height": 84,
                "width": 129,
                "x": 62,
                "y": 77
            }
        ],
        "class": "image",
        "filename": "mgt040.jpg"
    },
	{
        "annotations": [
            {
                "class": "rect",
                "height": 217,
                "width": 223,
                "x": 1,
                "y": 3
            }
        ],
        "class": "image",
        "filename": "mgt072.jpg"
    },
	{
        "annotations": [
            {
                "class": "rect",
                "height": 29,
                "width": 71,
                "x": 57,
                "y": 106
            }
        ],
        "class": "image",
        "filename": "mgt011.jpg"
    },
	{
        "annotations": [
            {
                "class": "rect",
                "height": 220,
                "width": 179,
                "x": 22,
                "y": 2
            }
        ],
        "class": "image",
        "filename": "mgt043.jpg"
    },
	{
        "annotations": [
            {
                "class": "rect",
                "height": 125,
                "width": 195,
                "x": 29,
                "y": 54
            }
        ],
        "class": "image",
        "filename": "mgt075.jpg"
    },
	{
        "annotations": [
            {
                "class": "rect",
                "height": 136,
                "width": 142,
                "x": 21,
                "y": 38
            }
        ],
        "class": "image",
        "filename": "mgt014.jpg"
    },
	{
        "annotations": [
            {
                "class": "rect",
                "height": 58,
                "width": 187,
                "x": 16,
                "y": 98
            }
        ],
        "class": "image",
        "filename": "mgt046.jpg"
    },
	{
        "annotations": [
            {
                "class": "rect",
                "height": 112,
                "width": 201,
                "x": 15,
                "y": 62
            }
        ],
        "class": "image",
        "filename": "mgt078.jpg"
    },
	{
        "annotations": [
            {
                "class": "rect",
                "height": 129,
                "width": 174,
                "x": 36,
                "y": 6
            }
        ],
        "class": "image",
        "filename": "mgt017.jpg"
    },
	{
        "annotations": [
            {
                "class": "rect",
                "height": 20,
                "width": 54,
                "x": 77,
                "y": 171
            }
        ],
        "class": "image",
        "filename": "mgt049.jpg"
    },
	{
        "annotations": [
            {
                "class": "rect",
                "height": 16,
                "width": 39,
                "x": 27,
                "y": 163
            }
        ],
        "class": "image",
        "filename": "mgt081.jpg"
    },
	{
        "annotations": [
            {
                "class": "rect",
                "height": 168,
                "width": 34,
                "x": 99,
                "y": 52
            }
        ],
        "class": "image",
        "filename": "mgt020.jpg"
    },
	{
        "annotations": [
            {
                "class": "rect",
                "height": 89,
                "width": 71,
                "x": 35,
                "y": 99
            }
        ],
        "class": "image",
        "filename": "mgt052.jpg"
    },
	{
        "annotations": [
            {
                "class": "rect",
                "height": 34,
                "width": 114,
                "x": 36,
                "y": 114
            }
        ],
        "class": "image",
        "filename": "mgt084.jpg"
    },
	{
        "annotations": [
            {
                "class": "rect",
                "height": 81,
                "width": 224,
                "x": 0,
                "y": 90
            }
        ],
        "class": "image",
        "filename": "mgt023.jpg"
    },
	{
        "annotations": [
            {
                "class": "rect",
                "height": 190,
                "width": 205,
                "x": 4,
                "y": 7
            }
        ],
        "class": "image",
        "filename": "mgt055.jpg"
    },
	{
        "annotations": [
            {
                "class": "rect",
                "height": 67,
                "width": 128,
                "x": 16,
                "y": 104
            }
        ],
        "class": "image",
        "filename": "mgt087.jpg"
    },
	{
        "annotations": [
            {
                "class": "rect",
                "height": 212,
                "width": 169,
                "x": 2,
                "y": 10
            }
        ],
        "class": "image",
        "filename": "mgt026.jpg"
    },
	{
        "annotations": [
            {
                "class": "rect",
                "height": 92,
                "width": 159,
                "x": 27,
                "y": 60
            }
        ],
        "class": "image",
        "filename": "mgt058.jpg"
    },
	{
        "annotations": [
            {
                "class": "rect",
                "height": 58,
                "width": 213,
                "x": 11,
                "y": 92
            }
        ],
        "class": "image",
        "filename": "mgt090.jpg"
    },
	{
        "annotations": [
            {
                "class": "rect",
                "height": 14,
                "width": 58,
                "x": 15,
                "y": 115
            }
        ],
        "class": "image",
        "filename": "mgt029.jpg"
    },
	{
        "annotations": [
            {
                "class": "rect",
                "height": 178,
                "width": 169,
                "x": 55,
                "y": 41
            }
        ],
        "class": "image",
        "filename": "mgt061.jpg"
    },
	{
        "annotations": [
            {
                "class": "rect",
                "height": 73,
                "width": 172,
                "x": 39,
                "y": 71
            }
        ],
        "class": "image",
        "filename": "mgt093.jpg"
    },
	{
        "annotations": [
            {
                "class": "rect",
                "height": 221,
                "width": 161,
                "x": 63,
                "y": 3
            }
        ],
        "class": "image",
        "filename": "mgt032.jpg"
    },
	{
        "annotations": [
            {
                "class": "rect",
                "height": 83,
                "width": 189,
                "x": 16,
                "y": 78
            }
        ],
        "class": "image",
        "filename": "mgt064.jpg"
    },
	{
        "annotations": [
            {
                "class": "rect",
                "height": 108,
                "width": 192,
                "x": 22,
                "y": 53
            }
        ],
        "class": "image",
        "filename": "mgt096.jpg"
    },
	{
        "annotations": [
            {
                "class": "rect",
                "height": 106,
                "width": 212,
                "x": 6,
                "y": 23
            }
        ],
        "class": "image",
        "filename": "mgt003.jpg"
    },
	{
        "annotations": [
            {
                "class": "rect",
                "height": 182,
                "width": 224,
                "x": 0,
                "y": 15
            }
        ],
        "class": "image",
        "filename": "mgt035.jpg"
    },
	{
        "annotations": [
            {
                "class": "rect",
                "height": 178,
                "width": 207,
                "x": 8,
                "y": 23
            }
        ],
        "class": "image",
        "filename": "mgt067.jpg"
    },
	{
        "annotations": [
            {
                "class": "rect",
                "height": 189,
                "width": 62,
                "x": 66,
                "y": 14
            }
        ],
        "class": "image",
        "filename": "mgt099.jpg"
    },
	{
        "annotations": [
            {
                "class": "rect",
                "height": 125,
                "width": 218,
                "x": 4,
                "y": 39
            }
        ],
        "class": "image",
        "filename": "mgt006.jpg"
    },
	{
        "annotations": [
            {
                "class": "rect",
                "height": 188,
                "width": 210,
                "x": 8,
                "y": 8
            }
        ],
        "class": "image",
        "filename": "mgt038.jpg"
    },
	{
        "annotations": [
            {
                "class": "rect",
                "height": 106,
                "width": 195,
                "x": 15,
                "y": 50
            }
        ],
        "class": "image",
        "filename": "mgt070.jpg"
    },
	{
        "annotations": [
            {
                "class": "rect",
                "height": 172,
                "width": 41,
                "x": 96,
                "y": 11
            }
        ],
        "class": "image",
        "filename": "mgt009.jpg"
    },
	{
        "annotations": [
            {
                "class": "rect",
                "height": 79,
                "width": 45,
                "x": 112,
                "y": 81
            }
        ],
        "class": "image",
        "filename": "mgt041.jpg"
    },
	{
        "annotations": [
            {
                "class": "rect",
                "height": 85,
                "width": 185,
                "x": 17,
                "y": 66
            }
        ],
        "class": "image",
        "filename": "mgt073.jpg"
    },
	{
        "annotations": [
            {
                "class": "rect",
                "height": 61,
                "width": 179,
                "x": 30,
                "y": 96
            }
        ],
        "class": "image",
        "filename": "mgt012.jpg"
    },
	{
        "annotations": [
            {
                "class": "rect",
                "height": 75,
                "width": 209,
                "x": 11,
                "y": 92
            }
        ],
        "class": "image",
        "filename": "mgt044.jpg"
    },
	{
        "annotations": [
            {
                "class": "rect",
                "height": 92,
                "width": 161,
                "x": 11,
                "y": 83
            }
        ],
        "class": "image",
        "filename": "mgt076.jpg"
    },
	{
        "annotations": [
            {
                "class": "rect",
                "height": 175,
                "width": 24,
                "x": 110,
                "y": 34
            }
        ],
        "class": "image",
        "filename": "mgt015.jpg"
    },
	{
        "annotations": [
            {
                "class": "rect",
                "height": 147,
                "width": 112,
                "x": 87,
                "y": 60
            }
        ],
        "class": "image",
        "filename": "mgt047.jpg"
    },
	{
        "annotations": [
            {
                "class": "rect",
                "height": 9,
                "width": 29,
                "x": 90,
                "y": 182
            }
        ],
        "class": "image",
        "filename": "mgt079.jpg"
    },
	{
        "annotations": [
            {
                "class": "rect",
                "height": 209,
                "width": 215,
                "x": 3,
                "y": 7
            }
        ],
        "class": "image",
        "filename": "mgt018.jpg"
    },
	{
        "annotations": [
            {
                "class": "rect",
                "height": 81,
                "width": 70,
                "x": 118,
                "y": 143
            }
        ],
        "class": "image",
        "filename": "mgt050.jpg"
    },
	{
        "annotations": [
            {
                "class": "rect",
                "height": 94,
                "width": 167,
                "x": 55,
                "y": 65
            }
        ],
        "class": "image",
        "filename": "mgt082.jpg"
    }
]