[
	{
        "annotations": [
            {
                "class": "rect",
                "height": 44,
                "width": 101,
                "x": 98,
                "y": 102
            }
        ],
        "class": "image",
        "filename": "slm021.jpg"
    },
	{
        "annotations": [
            {
                "class": "rect",
                "height": 151,
                "width": 75,
                "x": 91,
                "y": 23
            }
        ],
        "class": "image",
        "filename": "slm053.jpg"
    },
	{
        "annotations": [
            {
                "class": "rect",
                "height": 76,
                "width": 114,
                "x": 35,
                "y": 128
            }
        ],
        "class": "image",
        "filename": "slm085.jpg"
    },
	{
        "annotations": [
            {
                "class": "rect",
                "height": 29,
                "width": 38,
                "x": 66,
                "y": 26
            }
        ],
        "class": "image",
        "filename": "slm024.jpg"
    },
	{
        "annotations": [
            {
                "class": "rect",
                "height": 74,
                "width": 168,
                "x": 28,
                "y": 70
            }
        ],
        "class": "image",
        "filename": "slm056.jpg"
    },
	{
        "annotations": [
            {
                "class": "rect",
                "height": 217,
                "width": 223,
                "x": 1,
                "y": 2
            }
        ],
        "class": "image",
        "filename": "slm088.jpg"
    },
	{
        "annotations": [
            {
                "class": "rect",
                "height": 134,
                "width": 95,
                "x": 84,
                "y": 30
            }
        ],
        "class": "image",
        "filename": "slm027.jpg"
    },
	{
        "annotations": [
            {
                "class": "rect",
                "height": 220,
                "width": 221,
                "x": 3,
                "y": 4
            }
        ],
        "class": "image",
        "filename": "slm059.jpg"
    },
	{
        "annotations": [
            {
                "class": "rect",
                "height": 110,
                "width": 220,
                "x": 1,
                "y": 57
            }
        ],
        "class": "image",
        "filename": "slm091.jpg"
    },
	{
        "annotations": [
            {
                "class": "rect",
                "height": 170,
                "width": 202,
                "x": 9,
                "y": 22
            }
        ],
        "class": "image",
        "filename": "slm030.jpg"
    },
	{
        "annotations": [
            {
                "class": "rect",
                "height": 141,
                "width": 209,
                "x": 10,
                "y": 46
            }
        ],
        "class": "image",
        "filename": "slm062.jpg"
    },
	{
        "annotations": [
            {
                "class": "rect",
                "height": 140,
                "width": 224,
                "x": 0,
                "y": 43
            }
        ],
        "class": "image",
        "filename": "slm094.jpg"
    },
	{
        "annotations": [
            {
                "class": "rect",
                "height": 223,
                "width": 222,
                "x": 2,
                "y": 1
            }
        ],
        "class": "image",
        "filename": "slm001.jpg"
    },
	{
        "annotations": [
            {
                "class": "rect",
                "height": 187,
                "width": 208,
                "x": 0,
                "y": 37
            }
        ],
        "class": "image",
        "filename": "slm033.jpg"
    },
	{
        "annotations": [
            {
                "class": "rect",
                "height": 86,
                "width": 172,
                "x": 0,
                "y": 136
            }
        ],
        "class": "image",
        "filename": "slm065.jpg"
    },
	{
        "annotations": [
            {
                "class": "rect",
                "height": 125,
                "width": 181,
                "x": 30,
                "y": 38
            }
        ],
        "class": "image",
        "filename": "slm097.jpg"
    },
	{
        "annotations": [
            {
                "class": "rect",
                "height": 64,
                "width": 67,
                "x": 79,
                "y": 88
            }
        ],
        "class": "image",
        "filename": "slm004.jpg"
    },
	{
        "annotations": [
            {
                "class": "rect",
                "height": 130,
                "width": 220,
                "x": 0,
                "y": 45
            }
        ],
        "class": "image",
        "filename": "slm036.jpg"
    },
	{
        "annotations": [
            {
                "class": "rect",
                "height": 223,
                "width": 222,
                "x": 0,
                "y": 1
            }
        ],
        "class": "image",
        "filename": "slm068.jpg"
    },
	{
        "annotations": [
            {
                "class": "rect",
                "height": 115,
                "width": 76,
                "x": 69,
                "y": 47
            }
        ],
        "class": "image",
        "filename": "slm100.jpg"
    },
	{
        "annotations": [
            {
                "class": "rect",
                "height": 118,
                "width": 87,
                "x": 111,
                "y": 54
            }
        ],
        "class": "image",
        "filename": "slm007.jpg"
    },
	{
        "annotations": [
            {
                "class": "rect",
                "height": 107,
                "width": 116,
                "x": 101,
                "y": 75
            }
        ],
        "class": "image",
        "filename": "slm039.jpg"
    },
	{
        "annotations": [
            {
                "class": "rect",
                "height": 168,
                "width": 198,
                "x": 0,
                "y": 16
            }
        ],
        "class": "image",
        "filename": "slm071.jpg"
    },
	{
        "annotations": [
            {
                "class": "rect",
                "height": 52,
                "width": 95,
                "x": 58,
                "y": 104
            }
        ],
        "class": "image",
        "filename": "slm010.jpg"
    },
	{
        "annotations": [
            {
                "class": "rect",
                "height": 84,
                "width": 106,
                "x": 97,
                "y": 74
            }
        ],
        "class": "image",
        "filename": "slm042.jpg"
    },
	{
        "annotations": [
            {
                "class": "rect",
                "height": 99,
                "width": 214,
                "x": 10,
                "y": 72
            }
        ],
        "class": "image",
        "filename": "slm074.jpg"
    },
	{
        "annotations": [
            {
                "class": "rect",
                "height": 98,
                "width": 127,
                "x": 23,
                "y": 86
            }
        ],
        "class": "image",
        "filename": "slm013.jpg"
    },
	{
        "annotations": [
            {
                "class": "rect",
                "height": 201,
                "width": 219,
                "x": 5,
                "y": 19
            }
        ],
        "class": "image",
        "filename": "slm045.jpg"
    },
	{
        "annotations": [
            {
                "class": "rect",
                "height": 41,
                "width": 55,
                "x": 54,
                "y": 145
            }
        ],
        "class": "image",
        "filename": "slm077.jpg"
    },
	{
        "annotations": [
            {
                "class": "rect",
                "height": 93,
                "width": 34,
                "x": 91,
                "y": 82
            }
        ],
        "class": "image",
        "filename": "slm016.jpg"
    },
	{
        "annotations": [
            {
                "class": "rect",
                "height": 152,
                "width": 200,
                "x": 14,
                "y": 29
            }
        ],
        "class": "image",
        "filename": "slm048.jpg"
    },
	{
        "annotations": [
            {
                "class": "rect",
                "height": 74,
                "width": 149,
                "x": 26,
                "y": 91
            }
        ],
        "class": "image",
        "filename": "slm080.jpg"
    },
	{
        "annotations": [
            {
                "class": "rect",
                "height": 173,
                "width": 202,
                "x": 10,
                "y": 34
            }
        ],
        "class": "image",
        "filename": "slm019.jpg"
    },
	{
        "annotations": [
            {
                "class": "rect",
                "height": 170,
                "width": 202,
                "x": 9,
                "y": 44
            }
        ],
        "class": "image",
        "filename": "slm051.jpg"
    },
	{
        "annotations": [
            {
                "class": "rect",
                "height": 40,
                "width": 81,
                "x": 114,
                "y": 96
            }
        ],
        "class": "image",
        "filename": "slm083.jpg"
    },
	{
        "annotations": [
            {
                "class": "rect",
                "height": 46,
                "width": 137,
                "x": 12,
                "y": 87
            }
        ],
        "class": "image",
        "filename": "slm022.jpg"
    },
	{
        "annotations": [
            {
                "class": "rect",
                "height": 103,
                "width": 85,
                "x": 73,
                "y": 42
            }
        ],
        "class": "image",
        "filename": "slm054.jpg"
    },
	{
        "annotations": [
            {
                "class": "rect",
                "height": 175,
                "width": 197,
                "x": 13,
                "y": 20
            }
        ],
        "class": "image",
        "filename": "slm086.jpg"
    },
	{
        "annotations": [
            {
                "class": "rect",
                "height": 68,
                "width": 211,
                "x": 9,
                "y": 118
            }
        ],
        "class": "image",
        "filename": "slm025.jpg"
    },
	{
        "annotations": [
            {
                "class": "rect",
                "height": 203,
                "width": 218,
                "x": 6,
                "y": 11
            }
        ],
        "class": "image",
        "filename": "slm057.jpg"
    },
	{
        "annotations": [
            {
                "class": "rect",
                "height": 173,
                "width": 207,
                "x": 9,
                "y": 25
            }
        ],
        "class": "image",
        "filename": "slm089.jpg"
    },
	{
        "annotations": [
            {
                "class": "rect",
                "height": 57,
                "width": 115,
                "x": 53,
                "y": 110
            }
        ],
        "class": "image",
        "filename": "slm028.jpg"
    },
	{
        "annotations": [
            {
                "class": "rect",
                "height": 202,
                "width": 199,
                "x": 12,
                "y": 14
            }
        ],
        "class": "image",
        "filename": "slm060.jpg"
    },
	{
        "annotations": [
            {
                "class": "rect",
                "height": 200,
                "width": 210,
                "x": 7,
                "y": 11
            }
        ],
        "class": "image",
        "filename": "slm092.jpg"
    },
	{
        "annotations": [
            {
                "class": "rect",
                "height": 27,
                "width": 82,
                "x": 48,
                "y": 169
            }
        ],
        "class": "image",
        "filename": "slm031.jpg"
    },
	{
        "annotations": [
            {
                "class": "rect",
                "height": 114,
                "width": 119,
                "x": 71,
                "y": 25
            }
        ],
        "class": "image",
        "filename": "slm063.jpg"
    },
	{
        "annotations": [
            {
                "class": "rect",
                "height": 76,
                "width": 74,
                "x": 72,
                "y": 88
            }
        ],
        "class": "image",
        "filename": "slm095.jpg"
    },
	{
        "annotations": [
            {
                "class": "rect",
                "height": 183,
                "width": 222,
                "x": 2,
                "y": 24
            }
        ],
        "class": "image",
        "filename": "slm002.jpg"
    },
	{
        "annotations": [
            {
                "class": "rect",
                "height": 163,
                "width": 57,
                "x": 34,
                "y": 23
            }
        ],
        "class": "image",
        "filename": "slm034.jpg"
    },
	{
        "annotations": [
            {
                "class": "rect",
                "height": 76,
                "width": 151,
                "x": 40,
                "y": 120
            }
        ],
        "class": "image",
        "filename": "slm066.jpg"
    },
	{
        "annotations": [
            {
                "class": "rect",
                "height": 56,
                "width": 121,
                "x": 77,
                "y": 55
            }
        ],
        "class": "image",
        "filename": "slm098.jpg"
    },
	{
        "annotations": [
            {
                "class": "rect",
                "height": 150,
                "width": 86,
                "x": 117,
                "y": 64
            }
        ],
        "class": "image",
        "filename": "slm005.jpg"
    },
	{
        "annotations": [
            {
                "class": "rect",
                "height": 74,
                "width": 188,
                "x": 26,
                "y": 92
            }
        ],
        "class": "image",
        "filename": "slm037.jpg"
    },
	{
        "annotations": [
            {
                "class": "rect",
                "height": 200,
                "width": 216,
                "x": 6,
                "y": 14
            }
        ],
        "class": "image",
        "filename": "slm069.jpg"
    },
	{
        "annotations": [
            {
                "class": "rect",
                "height": 121,
                "width": 165,
                "x": 30,
                "y": 56
            }
        ],
        "class": "image",
        "filename": "slm008.jpg"
    },
	{
        "annotations": [
            {
                "class": "rect",
                "height": 186,
                "width": 213,
                "x": 9,
                "y": 19
            }
        ],
        "class": "image",
        "filename": "slm040.jpg"
    },
	{
        "annotations": [
            {
                "class": "rect",
                "height": 190,
                "width": 215,
                "x": 0,
                "y": 7
            }
        ],
        "class": "image",
        "filename": "slm072.jpg"
    },
	{
        "annotations": [
            {
                "class": "rect",
                "height": 16,
                "width": 40,
                "x": 128,
                "y": 110
            }
        ],
        "class": "image",
        "filename": "slm011.jpg"
    },
	{
        "annotations": [
            {
                "class": "rect",
                "height": 77,
                "width": 111,
                "x": 53,
                "y": 77
            }
        ],
        "class": "image",
        "filename": "slm043.jpg"
    },
	{
        "annotations": [
            {
                "class": "rect",
                "height": 106,
                "width": 184,
                "x": 12,
                "y": 72
            }
        ],
        "class": "image",
        "filename": "slm075.jpg"
    },
	{
        "annotations": [
            {
                "class": "rect",
                "height": 131,
                "width": 134,
                "x": 68,
                "y": 65
            }
        ],
        "class": "image",
        "filename": "slm014.jpg"
    },
	{
        "annotations": [
            {
                "class": "rect",
                "height": 172,
                "width": 218,
                "x": 6,
                "y": 12
            }
        ],
        "class": "image",
        "filename": "slm046.jpg"
    },
	{
        "annotations": [
            {
                "class": "rect",
                "height": 37,
                "width": 89,
                "x": 15,
                "y": 129
            }
        ],
        "class": "image",
        "filename": "slm078.jpg"
    },
	{
        "annotations": [
            {
                "class": "rect",
                "height": 73,
                "width": 175,
                "x": 9,
                "y": 96
            }
        ],
        "class": "image",
        "filename": "slm017.jpg"
    },
	{
        "annotations": [
            {
                "class": "rect",
                "height": 46,
                "width": 30,
                "x": 25,
                "y": 102
            }
        ],
        "class": "image",
        "filename": "slm049.jpg"
    },
	{
        "annotations": [
            {
                "class": "rect",
                "height": 153,
                "width": 148,
                "x": 76,
                "y": 0
            }
        ],
        "class": "image",
        "filename": "slm081.jpg"
    },
	{
        "annotations": [
            {
                "class": "rect",
                "height": 37,
                "width": 117,
                "x": 46,
                "y": 73
            }
        ],
        "class": "image",
        "filename": "slm020.jpg"
    },
	{
        "annotations": [
            {
                "class": "rect",
                "height": 95,
                "width": 36,
                "x": 90,
                "y": 82
            }
        ],
        "class": "image",
        "filename": "slm052.jpg"
    },
	{
        "annotations": [
            {
                "class": "rect",
                "height": 91,
                "width": 223,
                "x": 1,
                "y": 74
            }
        ],
        "class": "image",
        "filename": "slm084.jpg"
    },
	{
        "annotations": [
            {
                "class": "rect",
                "height": 86,
                "width": 204,
                "x": 9,
                "y": 59
            }
        ],
        "class": "image",
        "filename": "slm023.jpg"
    },
	{
        "annotations": [
            {
                "class": "rect",
                "height": 94,
                "width": 53,
                "x": 77,
                "y": 83
            }
        ],
        "class": "image",
        "filename": "slm055.jpg"
    },
	{
        "annotations": [
            {
                "class": "rect",
                "height": 224,
                "width": 224,
                "x": 0,
                "y": 0
            }
        ],
        "class": "image",
        "filename": "slm087.jpg"
    },
	{
        "annotations": [
            {
                "class": "rect",
                "height": 68,
                "width": 98,
                "x": 27,
                "y": 130
            }
        ],
        "class": "image",
        "filename": "slm026.jpg"
    },
	{
        "annotations": [
            {
                "class": "rect",
                "height": 176,
                "width": 215,
                "x": 5,
                "y": 8
            }
        ],
        "class": "image",
        "filename": "slm058.jpg"
    },
	{
        "annotations": [
            {
                "class": "rect",
                "height": 140,
                "width": 66,
                "x": 98,
                "y": 9
            }
        ],
        "class": "image",
        "filename": "slm090.jpg"
    },
	{
        "annotations": [
            {
                "class": "rect",
                "height": 48,
                "width": 39,
                "x": 134,
                "y": 83
            }
        ],
        "class": "image",
        "filename": "slm029.jpg"
    },
	{
        "annotations": [
            {
                "class": "rect",
                "height": 192,
                "width": 211,
                "x": 9,
                "y": 21
            }
        ],
        "class": "image",
        "filename": "slm061.jpg"
    },
	{
        "annotations": [
            {
                "class": "rect",
                "height": 213,
                "width": 222,
                "x": 1,
                "y": 5
            }
        ],
        "class": "image",
        "filename": "slm093.jpg"
    },
	{
        "annotations": [
            {
                "class": "rect",
                "height": 112,
                "width": 101,
                "x": 63,
                "y": 63
            }
        ],
        "class": "image",
        "filename": "slm032.jpg"
    },
	{
        "annotations": [
            {
                "class": "rect",
                "height": 48,
                "width": 109,
                "x": 2,
                "y": 158
            }
        ],
        "class": "image",
        "filename": "slm064.jpg"
    },
	{
        "annotations": [
            {
                "class": "rect",
                "height": 120,
                "width": 69,
                "x": 144,
                "y": 104
            }
        ],
        "class": "image",
        "filename": "slm096.jpg"
    },
	{
        "annotations": [
            {
                "class": "rect",
                "height": 161,
                "width": 138,
                "x": 55,
                "y": 53
            }
        ],
        "class": "image",
        "filename": "slm003.jpg"
    },
	{
        "annotations": [
            {
                "class": "rect",
                "height": 168,
                "width": 189,
                "x": 35,
                "y": 56
            }
        ],
        "class": "image",
        "filename": "slm035.jpg"
    },
	{
        "annotations": [
            {
                "class": "rect",
                "height": 175,
                "width": 167,
                "x": 25,
                "y": 30
            }
        ],
        "class": "image",
        "filename": "slm067.jpg"
    },
	{
        "annotations": [
            {
                "class": "rect",
                "height": 209,
                "width": 88,
                "x": 78,
                "y": 5
            }
        ],
        "class": "image",
        "filename": "slm099.jpg"
    },
	{
        "annotations": [
            {
                "class": "rect",
                "height": 87,
                "width": 54,
                "x": 74,
                "y": 63
            }
        ],
        "class": "image",
        "filename": "slm006.jpg"
    },
	{
        "annotations": [
            {
                "class": "rect",
                "height": 136,
                "width": 216,
                "x": 8,
                "y": 52
            }
        ],
        "class": "image",
        "filename": "slm038.jpg"
    },
	{
        "annotations": [
            {
                "class": "rect",
                "height": 150,
                "width": 201,
                "x": 0,
                "y": 9
            }
        ],
        "class": "image",
        "filename": "slm070.jpg"
    },
	{
        "annotations": [
            {
                "class": "rect",
                "height": 126,
                "width": 78,
                "x": 60,
                "y": 54
            }
        ],
        "class": "image",
        "filename": "slm009.jpg"
    },
	{
        "annotations": [
            {
                "class": "rect",
                "height": 153,
                "width": 216,
                "x": 6,
                "y": 70
            }
        ],
        "class": "image",
        "filename": "slm041.jpg"
    },
	{
        "annotations": [
            {
                "class": "rect",
                "height": 96,
                "width": 213,
                "x": 11,
                "y": 68
            }
        ],
        "class": "image",
        "filename": "slm073.jpg"
    },
	{
        "annotations": [
            {
                "class": "rect",
                "height": 144,
                "width": 184,
                "x": 40,
                "y": 40
            }
        ],
        "class": "image",
        "filename": "slm012.jpg"
    },
	{
        "annotations": [
            {
                "class": "rect",
                "height": 224,
                "width": 148,
                "x": 0,
                "y": 0
            }
        ],
        "class": "image",
        "filename": "slm044.jpg"
    },
	{
        "annotations": [
            {
                "class": "rect",
                "height": 140,
                "width": 199,
                "x": 24,
                "y": 76
            }
        ],
        "class": "image",
        "filename": "slm076.jpg"
    },
	{
        "annotations": [
            {
                "class": "rect",
                "height": 179,
                "width": 210,
                "x": 7,
                "y": 19
            }
        ],
        "class": "image",
        "filename": "slm015.jpg"
    },
	{
        "annotations": [
            {
                "class": "rect",
                "height": 87,
                "width": 219,
                "x": 5,
                "y": 72
            }
        ],
        "class": "image",
        "filename": "slm047.jpg"
    },
	{
        "annotations": [
            {
                "class": "rect",
                "height": 138,
                "width": 142,
                "x": 82,
                "y": 51
            }
        ],
        "class": "image",
        "filename": "slm079.jpg"
    },
	{
        "annotations": [
            {
                "class": "rect",
                "height": 68,
                "width": 119,
                "x": 42,
                "y": 86
            }
        ],
        "class": "image",
        "filename": "slm018.jpg"
    },
	{
        "annotations": [
            {
                "class": "rect",
                "height": 136,
                "width": 44,
                "x": 124,
                "y": 20
            }
        ],
        "class": "image",
        "filename": "slm050.jpg"
    },
	{
        "annotations": [
            {
                "class": "rect",
                "height": 147,
                "width": 113,
                "x": 111,
                "y": 77
            }
        ],
        "class": "image",
        "filename": "slm082.jpg"
    }
]