[{"ID":"ck5n8h2vkn56z0835rxjy0vtl","DataRow ID":"ck5mu8w8o9qks0doq1xni13lk","Labeled Data":"https://storage.labelbox.com/ck5m7hol2ltok0843iolzs4yv%2F70ca0089-7964-6bae-cb71-c635ac4ad459-chu021.jpeg?Expires=1580812345685&KeyName=labelbox-assets-key-1&Signature=NJVE0zArjHCixmlhhFBevgrGKs4","Label":{"objects":[{"featureId":"ck5n8gzkk02lf0x75tzh9ddnx","schemaId":"ck5mucqheeh4v0770fyvo5t1c","title":"chu","value":"chu","color":"#FF0000","bbox":{"top":73,"left":7,"height":151,"width":217}}],"classifications":[]},"Created By":"jokekeh773@etopmail.com","Project Name":"chu","Created At":"2020-01-21T02:02:29.000Z","Updated At":"2020-01-21T02:02:30.000Z","Seconds to Label":15.976,"External ID":"chu021.jpeg","Agreement":null,"Benchmark Agreement":null,"Benchmark ID":null,"Benchmark Reference ID":null,"Dataset Name":"chu","Reviews":[],"View Label":"https://editor.labelbox.com?project=ck5mubt3y2g740929lccethj4&label=ck5n8h2vkn56z0835rxjy0vtl"},{"ID":"ck5n8hly6n5al083505llirpz","DataRow ID":"ck5mu8w8s9qoc0doqh0fo0944","Labeled Data":"https://storage.labelbox.com/ck5m7hol2ltok0843iolzs4yv%2F36124d14-0b8b-795f-c232-9b356f7f9799-chu053.jpeg?Expires=1580812345685&KeyName=labelbox-assets-key-1&Signature=CUtfB5_JswFJzPgULcwlFP75G8g","Label":{"objects":[{"featureId":"ck5n8hirx02m00x754zqcz10w","schemaId":"ck5mucqheeh4v0770fyvo5t1c","title":"chu","value":"chu","color":"#FF0000","bbox":{"top":72,"left":71,"height":112,"width":59}}],"classifications":[]},"Created By":"jokekeh773@etopmail.com","Project Name":"chu","Created At":"2020-01-21T02:02:54.000Z","Updated At":"2020-01-21T02:02:54.000Z","Seconds to Label":13.255,"External ID":"chu053.jpeg","Agreement":null,"Benchmark Agreement":null,"Benchmark ID":null,"Benchmark Reference ID":null,"Dataset Name":"chu","Reviews":[],"View Label":"https://editor.labelbox.com?project=ck5mubt3y2g740929lccethj4&label=ck5n8hly6n5al083505llirpz"},{"ID":"ck5n8hyw87d2p0929bgy07fuo","DataRow ID":"ck5mu8w8v9qrw0doqd8mi05kn","Labeled Data":"https://storage.labelbox.com/ck5m7hol2ltok0843iolzs4yv%2F21cc582d-fd44-c307-0370-adbe85d37704-chu085.jpeg?Expires=1580812345685&KeyName=labelbox-assets-key-1&Signature=pRvCB3jqtu_B3PDOmMp-cNrPiTU","Label":{"objects":[{"featureId":"ck5n8hwc202i70x8r083xjfkp","schemaId":"ck5mucqheeh4v0770fyvo5t1c","title":"chu","value":"chu","color":"#FF0000","bbox":{"top":17,"left":0,"height":207,"width":224}}],"classifications":[]},"Created By":"jokekeh773@etopmail.com","Project Name":"chu","Created At":"2020-01-21T02:03:11.000Z","Updated At":"2020-01-21T02:03:11.000Z","Seconds to Label":9.81,"External ID":"chu085.jpeg","Agreement":null,"Benchmark Agreement":null,"Benchmark ID":null,"Benchmark Reference ID":null,"Dataset Name":"chu","Reviews":[],"View Label":"https://editor.labelbox.com?project=ck5mubt3y2g740929lccethj4&label=ck5n8hyw87d2p0929bgy07fuo"},{"ID":"ck5n8j6ssyqnv0843i38qfa4a","DataRow ID":"ck5mu8w8o9ql40doq78xs4bj8","Labeled Data":"https://storage.labelbox.com/ck5m7hol2ltok0843iolzs4yv%2Fa76fbe3e-2acf-6a55-afc5-2a2cc0c098ad-chu024.jpeg?Expires=1580812345685&KeyName=labelbox-assets-key-1&Signature=sYXdw30cmoh50DXLw5xuT3FBawo","Label":{"objects":[{"featureId":"ck5n8j0ef02nc0x750pqmadpw","schemaId":"ck5mucqheeh4v0770fyvo5t1c","title":"chu","value":"chu","color":"#FF0000","bbox":{"top":14,"left":32,"height":185,"width":168}}],"classifications":[]},"Created By":"jokekeh773@etopmail.com","Project Name":"chu","Created At":"2020-01-21T02:04:08.000Z","Updated At":"2020-01-21T02:04:08.000Z","Seconds to Label":33.683,"External ID":"chu024.jpeg","Agreement":null,"Benchmark Agreement":null,"Benchmark ID":null,"Benchmark Reference ID":null,"Dataset Name":"chu","Reviews":[],"View Label":"https://editor.labelbox.com?project=ck5mubt3y2g740929lccethj4&label=ck5n8j6ssyqnv0843i38qfa4a"},{"ID":"ck5n8jp7syqrn084336mzjxgb","DataRow ID":"ck5mu8w8s9qoo0doqe9d8e7ig","Labeled Data":"https://storage.labelbox.com/ck5m7hol2ltok0843iolzs4yv%2Fc5c5a663-036d-930a-f17c-605a3a384a36-chu056.jpeg?Expires=1580812345685&KeyName=labelbox-assets-key-1&Signature=P76M_9Ku2GtmV9pM44tJbjeM9OI","Label":{"objects":[{"featureId":"ck5n8jnf202l50x8znuxeam6h","schemaId":"ck5mucqheeh4v0770fyvo5t1c","title":"chu","value":"chu","color":"#FF0000","bbox":{"top":18,"left":24,"height":182,"width":83}}],"classifications":[]},"Created By":"jokekeh773@etopmail.com","Project Name":"chu","Created At":"2020-01-21T02:04:32.000Z","Updated At":"2020-01-21T02:04:32.000Z","Seconds to Label":34.508,"External ID":"chu056.jpeg","Agreement":null,"Benchmark Agreement":null,"Benchmark ID":null,"Benchmark Reference ID":null,"Dataset Name":"chu","Reviews":[],"View Label":"https://editor.labelbox.com?project=ck5mubt3y2g740929lccethj4&label=ck5n8jp7syqrn084336mzjxgb"},{"ID":"ck5n8k02atg250a56zshdpmhm","DataRow ID":"ck5mu8w8v9qs80doqg56q9dq7","Labeled Data":"https://storage.labelbox.com/ck5m7hol2ltok0843iolzs4yv%2F51cb7cc3-1028-c0c8-6a32-3f85bd595328-chu088.jpeg?Expires=1580812345686&KeyName=labelbox-assets-key-1&Signature=0pT4cVeI2yaeeM9tr0t0e0TorZY","Label":{"objects":[{"featureId":"ck5n8jyfy02le0x8zu3s9xa4s","schemaId":"ck5mucqheeh4v0770fyvo5t1c","title":"chu","value":"chu","color":"#FF0000","bbox":{"top":0,"left":0,"height":224,"width":224}}],"classifications":[]},"Created By":"jokekeh773@etopmail.com","Project Name":"chu","Created At":"2020-01-21T02:04:46.000Z","Updated At":"2020-01-21T02:04:46.000Z","Seconds to Label":8.577,"External ID":"chu088.jpeg","Agreement":null,"Benchmark Agreement":null,"Benchmark ID":null,"Benchmark Reference ID":null,"Dataset Name":"chu","Reviews":[],"View Label":"https://editor.labelbox.com?project=ck5mubt3y2g740929lccethj4&label=ck5n8k02atg250a56zshdpmhm"},{"ID":"ck5n8khkpjcmk0770vig06jzh","DataRow ID":"ck5mu8w8o9qlg0doq2dv8fp2i","Labeled Data":"https://storage.labelbox.com/ck5m7hol2ltok0843iolzs4yv%2Ffcbf9e9f-a04f-24ea-d3f6-c2cec50a31d9-chu027.jpeg?Expires=1580812345686&KeyName=labelbox-assets-key-1&Signature=jqjeMh0J9O7ysezLVXfDFghxjUI","Label":{"objects":[{"featureId":"ck5n8keg102m20x8zrbx149or","schemaId":"ck5mucqheeh4v0770fyvo5t1c","title":"chu","value":"chu","color":"#FF0000","bbox":{"top":60,"left":40,"height":164,"width":93}}],"classifications":[]},"Created By":"jokekeh773@etopmail.com","Project Name":"chu","Created At":"2020-01-21T02:05:08.000Z","Updated At":"2020-01-21T02:05:09.000Z","Seconds to Label":15.615,"External ID":"chu027.jpeg","Agreement":null,"Benchmark Agreement":null,"Benchmark ID":null,"Benchmark Reference ID":null,"Dataset Name":"chu","Reviews":[],"View Label":"https://editor.labelbox.com?project=ck5mubt3y2g740929lccethj4&label=ck5n8khkpjcmk0770vig06jzh"},{"ID":"ck5n8l45dyr1k08430ngpxrsy","DataRow ID":"ck5mu8w8s9qp00doqdnx91mj7","Labeled Data":"https://storage.labelbox.com/ck5m7hol2ltok0843iolzs4yv%2Fa7fee602-b7da-3b6d-1c73-f4c582350419-chu059.jpeg?Expires=1580812345686&KeyName=labelbox-assets-key-1&Signature=TNASXytFN6ar9euD4yAn5UVHR_0","Label":{"objects":[{"featureId":"ck5n8kvop02kh0x8rc83be6hq","schemaId":"ck5mucqheeh4v0770fyvo5t1c","title":"chu","value":"chu","color":"#FF0000","bbox":{"top":17,"left":24,"height":156,"width":182}}],"classifications":[]},"Created By":"jokekeh773@etopmail.com","Project Name":"chu","Created At":"2020-01-21T02:05:38.000Z","Updated At":"2020-01-21T02:05:38.000Z","Seconds to Label":30.498,"External ID":"chu059.jpeg","Agreement":null,"Benchmark Agreement":null,"Benchmark ID":null,"Benchmark Reference ID":null,"Dataset Name":"chu","Reviews":[],"View Label":"https://editor.labelbox.com?project=ck5mubt3y2g740929lccethj4&label=ck5n8l45dyr1k08430ngpxrsy"},{"ID":"ck5n8mdrxn6890835n7mbjw0k","DataRow ID":"ck5mu8w8v9qsk0doqd36j0ods","Labeled Data":"https://storage.labelbox.com/ck5m7hol2ltok0843iolzs4yv%2F32d1bdc1-1433-4b87-07a8-8402a5b4ee91-chu091.jpeg?Expires=1580812345686&KeyName=labelbox-assets-key-1&Signature=BWPuvOgd7_T3zoGeu0cKanKJpzk","Label":{"objects":[{"featureId":"ck5n8mcdu02lf0x8rbtav6e3e","schemaId":"ck5mucqheeh4v0770fyvo5t1c","title":"chu","value":"chu","color":"#FF0000","bbox":{"top":72,"left":22,"height":83,"width":147}}],"classifications":[]},"Created By":"jokekeh773@etopmail.com","Project Name":"chu","Created At":"2020-01-21T02:06:37.000Z","Updated At":"2020-01-21T02:06:37.000Z","Seconds to Label":11.706,"External ID":"chu091.jpeg","Agreement":null,"Benchmark Agreement":null,"Benchmark ID":null,"Benchmark Reference ID":null,"Dataset Name":"chu","Reviews":[],"View Label":"https://editor.labelbox.com?project=ck5mubt3y2g740929lccethj4&label=ck5n8mdrxn6890835n7mbjw0k"},{"ID":"ck5n8mrc5199r09892u1vt7ik","DataRow ID":"ck5mu8w8o9qls0doqcsgm7ceh","Labeled Data":"https://storage.labelbox.com/ck5m7hol2ltok0843iolzs4yv%2F200b03d9-a1a0-7733-ae08-41677f1e2c0d-chu030.jpeg?Expires=1580812345686&KeyName=labelbox-assets-key-1&Signature=-DAPHb-6Nu_bGnN9Hz9pBv0OIEA","Label":{"objects":[{"featureId":"ck5n8mpn302q20x757xp2oorj","schemaId":"ck5mucqheeh4v0770fyvo5t1c","title":"chu","value":"chu","color":"#FF0000","bbox":{"top":66,"left":104,"height":158,"width":84}}],"classifications":[]},"Created By":"jokekeh773@etopmail.com","Project Name":"chu","Created At":"2020-01-21T02:06:54.000Z","Updated At":"2020-01-21T02:06:54.000Z","Seconds to Label":12.652,"External ID":"chu030.jpeg","Agreement":null,"Benchmark Agreement":null,"Benchmark ID":null,"Benchmark Reference ID":null,"Dataset Name":"chu","Reviews":[],"View Label":"https://editor.labelbox.com?project=ck5mubt3y2g740929lccethj4&label=ck5n8mrc5199r09892u1vt7ik"},{"ID":"ck5n8n2uz7by409523e1vnasf","DataRow ID":"ck5mu8w8t9qpc0doq8wzz4gpj","Labeled Data":"https://storage.labelbox.com/ck5m7hol2ltok0843iolzs4yv%2F61834977-3fdd-0771-daca-99b941e39a32-chu062.jpeg?Expires=1580812345686&KeyName=labelbox-assets-key-1&Signature=3l2CsJUB_yPelShRPAL5pkyHn8w","Label":{"objects":[{"featureId":"ck5n8n0pb02q60x75r1ccbfie","schemaId":"ck5mucqheeh4v0770fyvo5t1c","title":"chu","value":"chu","color":"#FF0000","bbox":{"top":66,"left":101,"height":89,"width":52}}],"classifications":[]},"Created By":"jokekeh773@etopmail.com","Project Name":"chu","Created At":"2020-01-21T02:07:09.000Z","Updated At":"2020-01-21T02:07:09.000Z","Seconds to Label":18.444,"External ID":"chu062.jpeg","Agreement":null,"Benchmark Agreement":null,"Benchmark ID":null,"Benchmark Reference ID":null,"Dataset Name":"chu","Reviews":[],"View Label":"https://editor.labelbox.com?project=ck5mubt3y2g740929lccethj4&label=ck5n8n2uz7by409523e1vnasf"},{"ID":"ck5n8ne6r7c0g0952rhrfm0vs","DataRow ID":"ck5mu8w8v9qsw0doq8ksl257c","Labeled Data":"https://storage.labelbox.com/ck5m7hol2ltok0843iolzs4yv%2F70deb960-d4e9-b05d-4596-2656283183a3-chu094.jpeg?Expires=1580812345686&KeyName=labelbox-assets-key-1&Signature=Ozuc7dv6OaXPeywXMWWQbFCVXUk","Label":{"objects":[{"featureId":"ck5n8ncrs02nu0x8zqreq1v5h","schemaId":"ck5mucqheeh4v0770fyvo5t1c","title":"chu","value":"chu","color":"#FF0000","bbox":{"top":57,"left":64,"height":105,"width":103}}],"classifications":[]},"Created By":"jokekeh773@etopmail.com","Project Name":"chu","Created At":"2020-01-21T02:07:24.000Z","Updated At":"2020-01-21T02:07:24.000Z","Seconds to Label":20.758,"External ID":"chu094.jpeg","Agreement":null,"Benchmark Agreement":null,"Benchmark ID":null,"Benchmark Reference ID":null,"Dataset Name":"chu","Reviews":[],"View Label":"https://editor.labelbox.com?project=ck5mubt3y2g740929lccethj4&label=ck5n8ne6r7c0g0952rhrfm0vs"},{"ID":"ck5n8nxla7c560952hm3tfwxv","DataRow ID":"ck5mu8w8h9qik0doqel6caker","Labeled Data":"https://storage.labelbox.com/ck5m7hol2ltok0843iolzs4yv%2Ff6187637-2b1b-a7d6-4417-ca6a282986a2-chu001.jpeg?Expires=1580812345686&KeyName=labelbox-assets-key-1&Signature=cAJguSru6tC8UPsuk63aShernhk","Label":{"objects":[{"featureId":"ck5n8nvag02o70x8z1finsqfv","schemaId":"ck5mucqheeh4v0770fyvo5t1c","title":"chu","value":"chu","color":"#FF0000","bbox":{"top":11,"left":27,"height":203,"width":182}}],"classifications":[]},"Created By":"jokekeh773@etopmail.com","Project Name":"chu","Created At":"2020-01-21T02:07:49.000Z","Updated At":"2020-01-21T02:07:49.000Z","Seconds to Label":39.008,"External ID":"chu001.jpeg","Agreement":null,"Benchmark Agreement":null,"Benchmark ID":null,"Benchmark Reference ID":null,"Dataset Name":"chu","Reviews":[],"View Label":"https://editor.labelbox.com?project=ck5mubt3y2g740929lccethj4&label=ck5n8nxla7c560952hm3tfwxv"},{"ID":"ck5n8obodn6ky0835maj6lgee","DataRow ID":"ck5mu8w8p9qm40doq02rbhdko","Labeled Data":"https://storage.labelbox.com/ck5m7hol2ltok0843iolzs4yv%2Fa9fcc56d-6545-1e0a-845e-83a58dfca725-chu033.jpeg?Expires=1580812345686&KeyName=labelbox-assets-key-1&Signature=DrGbkkbuqSbyDa0xQwFW9Wx_mDo","Label":{"objects":[{"featureId":"ck5n8oa1y02oj0x8zhqr2jxkn","schemaId":"ck5mucqheeh4v0770fyvo5t1c","title":"chu","value":"chu","color":"#FF0000","bbox":{"top":80,"left":28,"height":132,"width":90}}],"classifications":[]},"Created By":"jokekeh773@etopmail.com","Project Name":"chu","Created At":"2020-01-21T02:08:07.000Z","Updated At":"2020-01-21T02:08:07.000Z","Seconds to Label":12.792,"External ID":"chu033.jpeg","Agreement":null,"Benchmark Agreement":null,"Benchmark ID":null,"Benchmark Reference ID":null,"Dataset Name":"chu","Reviews":[],"View Label":"https://editor.labelbox.com?project=ck5mubt3y2g740929lccethj4&label=ck5n8obodn6ky0835maj6lgee"},{"ID":"ck5n8os2bth370a566lfhasg6","DataRow ID":"ck5mu8w8t9qpo0doqegr5753j","Labeled Data":"https://storage.labelbox.com/ck5m7hol2ltok0843iolzs4yv%2Fafa89788-7d39-e392-c1cc-8ba64b2cbed0-chu065.jpeg?Expires=1580812345686&KeyName=labelbox-assets-key-1&Signature=4RcVYRnaPzmbXWUp6HyaB-Afybw","Label":{"objects":[{"featureId":"ck5n8ops502r50x75rwjce73z","schemaId":"ck5mucqheeh4v0770fyvo5t1c","title":"chu","value":"chu","color":"#FF0000","bbox":{"top":95,"left":77,"height":129,"width":127}}],"classifications":[]},"Created By":"jokekeh773@etopmail.com","Project Name":"chu","Created At":"2020-01-21T02:08:29.000Z","Updated At":"2020-01-21T02:08:29.000Z","Seconds to Label":14.812,"External ID":"chu065.jpeg","Agreement":null,"Benchmark Agreement":null,"Benchmark ID":null,"Benchmark Reference ID":null,"Dataset Name":"chu","Reviews":[],"View Label":"https://editor.labelbox.com?project=ck5mubt3y2g740929lccethj4&label=ck5n8os2bth370a566lfhasg6"},{"ID":"ck5n8papz19sg0989axfptm0d","DataRow ID":"ck5mu8w8w9qt80doq9wro0xu0","Labeled Data":"https://storage.labelbox.com/ck5m7hol2ltok0843iolzs4yv%2F6fcc0cf7-fb90-af58-7934-0d1cae9d0a2f-chu097.jpeg?Expires=1580812345686&KeyName=labelbox-assets-key-1&Signature=7PqjNorhc6EnliCpHvxb7bY2cuk","Label":{"objects":[{"featureId":"ck5n8p8jx02rk0x754y5zfx04","schemaId":"ck5mucqheeh4v0770fyvo5t1c","title":"chu","value":"chu","color":"#FF0000","bbox":{"top":59,"left":0,"height":165,"width":146}}],"classifications":[]},"Created By":"jokekeh773@etopmail.com","Project Name":"chu","Created At":"2020-01-21T02:08:53.000Z","Updated At":"2020-01-21T02:08:53.000Z","Seconds to Label":12.481,"External ID":"chu097.jpeg","Agreement":null,"Benchmark Agreement":null,"Benchmark ID":null,"Benchmark Reference ID":null,"Dataset Name":"chu","Reviews":[],"View Label":"https://editor.labelbox.com?project=ck5mubt3y2g740929lccethj4&label=ck5n8papz19sg0989axfptm0d"},{"ID":"ck5n8puwfjdpc0770fydhcgjv","DataRow ID":"ck5mu8w8i9qiw0doq9fqb7abk","Labeled Data":"https://storage.labelbox.com/ck5m7hol2ltok0843iolzs4yv%2Fc0b339b3-aa2e-ebfe-769e-3dd6e5a1af0d-chu004.jpeg?Expires=1580812345686&KeyName=labelbox-assets-key-1&Signature=jz011yoMcB61IA1hbYhf4-Dv4C0","Label":{"objects":[{"featureId":"ck5n8ps7p02pn0x8z8bd4lfyg","schemaId":"ck5mucqheeh4v0770fyvo5t1c","title":"chu","value":"chu","color":"#FF0000","bbox":{"top":40,"left":26,"height":179,"width":187}}],"classifications":[]},"Created By":"jokekeh773@etopmail.com","Project Name":"chu","Created At":"2020-01-21T02:09:19.000Z","Updated At":"2020-01-21T02:09:19.000Z","Seconds to Label":20.868,"External ID":"chu004.jpeg","Agreement":null,"Benchmark Agreement":null,"Benchmark ID":null,"Benchmark Reference ID":null,"Dataset Name":"chu","Reviews":[],"View Label":"https://editor.labelbox.com?project=ck5mubt3y2g740929lccethj4&label=ck5n8puwfjdpc0770fydhcgjv"},{"ID":"ck5n8q7n0n6xr0835jxqlugi8","DataRow ID":"ck5mu8w8p9qmg0doq4ae3a2k9","Labeled Data":"https://storage.labelbox.com/ck5m7hol2ltok0843iolzs4yv%2F02696d3d-e811-36b3-c5aa-6db5e066ef60-chu036.jpeg?Expires=1580812345686&KeyName=labelbox-assets-key-1&Signature=2wQUSJymTzvFWvvjhtbUdbFdo8c","Label":{"objects":[{"featureId":"ck5n8q61502o20x8rmz7b60yu","schemaId":"ck5mucqheeh4v0770fyvo5t1c","title":"chu","value":"chu","color":"#FF0000","bbox":{"top":17,"left":39,"height":207,"width":113}}],"classifications":[]},"Created By":"jokekeh773@etopmail.com","Project Name":"chu","Created At":"2020-01-21T02:09:36.000Z","Updated At":"2020-01-21T02:09:36.000Z","Seconds to Label":11.712,"External ID":"chu036.jpeg","Agreement":null,"Benchmark Agreement":null,"Benchmark ID":null,"Benchmark Reference ID":null,"Dataset Name":"chu","Reviews":[],"View Label":"https://editor.labelbox.com?project=ck5mubt3y2g740929lccethj4&label=ck5n8q7n0n6xr0835jxqlugi8"},{"ID":"ck5n8qkubn71808354pcxa0il","DataRow ID":"ck5mu8w8t9qq00doq089rgh8e","Labeled Data":"https://storage.labelbox.com/ck5m7hol2ltok0843iolzs4yv%2Fe9daf895-71de-4fe5-9cb3-e10cb153c544-chu068.jpeg?Expires=1580812345687&KeyName=labelbox-assets-key-1&Signature=5he9U7ikdONXD5-QQgEucXQ_05A","Label":{"objects":[{"featureId":"ck5n8qjky02od0x8r83n9k371","schemaId":"ck5mucqheeh4v0770fyvo5t1c","title":"chu","value":"chu","color":"#FF0000","bbox":{"top":32,"left":19,"height":182,"width":185}}],"classifications":[]},"Created By":"jokekeh773@etopmail.com","Project Name":"chu","Created At":"2020-01-21T02:09:53.000Z","Updated At":"2020-01-21T02:09:53.000Z","Seconds to Label":24.4,"External ID":"chu068.jpeg","Agreement":null,"Benchmark Agreement":null,"Benchmark ID":null,"Benchmark Reference ID":null,"Dataset Name":"chu","Reviews":[],"View Label":"https://editor.labelbox.com?project=ck5mubt3y2g740929lccethj4&label=ck5n8qkubn71808354pcxa0il"},{"ID":"ck5n8ub187fkv09292izvzujj","DataRow ID":"ck5mu8w8w9qtk0doqbaxhdvsg","Labeled Data":"https://storage.labelbox.com/ck5m7hol2ltok0843iolzs4yv%2F47c66152-6dca-ff3b-dc5c-4460eaf04dae-chu100.jpeg?Expires=1580812345687&KeyName=labelbox-assets-key-1&Signature=ewVvDX27gOqKt0S1BmBLtNXcXvo","Label":{"objects":[{"featureId":"ck5n8u9kc02r20x8rjcebgaal","schemaId":"ck5mucqheeh4v0770fyvo5t1c","title":"chu","value":"chu","color":"#FF0000","bbox":{"top":72,"left":38,"height":97,"width":158}}],"classifications":[]},"Created By":"jokekeh773@etopmail.com","Project Name":"chu","Created At":"2020-01-21T02:12:47.000Z","Updated At":"2020-01-21T02:12:47.000Z","Seconds to Label":17.646,"External ID":"chu100.jpeg","Agreement":null,"Benchmark Agreement":null,"Benchmark ID":null,"Benchmark Reference ID":null,"Dataset Name":"chu","Reviews":[],"View Label":"https://editor.labelbox.com?project=ck5mubt3y2g740929lccethj4&label=ck5n8ub187fkv09292izvzujj"},{"ID":"ck5n8uoua7dsx09527mdev8if","DataRow ID":"ck5mu8w8i9qj80doq1dvwb0l6","Labeled Data":"https://storage.labelbox.com/ck5m7hol2ltok0843iolzs4yv%2F286d749c-f8da-319e-7d0e-a6d61dee6427-chu007.jpeg?Expires=1580812345687&KeyName=labelbox-assets-key-1&Signature=tTUetP-0NgDsH8vTgBMsgpPZF_0","Label":{"objects":[{"featureId":"ck5n8un6w02vv0x75r318gs0u","schemaId":"ck5mucqheeh4v0770fyvo5t1c","title":"chu","value":"chu","color":"#FF0000","bbox":{"top":10,"left":28,"height":212,"width":156}}],"classifications":[]},"Created By":"jokekeh773@etopmail.com","Project Name":"chu","Created At":"2020-01-21T02:13:04.000Z","Updated At":"2020-01-21T02:13:04.000Z","Seconds to Label":24.92,"External ID":"chu007.jpeg","Agreement":null,"Benchmark Agreement":null,"Benchmark ID":null,"Benchmark Reference ID":null,"Dataset Name":"chu","Reviews":[],"View Label":"https://editor.labelbox.com?project=ck5mubt3y2g740929lccethj4&label=ck5n8uoua7dsx09527mdev8if"},{"ID":"ck5n8uyp4yt710843ipugt2t1","DataRow ID":"ck5mu8w8p9qms0doq7rn4h0j9","Labeled Data":"https://storage.labelbox.com/ck5m7hol2ltok0843iolzs4yv%2F4ec55ec6-bf4a-321a-8713-65fb90ab66f3-chu039.jpeg?Expires=1580812345687&KeyName=labelbox-assets-key-1&Signature=6TEsYVdW_7_BQrDbEE9h6wmV7kk","Label":{"objects":[{"featureId":"ck5n8uwr402w40x7558wje7ru","schemaId":"ck5mucqheeh4v0770fyvo5t1c","title":"chu","value":"chu","color":"#FF0000","bbox":{"top":4,"left":0,"height":220,"width":224}}],"classifications":[]},"Created By":"jokekeh773@etopmail.com","Project Name":"chu","Created At":"2020-01-21T02:13:17.000Z","Updated At":"2020-01-21T02:13:17.000Z","Seconds to Label":6.907,"External ID":"chu039.jpeg","Agreement":null,"Benchmark Agreement":null,"Benchmark ID":null,"Benchmark Reference ID":null,"Dataset Name":"chu","Reviews":[],"View Label":"https://editor.labelbox.com?project=ck5mubt3y2g740929lccethj4&label=ck5n8uyp4yt710843ipugt2t1"},{"ID":"ck5n8vqucz7k40978fxyuqwu0","DataRow ID":"ck5mu8w8t9qqc0doq8h12ff4u","Labeled Data":"https://storage.labelbox.com/ck5m7hol2ltok0843iolzs4yv%2Fcba62135-75fb-13c5-53bf-e01d8af44d0c-chu071.jpeg?Expires=1580812345687&KeyName=labelbox-assets-key-1&Signature=IcSfiN6SUoJz2fHk0JmMHXGngCA","Label":{"objects":[{"featureId":"ck5n8vngj02sb0x8r1hpzpuqu","schemaId":"ck5mucqheeh4v0770fyvo5t1c","title":"chu","value":"chu","color":"#FF0000","bbox":{"top":0,"left":83,"height":221,"width":141}}],"classifications":[]},"Created By":"jokekeh773@etopmail.com","Project Name":"chu","Created At":"2020-01-21T02:13:54.000Z","Updated At":"2020-01-21T02:13:54.000Z","Seconds to Label":23.561,"External ID":"chu071.jpeg","Agreement":null,"Benchmark Agreement":null,"Benchmark ID":null,"Benchmark Reference ID":null,"Dataset Name":"chu","Reviews":[],"View Label":"https://editor.labelbox.com?project=ck5mubt3y2g740929lccethj4&label=ck5n8vqucz7k40978fxyuqwu0"},{"ID":"ck5n8whs6ytn40843pyuw9g23","DataRow ID":"ck5mu8w8i9qjk0doq4c6ecbux","Labeled Data":"https://storage.labelbox.com/ck5m7hol2ltok0843iolzs4yv%2F4ba73948-1590-d79b-a324-f7c853ffaba9-chu010.jpeg?Expires=1580812345687&KeyName=labelbox-assets-key-1&Signature=fgsAAu4vlvtHAV4U87t-Dfcq7Nw","Label":{"objects":[{"featureId":"ck5n8wgf002un0x8z9iunr9ce","schemaId":"ck5mucqheeh4v0770fyvo5t1c","title":"chu","value":"chu","color":"#FF0000","bbox":{"top":60,"left":51,"height":119,"width":121}}],"classifications":[]},"Created By":"jokekeh773@etopmail.com","Project Name":"chu","Created At":"2020-01-21T02:14:29.000Z","Updated At":"2020-01-21T02:14:29.000Z","Seconds to Label":21.014,"External ID":"chu010.jpeg","Agreement":null,"Benchmark Agreement":null,"Benchmark ID":null,"Benchmark Reference ID":null,"Dataset Name":"chu","Reviews":[],"View Label":"https://editor.labelbox.com?project=ck5mubt3y2g740929lccethj4&label=ck5n8whs6ytn40843pyuw9g23"},{"ID":"ck5n8wwqxytp90843gyra9fvm","DataRow ID":"ck5mu8w8r9qn40doq40di381t","Labeled Data":"https://storage.labelbox.com/ck5m7hol2ltok0843iolzs4yv%2F3eec98e2-b488-7367-bca2-33a0f310816f-chu042.jpeg?Expires=1580812345687&KeyName=labelbox-assets-key-1&Signature=pyi8ZV-Pe_GaSt_d0TpdYD5pL2Y","Label":{"objects":[{"featureId":"ck5n8wvgv02uw0x8zw5cevnwc","schemaId":"ck5mucqheeh4v0770fyvo5t1c","title":"chu","value":"chu","color":"#FF0000","bbox":{"top":13,"left":33,"height":207,"width":178}}],"classifications":[]},"Created By":"jokekeh773@etopmail.com","Project Name":"chu","Created At":"2020-01-21T02:14:48.000Z","Updated At":"2020-01-21T02:14:48.000Z","Seconds to Label":14.417,"External ID":"chu042.jpeg","Agreement":null,"Benchmark Agreement":null,"Benchmark ID":null,"Benchmark Reference ID":null,"Dataset Name":"chu","Reviews":[],"View Label":"https://editor.labelbox.com?project=ck5mubt3y2g740929lccethj4&label=ck5n8wwqxytp90843gyra9fvm"},{"ID":"ck5n8xgh17g9p0929ea4ohjol","DataRow ID":"ck5mu8w8u9qqo0doq51db2xaq","Labeled Data":"https://storage.labelbox.com/ck5m7hol2ltok0843iolzs4yv%2Ff8371458-6427-ca21-783d-35f68e10b2c3-chu074.jpeg?Expires=1580812345687&KeyName=labelbox-assets-key-1&Signature=V519TY53aiySdCqp3dXoJfjnSnw","Label":{"objects":[{"featureId":"ck5n8xdm002x80x75kiaeigwn","schemaId":"ck5mucqheeh4v0770fyvo5t1c","title":"chu","value":"chu","color":"#FF0000","bbox":{"top":6,"left":18,"height":214,"width":175}}],"classifications":[]},"Created By":"jokekeh773@etopmail.com","Project Name":"chu","Created At":"2020-01-21T02:15:14.000Z","Updated At":"2020-01-21T02:15:14.000Z","Seconds to Label":18.728,"External ID":"chu074.jpeg","Agreement":null,"Benchmark Agreement":null,"Benchmark ID":null,"Benchmark Reference ID":null,"Dataset Name":"chu","Reviews":[],"View Label":"https://editor.labelbox.com?project=ck5mubt3y2g740929lccethj4&label=ck5n8xgh17g9p0929ea4ohjol"},{"ID":"ck5n8xtra1bpl0989nno380x7","DataRow ID":"ck5mu8w8j9qjw0doq02yxg6gk","Labeled Data":"https://storage.labelbox.com/ck5m7hol2ltok0843iolzs4yv%2Ff459d8d8-748b-eaa1-a6d9-d4e67068814a-chu013.jpeg?Expires=1580812345687&KeyName=labelbox-assets-key-1&Signature=55XZo00KR3lhBCfbIrDvOnjPTw8","Label":{"objects":[{"featureId":"ck5n8xs9f02xe0x75zw67sh40","schemaId":"ck5mucqheeh4v0770fyvo5t1c","title":"chu","value":"chu","color":"#FF0000","bbox":{"top":11,"left":7,"height":192,"width":208}}],"classifications":[]},"Created By":"jokekeh773@etopmail.com","Project Name":"chu","Created At":"2020-01-21T02:15:31.000Z","Updated At":"2020-01-21T02:15:31.000Z","Seconds to Label":9.966,"External ID":"chu013.jpeg","Agreement":null,"Benchmark Agreement":null,"Benchmark ID":null,"Benchmark Reference ID":null,"Dataset Name":"chu","Reviews":[],"View Label":"https://editor.labelbox.com?project=ck5mubt3y2g740929lccethj4&label=ck5n8xtra1bpl0989nno380x7"},{"ID":"ck5n8y4s0z82k09787nldmvet","DataRow ID":"ck5mu8w8r9qng0doq8ubl1py5","Labeled Data":"https://storage.labelbox.com/ck5m7hol2ltok0843iolzs4yv%2F2f7ad553-2930-4e5e-a577-6db4b0a8249d-chu045.jpeg?Expires=1580812345687&KeyName=labelbox-assets-key-1&Signature=Xbu82NNjM3tdH2YD3qvhZ8NeVHA","Label":{"objects":[{"featureId":"ck5n8y3el02xn0x75bcyaiqk7","schemaId":"ck5mucqheeh4v0770fyvo5t1c","title":"chu","value":"chu","color":"#FF0000","bbox":{"top":0,"left":0,"height":224,"width":184}}],"classifications":[]},"Created By":"jokekeh773@etopmail.com","Project Name":"chu","Created At":"2020-01-21T02:15:45.000Z","Updated At":"2020-01-21T02:15:45.000Z","Seconds to Label":7.569,"External ID":"chu045.jpeg","Agreement":null,"Benchmark Agreement":null,"Benchmark ID":null,"Benchmark Reference ID":null,"Dataset Name":"chu","Reviews":[],"View Label":"https://editor.labelbox.com?project=ck5mubt3y2g740929lccethj4&label=ck5n8y4s0z82k09787nldmvet"},{"ID":"ck5n8zoqf1c2709898xsr1p2p","DataRow ID":"ck5mu8w8u9qr00doq9fjiadqy","Labeled Data":"https://storage.labelbox.com/ck5m7hol2ltok0843iolzs4yv%2Ff3d92505-a6bb-5437-8c61-8ecf9c2ab6c2-chu077.jpeg?Expires=1580812345687&KeyName=labelbox-assets-key-1&Signature=-hSYM9y31l-6v_FCnDGfJar1Zfs","Label":{"objects":[{"featureId":"ck5n8zng102ye0x75hfcs703y","schemaId":"ck5mucqheeh4v0770fyvo5t1c","title":"chu","value":"chu","color":"#FF0000","bbox":{"top":0,"left":0,"height":214,"width":224}}],"classifications":[]},"Created By":"jokekeh773@etopmail.com","Project Name":"chu","Created At":"2020-01-21T02:16:58.000Z","Updated At":"2020-01-21T02:16:58.000Z","Seconds to Label":6.833,"External ID":"chu077.jpeg","Agreement":null,"Benchmark Agreement":null,"Benchmark ID":null,"Benchmark Reference ID":null,"Dataset Name":"chu","Reviews":[],"View Label":"https://editor.labelbox.com?project=ck5mubt3y2g740929lccethj4&label=ck5n8zoqf1c2709898xsr1p2p"},{"ID":"ck5n90ttctjxj0a56c94gx7cw","DataRow ID":"ck5mu8w8n9qk80doqf5tc25jf","Labeled Data":"https://storage.labelbox.com/ck5m7hol2ltok0843iolzs4yv%2F8d4c2cec-0314-1b08-922d-403ebd3f698c-chu016.jpeg?Expires=1580812345687&KeyName=labelbox-assets-key-1&Signature=LGltZJnGmuMje-Y_LnhAGuRVDD8","Label":{"objects":[{"featureId":"ck5n90sb202yd0x8zn09lknqd","schemaId":"ck5mucqheeh4v0770fyvo5t1c","title":"chu","value":"chu","color":"#FF0000","bbox":{"top":8,"left":26,"height":210,"width":185}}],"classifications":[]},"Created By":"jokekeh773@etopmail.com","Project Name":"chu","Created At":"2020-01-21T02:17:51.000Z","Updated At":"2020-01-21T02:17:51.000Z","Seconds to Label":32.041,"External ID":"chu016.jpeg","Agreement":null,"Benchmark Agreement":null,"Benchmark ID":null,"Benchmark Reference ID":null,"Dataset Name":"chu","Reviews":[],"View Label":"https://editor.labelbox.com?project=ck5mubt3y2g740929lccethj4&label=ck5n90ttctjxj0a56c94gx7cw"},{"ID":"ck5n92s6ljh5207703nkk7hae","DataRow ID":"ck5mu8w8s9qns0doq1ns36mq2","Labeled Data":"https://storage.labelbox.com/ck5m7hol2ltok0843iolzs4yv%2F7041dd8b-0713-cfd1-df50-1f65d04dae4e-chu048.jpeg?Expires=1580812345687&KeyName=labelbox-assets-key-1&Signature=ADmcgr58IpEI29HEKgZ9qILMqdA","Label":{"objects":[{"featureId":"ck5n92qri02wq0x8rgrwb6zjr","schemaId":"ck5mucqheeh4v0770fyvo5t1c","title":"chu","value":"chu","color":"#FF0000","bbox":{"top":128,"left":63,"height":96,"width":85}}],"classifications":[]},"Created By":"jokekeh773@etopmail.com","Project Name":"chu","Created At":"2020-01-21T02:19:22.000Z","Updated At":"2020-01-21T02:19:22.000Z","Seconds to Label":15.63,"External ID":"chu048.jpeg","Agreement":null,"Benchmark Agreement":null,"Benchmark ID":null,"Benchmark Reference ID":null,"Dataset Name":"chu","Reviews":[],"View Label":"https://editor.labelbox.com?project=ck5mubt3y2g740929lccethj4&label=ck5n92s6ljh5207703nkk7hae"},{"ID":"ck5n932izn9xa08353ao6upif","DataRow ID":"ck5mu8w8u9qrc0doq6vyldev3","Labeled Data":"https://storage.labelbox.com/ck5m7hol2ltok0843iolzs4yv%2Fa6e9af71-d672-f71c-d8e8-7e750b3f68da-chu080.jpeg?Expires=1580812345687&KeyName=labelbox-assets-key-1&Signature=D6YA7-2VSFsJoL1q96MtDjs3f4Y","Label":{"objects":[{"featureId":"ck5n9318h02wx0x8r30agexu3","schemaId":"ck5mucqheeh4v0770fyvo5t1c","title":"chu","value":"chu","color":"#FF0000","bbox":{"top":0,"left":0,"height":201,"width":224}}],"classifications":[]},"Created By":"jokekeh773@etopmail.com","Project Name":"chu","Created At":"2020-01-21T02:19:35.000Z","Updated At":"2020-01-21T02:19:35.000Z","Seconds to Label":8.682,"External ID":"chu080.jpeg","Agreement":null,"Benchmark Agreement":null,"Benchmark ID":null,"Benchmark Reference ID":null,"Dataset Name":"chu","Reviews":[],"View Label":"https://editor.labelbox.com?project=ck5mubt3y2g740929lccethj4&label=ck5n932izn9xa08353ao6upif"},{"ID":"ck5n93ccnyv320843id7wgq8o","DataRow ID":"ck5mu8w8o9qkk0doqeezkhtyz","Labeled Data":"https://storage.labelbox.com/ck5m7hol2ltok0843iolzs4yv%2F85d7b4ab-4e54-f281-2567-31b12eecbe9f-chu019.jpeg?Expires=1580812345688&KeyName=labelbox-assets-key-1&Signature=dqSuw2r7oCbszv9YBk2M8NoMwgg","Label":{"objects":[{"featureId":"ck5n93b7p02x30x8reebhq23c","schemaId":"ck5mucqheeh4v0770fyvo5t1c","title":"chu","value":"chu","color":"#FF0000","bbox":{"top":14,"left":0,"height":210,"width":224}}],"classifications":[]},"Created By":"jokekeh773@etopmail.com","Project Name":"chu","Created At":"2020-01-21T02:19:48.000Z","Updated At":"2020-01-21T02:19:48.000Z","Seconds to Label":8.217,"External ID":"chu019.jpeg","Agreement":null,"Benchmark Agreement":null,"Benchmark ID":null,"Benchmark Reference ID":null,"Dataset Name":"chu","Reviews":[],"View Label":"https://editor.labelbox.com?project=ck5mubt3y2g740929lccethj4&label=ck5n93ccnyv320843id7wgq8o"},{"ID":"ck5n93vicna4d0835tp18iu2b","DataRow ID":"ck5mu8w8s9qo40doq4btahl9o","Labeled Data":"https://storage.labelbox.com/ck5m7hol2ltok0843iolzs4yv%2Ff7a3a0f5-5685-5c41-f19b-58b985e11320-chu051.jpeg?Expires=1580812345688&KeyName=labelbox-assets-key-1&Signature=nsxWVytTs08AMpRnxLQ9DUYbCpI","Label":{"objects":[{"featureId":"ck5n93tkh030b0x8zw3ggnmcs","schemaId":"ck5mucqheeh4v0770fyvo5t1c","title":"chu","value":"chu","color":"#FF0000","bbox":{"top":99,"left":56,"height":101,"width":116}}],"classifications":[]},"Created By":"jokekeh773@etopmail.com","Project Name":"chu","Created At":"2020-01-21T02:20:13.000Z","Updated At":"2020-01-21T02:20:13.000Z","Seconds to Label":17.689,"External ID":"chu051.jpeg","Agreement":null,"Benchmark Agreement":null,"Benchmark ID":null,"Benchmark Reference ID":null,"Dataset Name":"chu","Reviews":[],"View Label":"https://editor.labelbox.com?project=ck5mubt3y2g740929lccethj4&label=ck5n93vicna4d0835tp18iu2b"},{"ID":"ck5n948zonadq0835vt65n9ln","DataRow ID":"ck5mu8w8u9qro0doq5akh40pl","Labeled Data":"https://storage.labelbox.com/ck5m7hol2ltok0843iolzs4yv%2F40771633-ec4a-a566-c859-52ff7cc5e1d6-chu083.jpeg?Expires=1580812345688&KeyName=labelbox-assets-key-1&Signature=BOr0SlrRI6ceSgDIECs2_gBxlco","Label":{"objects":[{"featureId":"ck5n947j8031m0x8z3zlz6wgl","schemaId":"ck5mucqheeh4v0770fyvo5t1c","title":"chu","value":"chu","color":"#FF0000","bbox":{"top":103,"left":73,"height":86,"width":59}}],"classifications":[]},"Created By":"jokekeh773@etopmail.com","Project Name":"chu","Created At":"2020-01-21T02:20:30.000Z","Updated At":"2020-01-21T04:37:21.000Z","Seconds to Label":17.906,"External ID":"chu083.jpeg","Agreement":null,"Benchmark Agreement":null,"Benchmark ID":null,"Benchmark Reference ID":null,"Dataset Name":"chu","Reviews":[],"View Label":"https://editor.labelbox.com?project=ck5mubt3y2g740929lccethj4&label=ck5n948zonadq0835vt65n9ln"},{"ID":"ck5n94tykz9he0978c39zb7vp","DataRow ID":"ck5mu8w8o9qkw0doqbnc9bw19","Labeled Data":"https://storage.labelbox.com/ck5m7hol2ltok0843iolzs4yv%2F513d2d7d-73f3-42cd-655e-0fd2e1892118-chu022.jpeg?Expires=1580812345688&KeyName=labelbox-assets-key-1&Signature=aIlSWs8caueaRrY2piPvD1Vi5Fc","Label":{"objects":[{"featureId":"ck5n94s2n03240x8zqju5gbaq","schemaId":"ck5mucqheeh4v0770fyvo5t1c","title":"chu","value":"chu","color":"#FF0000","bbox":{"top":0,"left":91,"height":220,"width":133}}],"classifications":[]},"Created By":"jokekeh773@etopmail.com","Project Name":"chu","Created At":"2020-01-21T02:20:58.000Z","Updated At":"2020-01-21T02:20:58.000Z","Seconds to Label":21.637,"External ID":"chu022.jpeg","Agreement":null,"Benchmark Agreement":null,"Benchmark ID":null,"Benchmark Reference ID":null,"Dataset Name":"chu","Reviews":[],"View Label":"https://editor.labelbox.com?project=ck5mubt3y2g740929lccethj4&label=ck5n94tykz9he0978c39zb7vp"},{"ID":"ck5n954br7g5709527wj80ip9","DataRow ID":"ck5mu8w8s9qog0doq2t5vbpvt","Labeled Data":"https://storage.labelbox.com/ck5m7hol2ltok0843iolzs4yv%2F31cc5099-6927-0b0f-ed99-485e6897bc50-chu054.jpeg?Expires=1580812345688&KeyName=labelbox-assets-key-1&Signature=TwqTgGd-6hhcrOBWtVBmQkuZ65k","Label":{"objects":[{"featureId":"ck5n9530k02yg0x8r9ktb3xqw","schemaId":"ck5mucqheeh4v0770fyvo5t1c","title":"chu","value":"chu","color":"#FF0000","bbox":{"top":69,"left":60,"height":105,"width":58}}],"classifications":[]},"Created By":"jokekeh773@etopmail.com","Project Name":"chu","Created At":"2020-01-21T02:21:11.000Z","Updated At":"2020-01-21T02:21:11.000Z","Seconds to Label":9.04,"External ID":"chu054.jpeg","Agreement":null,"Benchmark Agreement":null,"Benchmark ID":null,"Benchmark Reference ID":null,"Dataset Name":"chu","Reviews":[],"View Label":"https://editor.labelbox.com?project=ck5mubt3y2g740929lccethj4&label=ck5n954br7g5709527wj80ip9"},{"ID":"ck5n95drz1dj00989j0hovzct","DataRow ID":"ck5mu8w8v9qs00doq1re867m8","Labeled Data":"https://storage.labelbox.com/ck5m7hol2ltok0843iolzs4yv%2F9bf06755-aaf5-ec10-c269-58d40ab0474a-chu086.jpeg?Expires=1580812345689&KeyName=labelbox-assets-key-1&Signature=ZK7pCemYc5Y_QCmrpWaQH7R8aP8","Label":{"objects":[{"featureId":"ck5n95cih02yo0x8r0q7faj5p","schemaId":"ck5mucqheeh4v0770fyvo5t1c","title":"chu","value":"chu","color":"#FF0000","bbox":{"top":10,"left":0,"height":214,"width":224}}],"classifications":[]},"Created By":"jokekeh773@etopmail.com","Project Name":"chu","Created At":"2020-01-21T02:21:23.000Z","Updated At":"2020-01-21T02:21:23.000Z","Seconds to Label":5.527,"External ID":"chu086.jpeg","Agreement":null,"Benchmark Agreement":null,"Benchmark ID":null,"Benchmark Reference ID":null,"Dataset Name":"chu","Reviews":[],"View Label":"https://editor.labelbox.com?project=ck5mubt3y2g740929lccethj4&label=ck5n95drz1dj00989j0hovzct"},{"ID":"ck5n963sw7gdl0952rs6rt6u2","DataRow ID":"ck5mu8w8o9ql80doqeeem49s8","Labeled Data":"https://storage.labelbox.com/ck5m7hol2ltok0843iolzs4yv%2Fbefa0f69-e443-ddda-b06e-7684a30bf449-chu025.jpeg?Expires=1580812345689&KeyName=labelbox-assets-key-1&Signature=hvxv7sr_JgIqMt7nv3wy71AR3fc","Label":{"objects":[{"featureId":"ck5n961yv03320x8zqzlwnlcv","schemaId":"ck5mucqheeh4v0770fyvo5t1c","title":"chu","value":"chu","color":"#FF0000","bbox":{"top":2,"left":5,"height":218,"width":218}}],"classifications":[]},"Created By":"jokekeh773@etopmail.com","Project Name":"chu","Created At":"2020-01-21T02:21:57.000Z","Updated At":"2020-01-21T02:21:57.000Z","Seconds to Label":24.068,"External ID":"chu025.jpeg","Agreement":null,"Benchmark Agreement":null,"Benchmark ID":null,"Benchmark Reference ID":null,"Dataset Name":"chu","Reviews":[],"View Label":"https://editor.labelbox.com?project=ck5mubt3y2g740929lccethj4&label=ck5n963sw7gdl0952rs6rt6u2"},{"ID":"ck5n96kun7ipv092900no0n6v","DataRow ID":"ck5mu8w8s9qos0doq07y82q3c","Labeled Data":"https://storage.labelbox.com/ck5m7hol2ltok0843iolzs4yv%2Fe45131fe-2cd0-857d-3451-3bc9e2794bfc-chu057.jpeg?Expires=1580812345689&KeyName=labelbox-assets-key-1&Signature=aBXFeYPJqr7hCwU4Wq2Hzyomw8s","Label":{"objects":[{"featureId":"ck5n96hy602zl0x8riu0jdh7z","schemaId":"ck5mucqheeh4v0770fyvo5t1c","title":"chu","value":"chu","color":"#FF0000","bbox":{"top":5,"left":7,"height":211,"width":210}}],"classifications":[]},"Created By":"jokekeh773@etopmail.com","Project Name":"chu","Created At":"2020-01-21T02:22:19.000Z","Updated At":"2020-01-21T02:22:19.000Z","Seconds to Label":31.156,"External ID":"chu057.jpeg","Agreement":null,"Benchmark Agreement":null,"Benchmark ID":null,"Benchmark Reference ID":null,"Dataset Name":"chu","Reviews":[],"View Label":"https://editor.labelbox.com?project=ck5mubt3y2g740929lccethj4&label=ck5n96kun7ipv092900no0n6v"},{"ID":"ck5n972tkji610770ve1lt3g8","DataRow ID":"ck5mu8w8v9qsc0doqhvrudpmw","Labeled Data":"https://storage.labelbox.com/ck5m7hol2ltok0843iolzs4yv%2F3b5780d5-3e31-a0fb-50ad-2503583da7d6-chu089.jpeg?Expires=1580812345689&KeyName=labelbox-assets-key-1&Signature=gNHQ_XZ9Szm2p5NUveJUtlbMQsQ","Label":{"objects":[{"featureId":"ck5n971cy02zz0x8ro1hno30u","schemaId":"ck5mucqheeh4v0770fyvo5t1c","title":"chu","value":"chu","color":"#FF0000","bbox":{"top":36,"left":0,"height":188,"width":224}}],"classifications":[]},"Created By":"jokekeh773@etopmail.com","Project Name":"chu","Created At":"2020-01-21T02:22:42.000Z","Updated At":"2020-01-21T02:22:42.000Z","Seconds to Label":12.094,"External ID":"chu089.jpeg","Agreement":null,"Benchmark Agreement":null,"Benchmark ID":null,"Benchmark Reference ID":null,"Dataset Name":"chu","Reviews":[],"View Label":"https://editor.labelbox.com?project=ck5mubt3y2g740929lccethj4&label=ck5n972tkji610770ve1lt3g8"},{"ID":"ck5n97iq37grz0952vzqkom71","DataRow ID":"ck5mu8w8o9qlk0doq5xfr4m1g","Labeled Data":"https://storage.labelbox.com/ck5m7hol2ltok0843iolzs4yv%2F169f5f82-a606-cd75-a552-673fa6d54b68-chu028.jpeg?Expires=1580812345689&KeyName=labelbox-assets-key-1&Signature=ChoDWiuPaqSAjPU2xpwBzCjsFvA","Label":{"objects":[{"featureId":"ck5n97gjc033u0x75fu16cqkc","schemaId":"ck5mucqheeh4v0770fyvo5t1c","title":"chu","value":"chu","color":"#FF0000","bbox":{"top":25,"left":51,"height":192,"width":147}}],"classifications":[]},"Created By":"jokekeh773@etopmail.com","Project Name":"chu","Created At":"2020-01-21T02:23:03.000Z","Updated At":"2020-01-21T02:23:03.000Z","Seconds to Label":13.493,"External ID":"chu028.jpeg","Agreement":null,"Benchmark Agreement":null,"Benchmark ID":null,"Benchmark Reference ID":null,"Dataset Name":"chu","Reviews":[],"View Label":"https://editor.labelbox.com?project=ck5mubt3y2g740929lccethj4&label=ck5n97iq37grz0952vzqkom71"},{"ID":"ck5n97ug57gv00952itterz18","DataRow ID":"ck5mu8w8t9qp40doqcvaacz8w","Labeled Data":"https://storage.labelbox.com/ck5m7hol2ltok0843iolzs4yv%2F1689cba4-def8-d425-22ab-ba917c05f0f1-chu060.jpeg?Expires=1580812345689&KeyName=labelbox-assets-key-1&Signature=MSYsh3Am0vNAzWsUyfm2o2o5WBc","Label":{"objects":[{"featureId":"ck5n97t2l03480x8znwayuahv","schemaId":"ck5mucqheeh4v0770fyvo5t1c","title":"chu","value":"chu","color":"#FF0000","bbox":{"top":78,"left":0,"height":146,"width":148}}],"classifications":[]},"Created By":"jokekeh773@etopmail.com","Project Name":"chu","Created At":"2020-01-21T02:23:18.000Z","Updated At":"2020-01-21T02:23:18.000Z","Seconds to Label":9.508,"External ID":"chu060.jpeg","Agreement":null,"Benchmark Agreement":null,"Benchmark ID":null,"Benchmark Reference ID":null,"Dataset Name":"chu","Reviews":[],"View Label":"https://editor.labelbox.com?project=ck5mubt3y2g740929lccethj4&label=ck5n97ug57gv00952itterz18"},{"ID":"ck5n987qt1e6k0989adkus48x","DataRow ID":"ck5mu8w8v9qso0doqg10z21fq","Labeled Data":"https://storage.labelbox.com/ck5m7hol2ltok0843iolzs4yv%2F40f092e6-8729-fb7f-8d99-d047981c317f-chu092.jpeg?Expires=1580812345689&KeyName=labelbox-assets-key-1&Signature=I-qvAyfDMpYvXO0OfapZ1-K0qmU","Label":{"objects":[{"featureId":"ck5n98689030t0x8r0ip97g3c","schemaId":"ck5mucqheeh4v0770fyvo5t1c","title":"chu","value":"chu","color":"#FF0000","bbox":{"top":0,"left":9,"height":179,"width":215}}],"classifications":[]},"Created By":"jokekeh773@etopmail.com","Project Name":"chu","Created At":"2020-01-21T02:23:35.000Z","Updated At":"2020-01-21T02:23:36.000Z","Seconds to Label":12.362,"External ID":"chu092.jpeg","Agreement":null,"Benchmark Agreement":null,"Benchmark ID":null,"Benchmark Reference ID":null,"Dataset Name":"chu","Reviews":[],"View Label":"https://editor.labelbox.com?project=ck5mubt3y2g740929lccethj4&label=ck5n987qt1e6k0989adkus48x"},{"ID":"ck5n98ih6ywej0843n9uhsr51","DataRow ID":"ck5mu8w8p9qlw0doqeduj52vk","Labeled Data":"https://storage.labelbox.com/ck5m7hol2ltok0843iolzs4yv%2Ff2fb1558-cc65-f81a-a00a-88101ef6ebe8-chu031.jpeg?Expires=1580812345689&KeyName=labelbox-assets-key-1&Signature=YBLPaSPXIaKgyauJwDqeOgq4qNA","Label":{"objects":[{"featureId":"ck5n98h4s034e0x757n17691f","schemaId":"ck5mucqheeh4v0770fyvo5t1c","title":"chu","value":"chu","color":"#FF0000","bbox":{"top":51,"left":0,"height":173,"width":153}}],"classifications":[]},"Created By":"jokekeh773@etopmail.com","Project Name":"chu","Created At":"2020-01-21T02:23:49.000Z","Updated At":"2020-01-21T02:23:49.000Z","Seconds to Label":9.424,"External ID":"chu031.jpeg","Agreement":null,"Benchmark Agreement":null,"Benchmark ID":null,"Benchmark Reference ID":null,"Dataset Name":"chu","Reviews":[],"View Label":"https://editor.labelbox.com?project=ck5mubt3y2g740929lccethj4&label=ck5n98ih6ywej0843n9uhsr51"},{"ID":"ck5n98tfpzadv0978crnyi6gc","DataRow ID":"ck5mu8w8t9qpg0doq4tys1085","Labeled Data":"https://storage.labelbox.com/ck5m7hol2ltok0843iolzs4yv%2F782fcb13-caf7-37bd-e34a-218856d2c371-chu063.jpeg?Expires=1580812345689&KeyName=labelbox-assets-key-1&Signature=0Pxnaksrj53e8-tAZGg3-Q1P7AI","Label":{"objects":[{"featureId":"ck5n98rvk034q0x8zd7mw1dr7","schemaId":"ck5mucqheeh4v0770fyvo5t1c","title":"chu","value":"chu","color":"#FF0000","bbox":{"top":72,"left":24,"height":152,"width":95}}],"classifications":[]},"Created By":"jokekeh773@etopmail.com","Project Name":"chu","Created At":"2020-01-21T02:24:04.000Z","Updated At":"2020-01-21T02:24:04.000Z","Seconds to Label":8.282,"External ID":"chu063.jpeg","Agreement":null,"Benchmark Agreement":null,"Benchmark ID":null,"Benchmark Reference ID":null,"Dataset Name":"chu","Reviews":[],"View Label":"https://editor.labelbox.com?project=ck5mubt3y2g740929lccethj4&label=ck5n98tfpzadv0978crnyi6gc"},{"ID":"ck5n995hntm0r0a56msrjll66","DataRow ID":"ck5mu8w8w9qt00doq4rqi2kbo","Labeled Data":"https://storage.labelbox.com/ck5m7hol2ltok0843iolzs4yv%2F40e3af71-9937-d4e8-2894-36e449803628-chu095.jpeg?Expires=1580812345689&KeyName=labelbox-assets-key-1&Signature=kgPGID_pwzFwtcc5STdIPfTwkAs","Label":{"objects":[{"featureId":"ck5n9943503520x8za1y3ax3i","schemaId":"ck5mucqheeh4v0770fyvo5t1c","title":"chu","value":"chu","color":"#FF0000","bbox":{"top":0,"left":0,"height":224,"width":192}}],"classifications":[]},"Created By":"jokekeh773@etopmail.com","Project Name":"chu","Created At":"2020-01-21T02:24:19.000Z","Updated At":"2020-01-21T04:36:38.000Z","Seconds to Label":10.349,"External ID":"chu095.jpeg","Agreement":null,"Benchmark Agreement":null,"Benchmark ID":null,"Benchmark Reference ID":null,"Dataset Name":"chu","Reviews":[],"View Label":"https://editor.labelbox.com?project=ck5mubt3y2g740929lccethj4&label=ck5n995hntm0r0a56msrjll66"},{"ID":"ck5n99hfp7jdr0929otg5d21a","DataRow ID":"ck5mu8w8h9qio0doq3dgv12xh","Labeled Data":"https://storage.labelbox.com/ck5m7hol2ltok0843iolzs4yv%2F05f1ad87-1c31-beb2-497d-c553c5e00beb-chu002.jpeg?Expires=1580812345689&KeyName=labelbox-assets-key-1&Signature=Wos-tvplJnGBg8T9s7hkgzCa2dU","Label":{"objects":[{"featureId":"ck5n99g7q031k0x8rwotnn4il","schemaId":"ck5mucqheeh4v0770fyvo5t1c","title":"chu","value":"chu","color":"#FF0000","bbox":{"top":2,"left":5,"height":216,"width":216}}],"classifications":[]},"Created By":"jokekeh773@etopmail.com","Project Name":"chu","Created At":"2020-01-21T02:24:35.000Z","Updated At":"2020-01-21T02:24:35.000Z","Seconds to Label":11.385,"External ID":"chu002.jpeg","Agreement":null,"Benchmark Agreement":null,"Benchmark ID":null,"Benchmark Reference ID":null,"Dataset Name":"chu","Reviews":[],"View Label":"https://editor.labelbox.com?project=ck5mubt3y2g740929lccethj4&label=ck5n99hfp7jdr0929otg5d21a"},{"ID":"ck5n99ssqywou0843xb53zxko","DataRow ID":"ck5mu8w8p9qm80doq0jim64bo","Labeled Data":"https://storage.labelbox.com/ck5m7hol2ltok0843iolzs4yv%2Fd9adca71-1410-f9c6-48fa-bb8208a87d54-chu034.jpeg?Expires=1580812345689&KeyName=labelbox-assets-key-1&Signature=QIfLs6XTMkCMYGtzZVm4H1jV4uY","Label":{"objects":[{"featureId":"ck5n99rf6035d0x8zbhmn6wap","schemaId":"ck5mucqheeh4v0770fyvo5t1c","title":"chu","value":"chu","color":"#FF0000","bbox":{"top":87,"left":40,"height":137,"width":161}}],"classifications":[]},"Created By":"jokekeh773@etopmail.com","Project Name":"chu","Created At":"2020-01-21T02:24:49.000Z","Updated At":"2020-01-21T04:36:28.000Z","Seconds to Label":10.475000000000001,"External ID":"chu034.jpeg","Agreement":null,"Benchmark Agreement":null,"Benchmark ID":null,"Benchmark Reference ID":null,"Dataset Name":"chu","Reviews":[],"View Label":"https://editor.labelbox.com?project=ck5mubt3y2g740929lccethj4&label=ck5n99ssqywou0843xb53zxko"},{"ID":"ck5n9a581jiwv0770pv3i4o03","DataRow ID":"ck5mu8w8t9qps0doq39bmh6q3","Labeled Data":"https://storage.labelbox.com/ck5m7hol2ltok0843iolzs4yv%2F1feca004-3010-3a4a-fba8-d701adaddedf-chu066.jpeg?Expires=1580812345689&KeyName=labelbox-assets-key-1&Signature=vFF1Lrou7RN7KkdlU_JCYxjTj_8","Label":{"objects":[{"featureId":"ck5n9a2vy031v0x8r3rxhp0rt","schemaId":"ck5mucqheeh4v0770fyvo5t1c","title":"chu","value":"chu","color":"#FF0000","bbox":{"top":11,"left":43,"height":213,"width":168}}],"classifications":[]},"Created By":"jokekeh773@etopmail.com","Project Name":"chu","Created At":"2020-01-21T02:25:06.000Z","Updated At":"2020-01-21T04:36:21.000Z","Seconds to Label":11.816,"External ID":"chu066.jpeg","Agreement":null,"Benchmark Agreement":null,"Benchmark ID":null,"Benchmark Reference ID":null,"Dataset Name":"chu","Reviews":[],"View Label":"https://editor.labelbox.com?project=ck5mubt3y2g740929lccethj4&label=ck5n9a581jiwv0770pv3i4o03"},{"ID":"ck5n9aguaywt00843t3skgpe0","DataRow ID":"ck5mu8w8w9qtc0doq072w5sjr","Labeled Data":"https://storage.labelbox.com/ck5m7hol2ltok0843iolzs4yv%2F70515a34-f7e9-7a72-33cc-bc6cc4c5db81-chu098.jpeg?Expires=1580812345690&KeyName=labelbox-assets-key-1&Signature=ta7gvReEHnJZxkGZEfxG6ZNzKiE","Label":{"objects":[{"featureId":"ck5n9af1503240x8rpgbrptcz","schemaId":"ck5mucqheeh4v0770fyvo5t1c","title":"chu","value":"chu","color":"#FF0000","bbox":{"top":70,"left":48,"height":130,"width":174}}],"classifications":[]},"Created By":"jokekeh773@etopmail.com","Project Name":"chu","Created At":"2020-01-21T02:25:21.000Z","Updated At":"2020-01-21T04:36:15.000Z","Seconds to Label":13.401,"External ID":"chu098.jpeg","Agreement":null,"Benchmark Agreement":null,"Benchmark ID":null,"Benchmark Reference ID":null,"Dataset Name":"chu","Reviews":[],"View Label":"https://editor.labelbox.com?project=ck5mubt3y2g740929lccethj4&label=ck5n9aguaywt00843t3skgpe0"},{"ID":"ck5n9aunh7heq0952yb7t7jci","DataRow ID":"ck5mu8w8i9qj00doq3arzei5e","Labeled Data":"https://storage.labelbox.com/ck5m7hol2ltok0843iolzs4yv%2F51e9a29e-584d-2456-46ae-dbb2e2a5d46d-chu005.jpeg?Expires=1580812345690&KeyName=labelbox-assets-key-1&Signature=VN6-r0Hl7v-P1E9Eic9GUV4T-e0","Label":{"objects":[{"featureId":"ck5n9asvu035w0x8zdqaytxyq","schemaId":"ck5mucqheeh4v0770fyvo5t1c","title":"chu","value":"chu","color":"#FF0000","bbox":{"top":4,"left":4,"height":217,"width":214}}],"classifications":[]},"Created By":"jokekeh773@etopmail.com","Project Name":"chu","Created At":"2020-01-21T02:25:38.000Z","Updated At":"2020-01-21T02:25:39.000Z","Seconds to Label":13.111,"External ID":"chu005.jpeg","Agreement":null,"Benchmark Agreement":null,"Benchmark ID":null,"Benchmark Reference ID":null,"Dataset Name":"chu","Reviews":[],"View Label":"https://editor.labelbox.com?project=ck5mubt3y2g740929lccethj4&label=ck5n9aunh7heq0952yb7t7jci"},{"ID":"ck5n9b700nbxg0835qtqx5lcd","DataRow ID":"ck5mu8w8p9qmk0doqbwxy85vu","Labeled Data":"https://storage.labelbox.com/ck5m7hol2ltok0843iolzs4yv%2F5370dd23-72d9-b2cc-e540-29211bb203f4-chu037.jpeg?Expires=1580812345690&KeyName=labelbox-assets-key-1&Signature=AjYekbdWlfbMkKkEMtpaTiTtOZw","Label":{"objects":[{"featureId":"ck5n9b5kg035f0x754005q0sn","schemaId":"ck5mucqheeh4v0770fyvo5t1c","title":"chu","value":"chu","color":"#FF0000","bbox":{"top":93,"left":0,"height":131,"width":224}}],"classifications":[]},"Created By":"jokekeh773@etopmail.com","Project Name":"chu","Created At":"2020-01-21T02:25:54.000Z","Updated At":"2020-01-21T02:25:55.000Z","Seconds to Label":10.761,"External ID":"chu037.jpeg","Agreement":null,"Benchmark Agreement":null,"Benchmark ID":null,"Benchmark Reference ID":null,"Dataset Name":"chu","Reviews":[],"View Label":"https://editor.labelbox.com?project=ck5mubt3y2g740929lccethj4&label=ck5n9b700nbxg0835qtqx5lcd"},{"ID":"ck5n9c1lwnc610835z9t7mnep","DataRow ID":"ck5mu8w8t9qq40doq65uje4ec","Labeled Data":"https://storage.labelbox.com/ck5m7hol2ltok0843iolzs4yv%2Fa9b9d3e5-cfd7-0413-8718-81ff18391ea7-chu069.jpeg?Expires=1580812345690&KeyName=labelbox-assets-key-1&Signature=okR1VpcaDDGdch-hDiXZ6VRNGVY","Label":{"objects":[{"featureId":"ck5n9bzld035q0x75jluf342p","schemaId":"ck5mucqheeh4v0770fyvo5t1c","title":"chu","value":"chu","color":"#FF0000","bbox":{"top":126,"left":112,"height":98,"width":52}}],"classifications":[]},"Created By":"jokekeh773@etopmail.com","Project Name":"chu","Created At":"2020-01-21T02:26:34.000Z","Updated At":"2020-01-21T02:26:34.000Z","Seconds to Label":33.782,"External ID":"chu069.jpeg","Agreement":null,"Benchmark Agreement":null,"Benchmark ID":null,"Benchmark Reference ID":null,"Dataset Name":"chu","Reviews":[],"View Label":"https://editor.labelbox.com?project=ck5mubt3y2g740929lccethj4&label=ck5n9c1lwnc610835z9t7mnep"},{"ID":"ck5n9cc2wnc800835fgv358yd","DataRow ID":"ck5mu8w8i9qjc0doq3u9d5c0r","Labeled Data":"https://storage.labelbox.com/ck5m7hol2ltok0843iolzs4yv%2Fe7531cad-074e-2c75-0190-6e47f78cecba-chu008.jpeg?Expires=1580812345690&KeyName=labelbox-assets-key-1&Signature=9L6ck3H14knWYUnbqFBRxU-NFGw","Label":{"objects":[{"featureId":"ck5n9capa035u0x75x748lamd","schemaId":"ck5mucqheeh4v0770fyvo5t1c","title":"chu","value":"chu","color":"#FF0000","bbox":{"top":40,"left":54,"height":153,"width":116}}],"classifications":[]},"Created By":"jokekeh773@etopmail.com","Project Name":"chu","Created At":"2020-01-21T02:26:48.000Z","Updated At":"2020-01-21T02:26:48.000Z","Seconds to Label":8.56,"External ID":"chu008.jpeg","Agreement":null,"Benchmark Agreement":null,"Benchmark ID":null,"Benchmark Reference ID":null,"Dataset Name":"chu","Reviews":[],"View Label":"https://editor.labelbox.com?project=ck5mubt3y2g740929lccethj4&label=ck5n9cc2wnc800835fgv358yd"},{"ID":"ck5n9d40jzbdq0978ya68xtui","DataRow ID":"ck5mu8w8u9qqg0doq1tiy7vtl","Labeled Data":"https://storage.labelbox.com/ck5m7hol2ltok0843iolzs4yv%2Ffc833461-d806-a55c-0a19-a63516f56d9e-chu072.jpeg?Expires=1580812345690&KeyName=labelbox-assets-key-1&Signature=jk6GzSAifgePI_uDV_Rpm81jtuA","Label":{"objects":[{"featureId":"ck5ndy1l9074k0x8rbq7p5qgo","schemaId":"ck5mucqheeh4v0770fyvo5t1c","title":"chu","value":"chu","color":"#FF0000","bbox":{"top":0,"left":21,"height":224,"width":183}}],"classifications":[]},"Created By":"jokekeh773@etopmail.com","Project Name":"chu","Created At":"2020-01-21T02:27:24.000Z","Updated At":"2020-01-21T04:35:40.000Z","Seconds to Label":11.775,"External ID":"chu072.jpeg","Agreement":null,"Benchmark Agreement":null,"Benchmark ID":null,"Benchmark Reference ID":null,"Dataset Name":"chu","Reviews":[],"View Label":"https://editor.labelbox.com?project=ck5mubt3y2g740929lccethj4&label=ck5n9d40jzbdq0978ya68xtui"},{"ID":"ck5n9da891fa60989gr7667ji","DataRow ID":"ck5mu8w8i9qjo0doq9lt0cglz","Labeled Data":"https://storage.labelbox.com/ck5m7hol2ltok0843iolzs4yv%2Fcfc850a1-0423-e7f6-647b-7b8354bf3d71-chu011.jpeg?Expires=1580812345690&KeyName=labelbox-assets-key-1&Signature=WDAuO_GZu9kYV1WFrux0SObsZ_w","Label":{"objects":[{"featureId":"ck5n9d9zh033c0x8rlq83pcz2","schemaId":"ck5mucqheeh4v0770fyvo5t1c","title":"chu","value":"chu","color":"#FF0000","bbox":{"top":20,"left":12,"height":199,"width":173}}],"classifications":[]},"Created By":"jokekeh773@etopmail.com","Project Name":"chu","Created At":"2020-01-21T02:27:32.000Z","Updated At":"2020-01-21T02:27:32.000Z","Seconds to Label":6.39,"External ID":"chu011.jpeg","Agreement":null,"Benchmark Agreement":null,"Benchmark ID":null,"Benchmark Reference ID":null,"Dataset Name":"chu","Reviews":[],"View Label":"https://editor.labelbox.com?project=ck5mubt3y2g740929lccethj4&label=ck5n9da891fa60989gr7667ji"},{"ID":"ck5n9dezljjn60770519aagq4","DataRow ID":"ck5mu8w8r9qn80doq447e8s6a","Labeled Data":"https://storage.labelbox.com/ck5m7hol2ltok0843iolzs4yv%2Fdad1cc32-7114-5394-7101-d17057317d0b-chu043.jpeg?Expires=1580812345690&KeyName=labelbox-assets-key-1&Signature=zrla8ETbDN9TKpLF4R9e8mP4IQM","Label":{"objects":[{"featureId":"ck5n9de8l036c0x75021hgrn6","schemaId":"ck5mucqheeh4v0770fyvo5t1c","title":"chu","value":"chu","color":"#FF0000","bbox":{"top":6,"left":107,"height":218,"width":104}}],"classifications":[]},"Created By":"jokekeh773@etopmail.com","Project Name":"chu","Created At":"2020-01-21T02:27:38.000Z","Updated At":"2020-01-21T04:35:18.000Z","Seconds to Label":7.478999999999999,"External ID":"chu043.jpeg","Agreement":null,"Benchmark Agreement":null,"Benchmark ID":null,"Benchmark Reference ID":null,"Dataset Name":"chu","Reviews":[],"View Label":"https://editor.labelbox.com?project=ck5mubt3y2g740929lccethj4&label=ck5n9dezljjn60770519aagq4"},{"ID":"ck5n9dknnzbgx0978tdzsmu7u","DataRow ID":"ck5mu8w8u9qqs0doqgl0w8b5i","Labeled Data":"https://storage.labelbox.com/ck5m7hol2ltok0843iolzs4yv%2F904703af-fbf0-69a8-7306-c902ac0a7dee-chu075.jpeg?Expires=1580812345690&KeyName=labelbox-assets-key-1&Signature=GxwQONxxKqcH_zrJaf3MTAi6AVg","Label":{"objects":[{"featureId":"ck5n9dkf9036d0x757flsq5jf","schemaId":"ck5mucqheeh4v0770fyvo5t1c","title":"chu","value":"chu","color":"#FF0000","bbox":{"top":3,"left":42,"height":221,"width":182}}],"classifications":[]},"Created By":"jokekeh773@etopmail.com","Project Name":"chu","Created At":"2020-01-21T02:27:45.000Z","Updated At":"2020-01-21T02:27:46.000Z","Seconds to Label":6.18,"External ID":"chu075.jpeg","Agreement":null,"Benchmark Agreement":null,"Benchmark ID":null,"Benchmark Reference ID":null,"Dataset Name":"chu","Reviews":[],"View Label":"https://editor.labelbox.com?project=ck5mubt3y2g740929lccethj4&label=ck5n9dknnzbgx0978tdzsmu7u"},{"ID":"ck5n9drca7k9l0929bgscqnwo","DataRow ID":"ck5mu8w8j9qk00doqevt86l92","Labeled Data":"https://storage.labelbox.com/ck5m7hol2ltok0843iolzs4yv%2F384478b8-ed5b-0a0e-b1b5-be4771ac61a3-chu014.jpeg?Expires=1580812345690&KeyName=labelbox-assets-key-1&Signature=sT6ZGiDjqM0tn-lTtvFqS_BJVjc","Label":{"objects":[{"featureId":"ck5n9dqp3037j0x8z969pa1a2","schemaId":"ck5mucqheeh4v0770fyvo5t1c","title":"chu","value":"chu","color":"#FF0000","bbox":{"top":16,"left":20,"height":195,"width":191}}],"classifications":[]},"Created By":"jokekeh773@etopmail.com","Project Name":"chu","Created At":"2020-01-21T02:27:54.000Z","Updated At":"2020-01-21T02:27:54.000Z","Seconds to Label":6.853,"External ID":"chu014.jpeg","Agreement":null,"Benchmark Agreement":null,"Benchmark ID":null,"Benchmark Reference ID":null,"Dataset Name":"chu","Reviews":[],"View Label":"https://editor.labelbox.com?project=ck5mubt3y2g740929lccethj4&label=ck5n9drca7k9l0929bgscqnwo"},{"ID":"ck5n9dvjo7kbh09294ifel39w","DataRow ID":"ck5mu8w8s9qnk0doq9bjyaphn","Labeled Data":"https://storage.labelbox.com/ck5m7hol2ltok0843iolzs4yv%2Fd0901fc1-ddb0-fa0e-9597-5bdae4e490b6-chu046.jpeg?Expires=1580812345690&KeyName=labelbox-assets-key-1&Signature=VBKvIdBGV5do74VI7MSinuPp97o","Label":{"objects":[{"featureId":"ck5n9duxw033o0x8rejxpav5d","schemaId":"ck5mucqheeh4v0770fyvo5t1c","title":"chu","value":"chu","color":"#FF0000","bbox":{"top":0,"left":44,"height":220,"width":166}}],"classifications":[]},"Created By":"jokekeh773@etopmail.com","Project Name":"chu","Created At":"2020-01-21T02:28:00.000Z","Updated At":"2020-01-21T02:28:00.000Z","Seconds to Label":3.814,"External ID":"chu046.jpeg","Agreement":null,"Benchmark Agreement":null,"Benchmark ID":null,"Benchmark Reference ID":null,"Dataset Name":"chu","Reviews":[],"View Label":"https://editor.labelbox.com?project=ck5mubt3y2g740929lccethj4&label=ck5n9dvjo7kbh09294ifel39w"},{"ID":"ck5n9dyycncmh08355kcuvbcc","DataRow ID":"ck5mu8w8u9qr40doq3qgi5vrl","Labeled Data":"https://storage.labelbox.com/ck5m7hol2ltok0843iolzs4yv%2Fb421d2c7-fe2e-b10c-2d07-da0952f1eb66-chu078.jpeg?Expires=1580812345690&KeyName=labelbox-assets-key-1&Signature=Z3SGbLQgEh0aoU8uk03sqEpMHF0","Label":{"objects":[{"featureId":"ck5n9dyee033s0x8r9qjs8cio","schemaId":"ck5mucqheeh4v0770fyvo5t1c","title":"chu","value":"chu","color":"#FF0000","bbox":{"top":0,"left":2,"height":224,"width":222}}],"classifications":[]},"Created By":"jokekeh773@etopmail.com","Project Name":"chu","Created At":"2020-01-21T02:28:04.000Z","Updated At":"2020-01-21T02:28:04.000Z","Seconds to Label":2.957,"External ID":"chu078.jpeg","Agreement":null,"Benchmark Agreement":null,"Benchmark ID":null,"Benchmark Reference ID":null,"Dataset Name":"chu","Reviews":[],"View Label":"https://editor.labelbox.com?project=ck5mubt3y2g740929lccethj4&label=ck5n9dyycncmh08355kcuvbcc"},{"ID":"ck5n9e34a1fhs09891qm408f6","DataRow ID":"ck5mu8w8n9qkc0doqetjo326p","Labeled Data":"https://storage.labelbox.com/ck5m7hol2ltok0843iolzs4yv%2F31344705-b498-3077-b9d1-743f7c414204-chu017.jpeg?Expires=1580812345690&KeyName=labelbox-assets-key-1&Signature=DPrcE9jg7OnxRjIyJ8q6OLAjTMk","Label":{"objects":[{"featureId":"ck5n9e2mu033v0x8rrtx3013w","schemaId":"ck5mucqheeh4v0770fyvo5t1c","title":"chu","value":"chu","color":"#FF0000","bbox":{"top":42,"left":58,"height":182,"width":116}}],"classifications":[]},"Created By":"jokekeh773@etopmail.com","Project Name":"chu","Created At":"2020-01-21T02:28:09.000Z","Updated At":"2020-01-21T04:34:59.000Z","Seconds to Label":6.813,"External ID":"chu017.jpeg","Agreement":null,"Benchmark Agreement":null,"Benchmark ID":null,"Benchmark Reference ID":null,"Dataset Name":"chu","Reviews":[],"View Label":"https://editor.labelbox.com?project=ck5mubt3y2g740929lccethj4&label=ck5n9e34a1fhs09891qm408f6"},{"ID":"ck5n9e6bs1fjf0989az7q2rmj","DataRow ID":"ck5mu8w8s9qnw0doqaf5w99yi","Labeled Data":"https://storage.labelbox.com/ck5m7hol2ltok0843iolzs4yv%2Ffac23151-c37c-75db-4d79-6f7e80b0e93d-chu049.jpeg?Expires=1580812345691&KeyName=labelbox-assets-key-1&Signature=DSt5n-VoBWz8DUzFnl3ISFElgsE","Label":{"objects":[{"featureId":"ck5n9e62b033w0x8rspitcehw","schemaId":"ck5mucqheeh4v0770fyvo5t1c","title":"chu","value":"chu","color":"#FF0000","bbox":{"top":0,"left":43,"height":199,"width":101}}],"classifications":[]},"Created By":"jokekeh773@etopmail.com","Project Name":"chu","Created At":"2020-01-21T02:28:14.000Z","Updated At":"2020-01-21T02:28:14.000Z","Seconds to Label":2.817,"External ID":"chu049.jpeg","Agreement":null,"Benchmark Agreement":null,"Benchmark ID":null,"Benchmark Reference ID":null,"Dataset Name":"chu","Reviews":[],"View Label":"https://editor.labelbox.com?project=ck5mubt3y2g740929lccethj4&label=ck5n9e6bs1fjf0989az7q2rmj"},{"ID":"ck5n9eah8yxoj0843fyn49deb","DataRow ID":"ck5mu8w8u9qrg0doqgydo7qak","Labeled Data":"https://storage.labelbox.com/ck5m7hol2ltok0843iolzs4yv%2Fa74fa09b-332f-6e65-c043-f85b0e7e189a-chu081.jpeg?Expires=1580812345691&KeyName=labelbox-assets-key-1&Signature=CAF1_S8Kg_DvRjyLic44HcyFW0M","Label":{"objects":[{"featureId":"ck5n9ea5z036t0x75yg3q1dxe","schemaId":"ck5mucqheeh4v0770fyvo5t1c","title":"chu","value":"chu","color":"#FF0000","bbox":{"top":46,"left":90,"height":177,"width":134}}],"classifications":[]},"Created By":"jokekeh773@etopmail.com","Project Name":"chu","Created At":"2020-01-21T02:28:19.000Z","Updated At":"2020-01-21T04:34:39.000Z","Seconds to Label":5.282,"External ID":"chu081.jpeg","Agreement":null,"Benchmark Agreement":null,"Benchmark ID":null,"Benchmark Reference ID":null,"Dataset Name":"chu","Reviews":[],"View Label":"https://editor.labelbox.com?project=ck5mubt3y2g740929lccethj4&label=ck5n9eah8yxoj0843fyn49deb"},{"ID":"ck5n9eeuxzbqn0978lj274m5u","DataRow ID":"ck5mu8w8o9qko0doqcqwpc46i","Labeled Data":"https://storage.labelbox.com/ck5m7hol2ltok0843iolzs4yv%2F61da840a-1861-c208-498d-b107f0144da6-chu020.jpeg?Expires=1580812345691&KeyName=labelbox-assets-key-1&Signature=RFYv1VC4E4MSYuGJzWEQ87jRSL8","Label":{"objects":[{"featureId":"ck5n9eef1036v0x75t8wkqhyh","schemaId":"ck5mucqheeh4v0770fyvo5t1c","title":"chu","value":"chu","color":"#FF0000","bbox":{"top":12,"left":50,"height":187,"width":174}}],"classifications":[]},"Created By":"jokekeh773@etopmail.com","Project Name":"chu","Created At":"2020-01-21T02:28:25.000Z","Updated At":"2020-01-21T02:28:25.000Z","Seconds to Label":3.631,"External ID":"chu020.jpeg","Agreement":null,"Benchmark Agreement":null,"Benchmark ID":null,"Benchmark Reference ID":null,"Dataset Name":"chu","Reviews":[],"View Label":"https://editor.labelbox.com?project=ck5mubt3y2g740929lccethj4&label=ck5n9eeuxzbqn0978lj274m5u"},{"ID":"ck5n9ejxencta0835izko0ic5","DataRow ID":"ck5mu8w8s9qo80doq0uhsb5lh","Labeled Data":"https://storage.labelbox.com/ck5m7hol2ltok0843iolzs4yv%2Fd6cb190b-2166-3533-ee3b-a956d67d5d4d-chu052.jpeg?Expires=1580812345691&KeyName=labelbox-assets-key-1&Signature=KqCjoDAn3DDPMSHVmsQ1oal75vg","Label":{"objects":[{"featureId":"ck5n9ejem03460x8rqx9owny7","schemaId":"ck5mucqheeh4v0770fyvo5t1c","title":"chu","value":"chu","color":"#FF0000","bbox":{"top":4,"left":84,"height":220,"width":117}}],"classifications":[]},"Created By":"jokekeh773@etopmail.com","Project Name":"chu","Created At":"2020-01-21T02:28:31.000Z","Updated At":"2020-01-21T04:34:26.000Z","Seconds to Label":5.765,"External ID":"chu052.jpeg","Agreement":null,"Benchmark Agreement":null,"Benchmark ID":null,"Benchmark Reference ID":null,"Dataset Name":"chu","Reviews":[],"View Label":"https://editor.labelbox.com?project=ck5mubt3y2g740929lccethj4&label=ck5n9ejxencta0835izko0ic5"},{"ID":"ck5n9eqp37ihv0952k0kiwh49","DataRow ID":"ck5mu8w8u9qrs0doqayr79b6j","Labeled Data":"https://storage.labelbox.com/ck5m7hol2ltok0843iolzs4yv%2Faf3fcc8c-9685-52d9-b8b0-6a6b81a5739c-chu084.jpg?Expires=1580812345691&KeyName=labelbox-assets-key-1&Signature=oFNzbTQULf9nV26ZbLoK8g9L7ms","Label":{"objects":[{"featureId":"ck5n9eoro034b0x8r9p2mv65j","schemaId":"ck5mucqheeh4v0770fyvo5t1c","title":"chu","value":"chu","color":"#FF0000","bbox":{"top":28,"left":52,"height":187,"width":146}}],"classifications":[]},"Created By":"jokekeh773@etopmail.com","Project Name":"chu","Created At":"2020-01-21T02:28:40.000Z","Updated At":"2020-01-21T04:34:14.000Z","Seconds to Label":14.021999999999998,"External ID":"chu084.jpg","Agreement":null,"Benchmark Agreement":null,"Benchmark ID":null,"Benchmark Reference ID":null,"Dataset Name":"chu","Reviews":[],"View Label":"https://editor.labelbox.com?project=ck5mubt3y2g740929lccethj4&label=ck5n9eqp37ihv0952k0kiwh49"},{"ID":"ck5n9evf9tnc10a563wlntj6m","DataRow ID":"ck5mu8w8o9ql00doq544f0ne8","Labeled Data":"https://storage.labelbox.com/ck5m7hol2ltok0843iolzs4yv%2F69d5b8e5-2bdd-14dc-d61e-9dbebffc911c-chu023.jpeg?Expires=1580812345691&KeyName=labelbox-assets-key-1&Signature=DbjtXLkU9IDNrks_rZ-SfdBjcd8","Label":{"objects":[{"featureId":"ck5n9euos034d0x8rrpoyut3h","schemaId":"ck5mucqheeh4v0770fyvo5t1c","title":"chu","value":"chu","color":"#FF0000","bbox":{"top":0,"left":49,"height":224,"width":150}}],"classifications":[]},"Created By":"jokekeh773@etopmail.com","Project Name":"chu","Created At":"2020-01-21T02:28:46.000Z","Updated At":"2020-01-21T02:28:46.000Z","Seconds to Label":3.962,"External ID":"chu023.jpeg","Agreement":null,"Benchmark Agreement":null,"Benchmark ID":null,"Benchmark Reference ID":null,"Dataset Name":"chu","Reviews":[],"View Label":"https://editor.labelbox.com?project=ck5mubt3y2g740929lccethj4&label=ck5n9evf9tnc10a563wlntj6m"},{"ID":"ck5n9eza7yxyg0843q7bvmttn","DataRow ID":"ck5mu8w8s9qok0doq40am7buj","Labeled Data":"https://storage.labelbox.com/ck5m7hol2ltok0843iolzs4yv%2Fbbe0921c-78d0-0555-1144-d01642bf9dd6-chu055.jpeg?Expires=1580812345691&KeyName=labelbox-assets-key-1&Signature=9al-yo83W8NUFXq3NUYdswLsvLk","Label":{"objects":[{"featureId":"ck5n9ez17034m0x8rarx27ntp","schemaId":"ck5mucqheeh4v0770fyvo5t1c","title":"chu","value":"chu","color":"#FF0000","bbox":{"top":49,"left":62,"height":175,"width":111}}],"classifications":[]},"Created By":"jokekeh773@etopmail.com","Project Name":"chu","Created At":"2020-01-21T02:28:51.000Z","Updated At":"2020-01-21T02:28:51.000Z","Seconds to Label":3.681,"External ID":"chu055.jpeg","Agreement":null,"Benchmark Agreement":null,"Benchmark ID":null,"Benchmark Reference ID":null,"Dataset Name":"chu","Reviews":[],"View Label":"https://editor.labelbox.com?project=ck5mubt3y2g740929lccethj4&label=ck5n9eza7yxyg0843q7bvmttn"},{"ID":"ck5n9f74ktnhw0a56va244zcy","DataRow ID":"ck5mu8w8v9qs40doqcgmo3xf9","Labeled Data":"https://storage.labelbox.com/ck5m7hol2ltok0843iolzs4yv%2F5fe654ed-d2ca-c45c-5a42-e6b3a3bce734-chu087.jpeg?Expires=1580812345691&KeyName=labelbox-assets-key-1&Signature=7_lGccZKZyo-poeQZkAL0NIU76w","Label":{"objects":[{"featureId":"ck5n9f6n9034p0x8r12l3uyc3","schemaId":"ck5mucqheeh4v0770fyvo5t1c","title":"chu","value":"chu","color":"#FF0000","bbox":{"top":0,"left":19,"height":224,"width":188}}],"classifications":[]},"Created By":"jokekeh773@etopmail.com","Project Name":"chu","Created At":"2020-01-21T02:29:01.000Z","Updated At":"2020-01-21T02:29:01.000Z","Seconds to Label":4.038,"External ID":"chu087.jpeg","Agreement":null,"Benchmark Agreement":null,"Benchmark ID":null,"Benchmark Reference ID":null,"Dataset Name":"chu","Reviews":[],"View Label":"https://editor.labelbox.com?project=ck5mubt3y2g740929lccethj4&label=ck5n9f74ktnhw0a56va244zcy"},{"ID":"ck5n9fa8h7kur0929fsk1edb2","DataRow ID":"ck5mu8w8o9qlc0doqg17n6gn8","Labeled Data":"https://storage.labelbox.com/ck5m7hol2ltok0843iolzs4yv%2Fd4d2154c-2fb3-b6eb-065d-abeedd44a4d2-chu026.jpeg?Expires=1580812345691&KeyName=labelbox-assets-key-1&Signature=Q8VpgfWG04dia4AUF4n6ILju-3U","Label":{"objects":[{"featureId":"ck5n9f9xo037h0x75of9atrlx","schemaId":"ck5mucqheeh4v0770fyvo5t1c","title":"chu","value":"chu","color":"#FF0000","bbox":{"top":0,"left":45,"height":185,"width":98}}],"classifications":[]},"Created By":"jokekeh773@etopmail.com","Project Name":"chu","Created At":"2020-01-21T02:29:05.000Z","Updated At":"2020-01-21T04:33:47.000Z","Seconds to Label":3.953,"External ID":"chu026.jpeg","Agreement":null,"Benchmark Agreement":null,"Benchmark ID":null,"Benchmark Reference ID":null,"Dataset Name":"chu","Reviews":[],"View Label":"https://editor.labelbox.com?project=ck5mubt3y2g740929lccethj4&label=ck5n9fa8h7kur0929fsk1edb2"},{"ID":"ck5n9fejo1g0i098918uq9dsz","DataRow ID":"ck5mu8w8s9qow0doq1lck32va","Labeled Data":"https://storage.labelbox.com/ck5m7hol2ltok0843iolzs4yv%2F9d5e5aed-7435-6b9e-e581-77e8b6478809-chu058.jpeg?Expires=1580812345691&KeyName=labelbox-assets-key-1&Signature=JeO9ijgZaA8sLYZS98sshWpH5t4","Label":{"objects":[{"featureId":"ck5n9fe3q038u0x8zoezjal6r","schemaId":"ck5mucqheeh4v0770fyvo5t1c","title":"chu","value":"chu","color":"#FF0000","bbox":{"top":22,"left":29,"height":202,"width":93}}],"classifications":[]},"Created By":"jokekeh773@etopmail.com","Project Name":"chu","Created At":"2020-01-21T02:29:11.000Z","Updated At":"2020-01-21T04:33:41.000Z","Seconds to Label":6.089,"External ID":"chu058.jpeg","Agreement":null,"Benchmark Agreement":null,"Benchmark ID":null,"Benchmark Reference ID":null,"Dataset Name":"chu","Reviews":[],"View Label":"https://editor.labelbox.com?project=ck5mubt3y2g740929lccethj4&label=ck5n9fejo1g0i098918uq9dsz"},{"ID":"ck5n9fkdfnd9i08351t64qaz2","DataRow ID":"ck5mu8w8v9qsg0doqf7d2dwrg","Labeled Data":"https://storage.labelbox.com/ck5m7hol2ltok0843iolzs4yv%2F12f7b19c-6517-499b-e387-bec77860fb48-chu090.jpeg?Expires=1580812345691&KeyName=labelbox-assets-key-1&Signature=Okid7IPsZ2CchBv2CToGHksj7I8","Label":{"objects":[{"featureId":"ck5n9fjr6037o0x75flp9fphf","schemaId":"ck5mucqheeh4v0770fyvo5t1c","title":"chu","value":"chu","color":"#FF0000","bbox":{"top":7,"left":9,"height":207,"width":204}}],"classifications":[]},"Created By":"jokekeh773@etopmail.com","Project Name":"chu","Created At":"2020-01-21T02:29:18.000Z","Updated At":"2020-01-21T04:33:34.000Z","Seconds to Label":6.798,"External ID":"chu090.jpeg","Agreement":null,"Benchmark Agreement":null,"Benchmark ID":null,"Benchmark Reference ID":null,"Dataset Name":"chu","Reviews":[],"View Label":"https://editor.labelbox.com?project=ck5mubt3y2g740929lccethj4&label=ck5n9fkdfnd9i08351t64qaz2"},{"ID":"ck5n9fpobyy5o0843pkzjap3r","DataRow ID":"ck5mu8w8o9qlo0doq23xgaitk","Labeled Data":"https://storage.labelbox.com/ck5m7hol2ltok0843iolzs4yv%2F5f14a690-b1cd-4b68-bbac-7af5060aa5d7-chu029.jpeg?Expires=1580812345691&KeyName=labelbox-assets-key-1&Signature=9Ep7OKiHyEXilAqAc0X4QvQ7v3s","Label":{"objects":[{"featureId":"ck5n9fp2t034y0x8rzjq8vh6d","schemaId":"ck5mucqheeh4v0770fyvo5t1c","title":"chu","value":"chu","color":"#FF0000","bbox":{"top":66,"left":103,"height":145,"width":71}}],"classifications":[]},"Created By":"jokekeh773@etopmail.com","Project Name":"chu","Created At":"2020-01-21T02:29:25.000Z","Updated At":"2020-01-21T02:29:25.000Z","Seconds to Label":4.8,"External ID":"chu029.jpeg","Agreement":null,"Benchmark Agreement":null,"Benchmark ID":null,"Benchmark Reference ID":null,"Dataset Name":"chu","Reviews":[],"View Label":"https://editor.labelbox.com?project=ck5mubt3y2g740929lccethj4&label=ck5n9fpobyy5o0843pkzjap3r"},{"ID":"ck5n9fsyl7iw00952uu9hrbl7","DataRow ID":"ck5mu8w8t9qp80doq8gbt64wr","Labeled Data":"https://storage.labelbox.com/ck5m7hol2ltok0843iolzs4yv%2F94df5c52-6118-865a-ee76-98e0322434a0-chu061.jpeg?Expires=1580812345692&KeyName=labelbox-assets-key-1&Signature=503Qhk2ytIVN4UJlaKUtGKgdpJU","Label":{"objects":[{"featureId":"ck5n9fskk03500x8riy99kjmu","schemaId":"ck5mucqheeh4v0770fyvo5t1c","title":"chu","value":"chu","color":"#FF0000","bbox":{"top":7,"left":44,"height":217,"width":180}}],"classifications":[]},"Created By":"jokekeh773@etopmail.com","Project Name":"chu","Created At":"2020-01-21T02:29:30.000Z","Updated At":"2020-01-21T04:33:24.000Z","Seconds to Label":5.859999999999999,"External ID":"chu061.jpeg","Agreement":null,"Benchmark Agreement":null,"Benchmark ID":null,"Benchmark Reference ID":null,"Dataset Name":"chu","Reviews":[],"View Label":"https://editor.labelbox.com?project=ck5mubt3y2g740929lccethj4&label=ck5n9fsyl7iw00952uu9hrbl7"},{"ID":"ck5n9fx6p1g6p0989vvbsxbjp","DataRow ID":"ck5mu8w8v9qss0doqexc2628j","Labeled Data":"https://storage.labelbox.com/ck5m7hol2ltok0843iolzs4yv%2F7229375e-fe10-46e6-a5ee-1e340205d5d5-chu093.jpeg?Expires=1580812345692&KeyName=labelbox-assets-key-1&Signature=NE08FqDJ6l-4YG3AT9L4rhv_n3U","Label":{"objects":[{"featureId":"ck5n9fwuf03910x8z1t0gq5ox","schemaId":"ck5mucqheeh4v0770fyvo5t1c","title":"chu","value":"chu","color":"#FF0000","bbox":{"top":6,"left":26,"height":214,"width":184}}],"classifications":[]},"Created By":"jokekeh773@etopmail.com","Project Name":"chu","Created At":"2020-01-21T02:29:35.000Z","Updated At":"2020-01-21T02:29:35.000Z","Seconds to Label":3.998,"External ID":"chu093.jpeg","Agreement":null,"Benchmark Agreement":null,"Benchmark ID":null,"Benchmark Reference ID":null,"Dataset Name":"chu","Reviews":[],"View Label":"https://editor.labelbox.com?project=ck5mubt3y2g740929lccethj4&label=ck5n9fx6p1g6p0989vvbsxbjp"},{"ID":"ck5n9g0x5ndf70835jvcd3syq","DataRow ID":"ck5mu8w8p9qm00doqe2c4hjet","Labeled Data":"https://storage.labelbox.com/ck5m7hol2ltok0843iolzs4yv%2Fcff89e3d-e3b6-bcf5-28ff-cc2c52cd71ba-chu032.jpeg?Expires=1580812345692&KeyName=labelbox-assets-key-1&Signature=cx5GpGviT-Hb6Zhxc6QkxXB5a80","Label":{"objects":[{"featureId":"ck5n9g0is03940x8zgfgrdicu","schemaId":"ck5mucqheeh4v0770fyvo5t1c","title":"chu","value":"chu","color":"#FF0000","bbox":{"top":0,"left":0,"height":222,"width":224}}],"classifications":[]},"Created By":"jokekeh773@etopmail.com","Project Name":"chu","Created At":"2020-01-21T02:29:40.000Z","Updated At":"2020-01-21T02:29:40.000Z","Seconds to Label":2.761,"External ID":"chu032.jpeg","Agreement":null,"Benchmark Agreement":null,"Benchmark ID":null,"Benchmark Reference ID":null,"Dataset Name":"chu","Reviews":[],"View Label":"https://editor.labelbox.com?project=ck5mubt3y2g740929lccethj4&label=ck5n9g0x5ndf70835jvcd3syq"},{"ID":"ck5n9g529ndh80835uvv62a7r","DataRow ID":"ck5mu8w8t9qpk0doq6m0z6dqg","Labeled Data":"https://storage.labelbox.com/ck5m7hol2ltok0843iolzs4yv%2F2aca599f-d457-3922-d766-d0447e71adbb-chu064.jpeg?Expires=1580812345692&KeyName=labelbox-assets-key-1&Signature=Bn_U7mrV1fsUtsmm2mUqnsM-ERk","Label":{"objects":[{"featureId":"ck5n9g4sx03570x8re6a3nnt9","schemaId":"ck5mucqheeh4v0770fyvo5t1c","title":"chu","value":"chu","color":"#FF0000","bbox":{"top":104,"left":0,"height":120,"width":104}}],"classifications":[]},"Created By":"jokekeh773@etopmail.com","Project Name":"chu","Created At":"2020-01-21T02:29:45.000Z","Updated At":"2020-01-21T04:33:15.000Z","Seconds to Label":6.353,"External ID":"chu064.jpeg","Agreement":null,"Benchmark Agreement":null,"Benchmark ID":null,"Benchmark Reference ID":null,"Dataset Name":"chu","Reviews":[],"View Label":"https://editor.labelbox.com?project=ck5mubt3y2g740929lccethj4&label=ck5n9g529ndh80835uvv62a7r"},{"ID":"ck5n9g9gp1gbu0989ni44bqjb","DataRow ID":"ck5mu8w8w9qt40doqhimnc4l7","Labeled Data":"https://storage.labelbox.com/ck5m7hol2ltok0843iolzs4yv%2F2a78da0c-fe26-ee02-584e-25ce5b41ef58-chu096.jpeg?Expires=1580812345692&KeyName=labelbox-assets-key-1&Signature=KO1RmJQPgMtypgd8B3neTWZwn-g","Label":{"objects":[{"featureId":"ck5n9g992035e0x8raq8rhobv","schemaId":"ck5mucqheeh4v0770fyvo5t1c","title":"chu","value":"chu","color":"#FF0000","bbox":{"top":5,"left":23,"height":197,"width":163}}],"classifications":[]},"Created By":"jokekeh773@etopmail.com","Project Name":"chu","Created At":"2020-01-21T02:29:51.000Z","Updated At":"2020-01-21T02:29:51.000Z","Seconds to Label":7.736,"External ID":"chu096.jpeg","Agreement":null,"Benchmark Agreement":null,"Benchmark ID":null,"Benchmark Reference ID":null,"Dataset Name":"chu","Reviews":[],"View Label":"https://editor.labelbox.com?project=ck5mubt3y2g740929lccethj4&label=ck5n9g9gp1gbu0989ni44bqjb"},{"ID":"ck5n9gctqzce30978yftc1u2p","DataRow ID":"ck5mu8w8h9qis0doq3api2qzq","Labeled Data":"https://storage.labelbox.com/ck5m7hol2ltok0843iolzs4yv%2F9ebddaa6-48fb-81a8-d105-fed5da269fd1-chu003.jpeg?Expires=1580812345692&KeyName=labelbox-assets-key-1&Signature=ULsN6kjMWXwGCbzmy0zITnvxhuQ","Label":{"objects":[{"featureId":"ck5n9gchl035i0x8rfyxlpxht","schemaId":"ck5mucqheeh4v0770fyvo5t1c","title":"chu","value":"chu","color":"#FF0000","bbox":{"top":2,"left":5,"height":222,"width":218}}],"classifications":[]},"Created By":"jokekeh773@etopmail.com","Project Name":"chu","Created At":"2020-01-21T02:29:55.000Z","Updated At":"2020-01-21T02:29:55.000Z","Seconds to Label":2.782,"External ID":"chu003.jpeg","Agreement":null,"Benchmark Agreement":null,"Benchmark ID":null,"Benchmark Reference ID":null,"Dataset Name":"chu","Reviews":[],"View Label":"https://editor.labelbox.com?project=ck5mubt3y2g740929lccethj4&label=ck5n9gctqzce30978yftc1u2p"},{"ID":"ck5n9ggusndko0835qs7xwasj","DataRow ID":"ck5mu8w8p9qmc0doqdxwc3tu6","Labeled Data":"https://storage.labelbox.com/ck5m7hol2ltok0843iolzs4yv%2Feb0a32fe-abb2-5790-f70a-378c644a7596-chu035.jpeg?Expires=1580812345692&KeyName=labelbox-assets-key-1&Signature=zxHFv6vV-AzbdzFLqCO-viJOtLs","Label":{"objects":[{"featureId":"ck5n9ggm603990x8zmo9y9efn","schemaId":"ck5mucqheeh4v0770fyvo5t1c","title":"chu","value":"chu","color":"#FF0000","bbox":{"top":20,"left":24,"height":191,"width":190}}],"classifications":[]},"Created By":"jokekeh773@etopmail.com","Project Name":"chu","Created At":"2020-01-21T02:30:01.000Z","Updated At":"2020-01-21T02:30:01.000Z","Seconds to Label":3.868,"External ID":"chu035.jpeg","Agreement":null,"Benchmark Agreement":null,"Benchmark ID":null,"Benchmark Reference ID":null,"Dataset Name":"chu","Reviews":[],"View Label":"https://editor.labelbox.com?project=ck5mubt3y2g740929lccethj4&label=ck5n9ggusndko0835qs7xwasj"},{"ID":"ck5n9gkag7j3u095236thll8v","DataRow ID":"ck5mu8w8t9qpw0doq3rhggq9k","Labeled Data":"https://storage.labelbox.com/ck5m7hol2ltok0843iolzs4yv%2F206a089c-b4f7-06e2-c8fc-fd362ef41e75-chu067.jpeg?Expires=1580812345692&KeyName=labelbox-assets-key-1&Signature=w7KjTvOdC2X7ht5_193-C0G1EoI","Label":{"objects":[{"featureId":"ck5n9gjqb039b0x8zu546u91e","schemaId":"ck5mucqheeh4v0770fyvo5t1c","title":"chu","value":"chu","color":"#FF0000","bbox":{"top":7,"left":58,"height":217,"width":142}}],"classifications":[]},"Created By":"jokekeh773@etopmail.com","Project Name":"chu","Created At":"2020-01-21T02:30:05.000Z","Updated At":"2020-01-21T04:33:01.000Z","Seconds to Label":4.578,"External ID":"chu067.jpeg","Agreement":null,"Benchmark Agreement":null,"Benchmark ID":null,"Benchmark Reference ID":null,"Dataset Name":"chu","Reviews":[],"View Label":"https://editor.labelbox.com?project=ck5mubt3y2g740929lccethj4&label=ck5n9gkag7j3u095236thll8v"},{"ID":"ck5n9gsbm1ggq09898jlt31id","DataRow ID":"ck5mu8w8w9qtg0doq7j234u1h","Labeled Data":"https://storage.labelbox.com/ck5m7hol2ltok0843iolzs4yv%2F94589bc7-b603-acff-0111-e14467d0d13a-chu099.jpeg?Expires=1580812345692&KeyName=labelbox-assets-key-1&Signature=MH_sbcTf1bMTMdIG_EPEFoPBgMo","Label":{"objects":[{"featureId":"ck5n9gn7n035n0x8r6ms47bc8","schemaId":"ck5mucqheeh4v0770fyvo5t1c","title":"chu","value":"chu","color":"#FF0000","bbox":{"top":27,"left":72,"height":163,"width":98}}],"classifications":[]},"Created By":"jokekeh773@etopmail.com","Project Name":"chu","Created At":"2020-01-21T02:30:15.000Z","Updated At":"2020-01-21T02:30:15.000Z","Seconds to Label":8.870999999999999,"External ID":"chu099.jpeg","Agreement":null,"Benchmark Agreement":null,"Benchmark ID":null,"Benchmark Reference ID":null,"Dataset Name":"chu","Reviews":[],"View Label":"https://editor.labelbox.com?project=ck5mubt3y2g740929lccethj4&label=ck5n9gsbm1ggq09898jlt31id"},{"ID":"ck5n9gwdpndpi08358a42dhei","DataRow ID":"ck5mu8w8i9qj40doqfjhegzoe","Labeled Data":"https://storage.labelbox.com/ck5m7hol2ltok0843iolzs4yv%2F8328ab60-ea2b-519b-0267-eda261b19c11-chu006.jpeg?Expires=1580812345692&KeyName=labelbox-assets-key-1&Signature=ffu2M3q0EYsc4NC3F9Ppbzmankg","Label":{"objects":[{"featureId":"ck5n9gw1l038m0x75odyod2r4","schemaId":"ck5mucqheeh4v0770fyvo5t1c","title":"chu","value":"chu","color":"#FF0000","bbox":{"top":38,"left":16,"height":159,"width":208}}],"classifications":[]},"Created By":"jokekeh773@etopmail.com","Project Name":"chu","Created At":"2020-01-21T02:30:21.000Z","Updated At":"2020-01-21T04:32:53.000Z","Seconds to Label":5.36,"External ID":"chu006.jpeg","Agreement":null,"Benchmark Agreement":null,"Benchmark ID":null,"Benchmark Reference ID":null,"Dataset Name":"chu","Reviews":[],"View Label":"https://editor.labelbox.com?project=ck5mubt3y2g740929lccethj4&label=ck5n9gwdpndpi08358a42dhei"},{"ID":"ck5n9h0q07lcn0929nfcdxxxc","DataRow ID":"ck5mu8w8p9qmo0doq2cyyh9st","Labeled Data":"https://storage.labelbox.com/ck5m7hol2ltok0843iolzs4yv%2F9a5d33bb-c67d-c4db-bcae-a285c88f043b-chu038.jpeg?Expires=1580812345693&KeyName=labelbox-assets-key-1&Signature=BONMV8AZ_2XZM0ns_-Q0hb7PWHc","Label":{"objects":[{"featureId":"ck5n9h0ac039v0x8zsstyc8v6","schemaId":"ck5mucqheeh4v0770fyvo5t1c","title":"chu","value":"chu","color":"#FF0000","bbox":{"top":5,"left":7,"height":219,"width":201}}],"classifications":[]},"Created By":"jokekeh773@etopmail.com","Project Name":"chu","Created At":"2020-01-21T02:30:26.000Z","Updated At":"2020-01-21T02:30:26.000Z","Seconds to Label":3.835,"External ID":"chu038.jpeg","Agreement":null,"Benchmark Agreement":null,"Benchmark ID":null,"Benchmark Reference ID":null,"Dataset Name":"chu","Reviews":[],"View Label":"https://editor.labelbox.com?project=ck5mubt3y2g740929lccethj4&label=ck5n9h0q07lcn0929nfcdxxxc"},{"ID":"ck5n9h4e7yykl0843qligvb9w","DataRow ID":"ck5mu8w8t9qq80doq3b3ufi51","Labeled Data":"https://storage.labelbox.com/ck5m7hol2ltok0843iolzs4yv%2F4c49042e-f244-ffa5-f52b-7be3008a2e46-chu070.jpeg?Expires=1580812345693&KeyName=labelbox-assets-key-1&Signature=3KZMiZt0kjjjCEzszHKvP3q0Nbo","Label":{"objects":[{"featureId":"ck5n9h3pn039w0x8zw60bbcjg","schemaId":"ck5mucqheeh4v0770fyvo5t1c","title":"chu","value":"chu","color":"#FF0000","bbox":{"top":5,"left":107,"height":219,"width":106}}],"classifications":[]},"Created By":"jokekeh773@etopmail.com","Project Name":"chu","Created At":"2020-01-21T02:30:31.000Z","Updated At":"2020-01-21T02:30:31.000Z","Seconds to Label":3.122,"External ID":"chu070.jpeg","Agreement":null,"Benchmark Agreement":null,"Benchmark ID":null,"Benchmark Reference ID":null,"Dataset Name":"chu","Reviews":[],"View Label":"https://editor.labelbox.com?project=ck5mubt3y2g740929lccethj4&label=ck5n9h4e7yykl0843qligvb9w"},{"ID":"ck5n9h75szcnv0978d7uc450t","DataRow ID":"ck5mu8w8i9qjg0doqexeleo2u","Labeled Data":"https://storage.labelbox.com/ck5m7hol2ltok0843iolzs4yv%2F9647766a-39a2-140c-f784-fc55ce5052ee-chu009.jpeg?Expires=1580812345693&KeyName=labelbox-assets-key-1&Signature=AbFJoV3jrVxc4pmFqHJKoYj3XnU","Label":{"objects":[{"featureId":"ck5n9h6vc039y0x8zi14q9efk","schemaId":"ck5mucqheeh4v0770fyvo5t1c","title":"chu","value":"chu","color":"#FF0000","bbox":{"top":10,"left":14,"height":212,"width":202}}],"classifications":[]},"Created By":"jokekeh773@etopmail.com","Project Name":"chu","Created At":"2020-01-21T02:30:35.000Z","Updated At":"2020-01-21T04:32:38.000Z","Seconds to Label":5.4830000000000005,"External ID":"chu009.jpeg","Agreement":null,"Benchmark Agreement":null,"Benchmark ID":null,"Benchmark Reference ID":null,"Dataset Name":"chu","Reviews":[],"View Label":"https://editor.labelbox.com?project=ck5mubt3y2g740929lccethj4&label=ck5n9h75szcnv0978d7uc450t"},{"ID":"ck5n9hewrzcpw09784wjes0qk","DataRow ID":"ck5mu8w8r9qn00doqdzk565fy","Labeled Data":"https://storage.labelbox.com/ck5m7hol2ltok0843iolzs4yv%2F284ca55c-867a-17f5-f29c-3acb82ffe59a-chu041.jpeg?Expires=1580812345693&KeyName=labelbox-assets-key-1&Signature=h7voZPf5YIwE340tfn4qSCjPjgs","Label":{"objects":[{"featureId":"ck5n9h9yy038x0x75kxtq838n","schemaId":"ck5mucqheeh4v0770fyvo5t1c","title":"chu","value":"chu","color":"#FF0000","bbox":{"top":11,"left":13,"height":202,"width":135}}],"classifications":[]},"Created By":"jokekeh773@etopmail.com","Project Name":"chu","Created At":"2020-01-21T02:30:45.000Z","Updated At":"2020-01-21T04:32:29.000Z","Seconds to Label":11.007,"External ID":"chu041.jpeg","Agreement":null,"Benchmark Agreement":null,"Benchmark ID":null,"Benchmark Reference ID":null,"Dataset Name":"chu","Reviews":[],"View Label":"https://editor.labelbox.com?project=ck5mubt3y2g740929lccethj4&label=ck5n9hewrzcpw09784wjes0qk"},{"ID":"ck5n9hibzyyol08436dwnhn5w","DataRow ID":"ck5mu8w8u9qqk0doq75rh5eug","Labeled Data":"https://storage.labelbox.com/ck5m7hol2ltok0843iolzs4yv%2F28365ad7-9d73-5c5d-a6d5-3dddd88f8426-chu073.jpeg?Expires=1580812345693&KeyName=labelbox-assets-key-1&Signature=yBrIMMyUKeK46rUfx8UHRcw6bQ8","Label":{"objects":[{"featureId":"ck5n9hi0l03a60x8zvh44bm3y","schemaId":"ck5mucqheeh4v0770fyvo5t1c","title":"chu","value":"chu","color":"#FF0000","bbox":{"top":6,"left":23,"height":191,"width":171}}],"classifications":[]},"Created By":"jokekeh773@etopmail.com","Project Name":"chu","Created At":"2020-01-21T02:30:49.000Z","Updated At":"2020-01-21T04:32:21.000Z","Seconds to Label":5.896,"External ID":"chu073.jpeg","Agreement":null,"Benchmark Agreement":null,"Benchmark ID":null,"Benchmark Reference ID":null,"Dataset Name":"chu","Reviews":[],"View Label":"https://editor.labelbox.com?project=ck5mubt3y2g740929lccethj4&label=ck5n9hibzyyol08436dwnhn5w"},{"ID":"ck5n9hmtd7ljb09297xmbg6sy","DataRow ID":"ck5mu8w8j9qjs0doq6fprcsi6","Labeled Data":"https://storage.labelbox.com/ck5m7hol2ltok0843iolzs4yv%2F8860a7d9-e391-78bd-9ec8-0f5248412911-chu012.jpeg?Expires=1580812345693&KeyName=labelbox-assets-key-1&Signature=B2VR2HcooqeZ6UHjvjfdssB2elA","Label":{"objects":[{"featureId":"ck5n9hmc0036h0x8rupedzway","schemaId":"ck5mucqheeh4v0770fyvo5t1c","title":"chu","value":"chu","color":"#FF0000","bbox":{"top":24,"left":7,"height":188,"width":137}}],"classifications":[]},"Created By":"jokekeh773@etopmail.com","Project Name":"chu","Created At":"2020-01-21T02:30:55.000Z","Updated At":"2020-01-21T02:30:55.000Z","Seconds to Label":4.206,"External ID":"chu012.jpeg","Agreement":null,"Benchmark Agreement":null,"Benchmark ID":null,"Benchmark Reference ID":null,"Dataset Name":"chu","Reviews":[],"View Label":"https://editor.labelbox.com?project=ck5mubt3y2g740929lccethj4&label=ck5n9hmtd7ljb09297xmbg6sy"},{"ID":"ck5n9hq0zto960a56zoi0yr6w","DataRow ID":"ck5mu8w8r9qnc0doq2w8hfv8f","Labeled Data":"https://storage.labelbox.com/ck5m7hol2ltok0843iolzs4yv%2Ffc424cf1-7dc2-78e7-a11e-3bcc485db04d-chu044.jpeg?Expires=1580812345693&KeyName=labelbox-assets-key-1&Signature=bh-l4LyvYQ2tOseuDr5l75o3MtM","Label":{"objects":[{"featureId":"ck5n9hpq903ac0x8zwn2uv7ud","schemaId":"ck5mucqheeh4v0770fyvo5t1c","title":"chu","value":"chu","color":"#FF0000","bbox":{"top":87,"left":72,"height":105,"width":96}}],"classifications":[]},"Created By":"jokekeh773@etopmail.com","Project Name":"chu","Created At":"2020-01-21T02:30:59.000Z","Updated At":"2020-01-21T04:32:04.000Z","Seconds to Label":4.34,"External ID":"chu044.jpeg","Agreement":null,"Benchmark Agreement":null,"Benchmark ID":null,"Benchmark Reference ID":null,"Dataset Name":"chu","Reviews":[],"View Label":"https://editor.labelbox.com?project=ck5mubt3y2g740929lccethj4&label=ck5n9hq0zto960a56zoi0yr6w"},{"ID":"ck5n9hsz9ne030835wk4gu74j","DataRow ID":"ck5mu8w8u9qqw0doq0d5ph4wt","Labeled Data":"https://storage.labelbox.com/ck5m7hol2ltok0843iolzs4yv%2F5fc23e59-5763-42a1-b27a-c297afadcb52-chu076.jpeg?Expires=1580812345693&KeyName=labelbox-assets-key-1&Signature=GUFaC3bdR5g2STkN5yFdL0uWY2Q","Label":{"objects":[{"featureId":"ck5n9hsio03ah0x8zpyj9upl9","schemaId":"ck5mucqheeh4v0770fyvo5t1c","title":"chu","value":"chu","color":"#FF0000","bbox":{"top":0,"left":0,"height":223,"width":224}}],"classifications":[]},"Created By":"jokekeh773@etopmail.com","Project Name":"chu","Created At":"2020-01-21T02:31:03.000Z","Updated At":"2020-01-21T02:31:03.000Z","Seconds to Label":2.151,"External ID":"chu076.jpeg","Agreement":null,"Benchmark Agreement":null,"Benchmark ID":null,"Benchmark Reference ID":null,"Dataset Name":"chu","Reviews":[],"View Label":"https://editor.labelbox.com?project=ck5mubt3y2g740929lccethj4&label=ck5n9hsz9ne030835wk4gu74j"},{"ID":"ck5n9hxco7lmn0929pw7l00ts","DataRow ID":"ck5mu8w8n9qk40doqfboqbaft","Labeled Data":"https://storage.labelbox.com/ck5m7hol2ltok0843iolzs4yv%2Fca0616b9-e88a-fff2-7d3b-c43b8453cb44-chu015.jpeg?Expires=1580812345693&KeyName=labelbox-assets-key-1&Signature=4MKLJ5JSVOcDhu0EpQE42ENAt8Q","Label":{"objects":[{"featureId":"ck5n9hwxq03an0x8zg5h5uqx4","schemaId":"ck5mucqheeh4v0770fyvo5t1c","title":"chu","value":"chu","color":"#FF0000","bbox":{"top":20,"left":0,"height":194,"width":187}}],"classifications":[]},"Created By":"jokekeh773@etopmail.com","Project Name":"chu","Created At":"2020-01-21T02:31:09.000Z","Updated At":"2020-01-21T04:31:55.000Z","Seconds to Label":5.3180000000000005,"External ID":"chu015.jpeg","Agreement":null,"Benchmark Agreement":null,"Benchmark ID":null,"Benchmark Reference ID":null,"Dataset Name":"chu","Reviews":[],"View Label":"https://editor.labelbox.com?project=ck5mubt3y2g740929lccethj4&label=ck5n9hxco7lmn0929pw7l00ts"},{"ID":"ck5n9i7xa7jo509522ris49jt","DataRow ID":"ck5mu8w8s9qno0doq1qfp7h7o","Labeled Data":"https://storage.labelbox.com/ck5m7hol2ltok0843iolzs4yv%2F9845b60a-f511-eb07-6516-a5e16e7173c6-chu047.jpeg?Expires=1580812345693&KeyName=labelbox-assets-key-1&Signature=zuCgxIHvv_eUKmOk76mEg3fDQGo","Label":{"objects":[{"featureId":"ck5n9i7cg03az0x8zewjucyyj","schemaId":"ck5mucqheeh4v0770fyvo5t1c","title":"chu","value":"chu","color":"#FF0000","bbox":{"top":63,"left":68,"height":109,"width":68}}],"classifications":[]},"Created By":"jokekeh773@etopmail.com","Project Name":"chu","Created At":"2020-01-21T02:31:22.000Z","Updated At":"2020-01-21T04:31:51.000Z","Seconds to Label":11.459,"External ID":"chu047.jpeg","Agreement":null,"Benchmark Agreement":null,"Benchmark ID":null,"Benchmark Reference ID":null,"Dataset Name":"chu","Reviews":[],"View Label":"https://editor.labelbox.com?project=ck5mubt3y2g740929lccethj4&label=ck5n9i7xa7jo509522ris49jt"},{"ID":"ck5n9igel1h090989twoiu8d6","DataRow ID":"ck5mu8w8u9qr80doqazg74wly","Labeled Data":"https://storage.labelbox.com/ck5m7hol2ltok0843iolzs4yv%2F94077b3f-7def-8ccb-45ab-5466e3fff1c3-chu079.jpeg?Expires=1580812345694&KeyName=labelbox-assets-key-1&Signature=59zrWPFfTD3a42u1zgadb0rrR-Q","Label":{"objects":[{"featureId":"ck5n9ifsq039m0x75kj8asj1k","schemaId":"ck5mucqheeh4v0770fyvo5t1c","title":"chu","value":"chu","color":"#FF0000","bbox":{"top":4,"left":3,"height":219,"width":216}}],"classifications":[]},"Created By":"jokekeh773@etopmail.com","Project Name":"chu","Created At":"2020-01-21T02:31:33.000Z","Updated At":"2020-01-21T02:31:33.000Z","Seconds to Label":8.693,"External ID":"chu079.jpeg","Agreement":null,"Benchmark Agreement":null,"Benchmark ID":null,"Benchmark Reference ID":null,"Dataset Name":"chu","Reviews":[],"View Label":"https://editor.labelbox.com?project=ck5mubt3y2g740929lccethj4&label=ck5n9igel1h090989twoiu8d6"},{"ID":"ck5n9imnv1h2309894cd4sh5y","DataRow ID":"ck5mu8w8n9qkg0doq5yhbdyti","Labeled Data":"https://storage.labelbox.com/ck5m7hol2ltok0843iolzs4yv%2F2bbd4b53-066f-2df5-d4bd-fc03c94583e9-chu018.jpg?Expires=1580812345694&KeyName=labelbox-assets-key-1&Signature=DkoU8s4_W2myueJ1A5p7kLyxz6Q","Label":{"objects":[{"featureId":"ck5n9il7s03750x8rqoidf0x7","schemaId":"ck5mucqheeh4v0770fyvo5t1c","title":"chu","value":"chu","color":"#FF0000","bbox":{"top":0,"left":1,"height":224,"width":190}}],"classifications":[]},"Created By":"jokekeh773@etopmail.com","Project Name":"chu","Created At":"2020-01-21T02:31:41.000Z","Updated At":"2020-01-21T02:31:41.000Z","Seconds to Label":4.142,"External ID":"chu018.jpg","Agreement":null,"Benchmark Agreement":null,"Benchmark ID":null,"Benchmark Reference ID":null,"Dataset Name":"chu","Reviews":[],"View Label":"https://editor.labelbox.com?project=ck5mubt3y2g740929lccethj4&label=ck5n9imnv1h2309894cd4sh5y"},{"ID":"ck5n9ism6jl8z0770vi9v46j4","DataRow ID":"ck5mu8w8s9qo00doq1xzhbbye","Labeled Data":"https://storage.labelbox.com/ck5m7hol2ltok0843iolzs4yv%2Fe46c0389-ea79-a98e-29fc-d9f5d6e10452-chu050.jpeg?Expires=1580812345694&KeyName=labelbox-assets-key-1&Signature=3Iy5j1YePs3uC_wPxxF4oRjbMFY","Label":{"objects":[{"featureId":"ck5n9is3v039z0x75m4lsihoe","schemaId":"ck5mucqheeh4v0770fyvo5t1c","title":"chu","value":"chu","color":"#FF0000","bbox":{"top":0,"left":14,"height":221,"width":175}}],"classifications":[]},"Created By":"jokekeh773@etopmail.com","Project Name":"chu","Created At":"2020-01-21T02:31:49.000Z","Updated At":"2020-01-21T02:31:49.000Z","Seconds to Label":5.031,"External ID":"chu050.jpeg","Agreement":null,"Benchmark Agreement":null,"Benchmark ID":null,"Benchmark Reference ID":null,"Dataset Name":"chu","Reviews":[],"View Label":"https://editor.labelbox.com?project=ck5mubt3y2g740929lccethj4&label=ck5n9ism6jl8z0770vi9v46j4"},{"ID":"ck5n9j83tjldj0770xju7708x","DataRow ID":"ck5mu8w8u9qrk0doq8pfqej8p","Labeled Data":"https://storage.labelbox.com/ck5m7hol2ltok0843iolzs4yv%2Fab05a14c-0981-fa5e-89e8-9de3d82a0de8-chu082.jpeg?Expires=1580812345694&KeyName=labelbox-assets-key-1&Signature=AMjHcHtBj7V_2sGCQIPhCc_p3lE","Label":{"objects":[{"featureId":"ck5n9j6tt03c50x8z8hu2tm8u","schemaId":"ck5mucqheeh4v0770fyvo5t1c","title":"chu","value":"chu","color":"#FF0000","bbox":{"top":2,"left":5,"height":215,"width":215}}],"classifications":[]},"Created By":"jokekeh773@etopmail.com","Project Name":"chu","Created At":"2020-01-21T02:32:09.000Z","Updated At":"2020-01-21T04:31:28.000Z","Seconds to Label":18.485,"External ID":"chu082.jpeg","Agreement":null,"Benchmark Agreement":null,"Benchmark ID":null,"Benchmark Reference ID":null,"Dataset Name":"chu","Reviews":[],"View Label":"https://editor.labelbox.com?project=ck5mubt3y2g740929lccethj4&label=ck5n9j83tjldj0770xju7708x"},{"ID":"ck5nd3ysn8nz30952dkmsx06c","DataRow ID":"ck5mu8w8r9qmw0doqh33y8g70","Labeled Data":"https://storage.labelbox.com/ck5m7hol2ltok0843iolzs4yv%2Ff8dc97c6-8c5c-83f0-f3df-2a65d4acb94b-chu040.jpeg?Expires=1580812345694&KeyName=labelbox-assets-key-1&Signature=a0KM4aG0Q81QIQ3MW28Qt1mDTLk","Label":{"objects":[{"featureId":"ck5n9cwah03610x75oqoem9gi","schemaId":"ck5mucqheeh4v0770fyvo5t1c","title":"chu","value":"chu","color":"#FF0000","bbox":{"top":0,"left":0,"height":224,"width":224}},{"featureId":"ck5nd3xhd068g0x8z5wwbjcv0","schemaId":"ck5mucqheeh4v0770fyvo5t1c","title":"chu","value":"chu","color":"#FF0000","bbox":{"top":0,"left":0,"height":224,"width":224}}],"classifications":[]},"Created By":"jokekeh773@etopmail.com","Project Name":"chu","Created At":"2020-01-21T04:12:16.000Z","Updated At":"2020-01-21T04:12:16.000Z","Seconds to Label":9.71,"External ID":"chu040.jpeg","Agreement":null,"Benchmark Agreement":null,"Benchmark ID":null,"Benchmark Reference ID":null,"Dataset Name":"chu","Reviews":[],"View Label":"https://editor.labelbox.com?project=ck5mubt3y2g740929lccethj4&label=ck5nd3ysn8nz30952dkmsx06c"}]