[{"ID":"ck5ng4vcu1b6i0843f2sdl9ui","DataRow ID":"ck5ng2al7ejjw0doq21yt6lb9","Labeled Data":"https://storage.labelbox.com/ck5m7hol2ltok0843iolzs4yv%2Fdda3e764-c57c-8cee-ea4c-ccacc418fe1a-hwb024.jpeg?Expires=1580812550982&KeyName=labelbox-assets-key-1&Signature=Ey3aERI2zMDeomRWOytc8Ovts7c","Label":{"objects":[{"featureId":"ck5ng4otv09uw0x8rsa7405cn","schemaId":"ck5ng2uhjpq9j0835qouns66l","title":"hwb","value":"hwb","color":"#FF0000","bbox":{"top":45,"left":6,"height":142,"width":186}}],"classifications":[]},"Created By":"jokekeh773@etopmail.com","Project Name":"hwb","Created At":"2020-01-21T05:36:57.000Z","Updated At":"2020-01-21T05:36:57.000Z","Seconds to Label":9.86,"External ID":"hwb024.jpeg","Agreement":null,"Benchmark Agreement":null,"Benchmark ID":null,"Benchmark Reference ID":null,"Dataset Name":"hwb","Reviews":[],"View Label":"https://editor.labelbox.com?project=ck5ng2iwn9xfz09294y5wio2m&label=ck5ng4vcu1b6i0843f2sdl9ui"},{"ID":"ck5ng55va9w9r09521a66x05n","DataRow ID":"ck5ng2algejng0doqc3fp4jq4","Labeled Data":"https://storage.labelbox.com/ck5m7hol2ltok0843iolzs4yv%2F3b5d0b80-f079-618c-ea99-7b58cb90ed29-hwb056.jpeg?Expires=1580812550982&KeyName=labelbox-assets-key-1&Signature=BaTSdf-c8RM40OwaRIAfvOixd48","Label":{"objects":[{"featureId":"ck5ng55a30a020x8z5yhs6u3g","schemaId":"ck5ng2uhjpq9j0835qouns66l","title":"hwb","value":"hwb","color":"#FF0000","bbox":{"top":39,"left":27,"height":131,"width":197}}],"classifications":[]},"Created By":"jokekeh773@etopmail.com","Project Name":"hwb","Created At":"2020-01-21T05:37:10.000Z","Updated At":"2020-01-21T05:37:10.000Z","Seconds to Label":10.724,"External ID":"hwb056.jpeg","Agreement":null,"Benchmark Agreement":null,"Benchmark ID":null,"Benchmark Reference ID":null,"Dataset Name":"hwb","Reviews":[],"View Label":"https://editor.labelbox.com?project=ck5ng2iwn9xfz09294y5wio2m&label=ck5ng55va9w9r09521a66x05n"},{"ID":"ck5ng5ap31qew09780ewr10mu","DataRow ID":"ck5ng2allejr00doq7g0a92rn","Labeled Data":"https://storage.labelbox.com/ck5m7hol2ltok0843iolzs4yv%2F2517410f-51fd-8294-39e5-7e5774180a10-hwb088.jpeg?Expires=1580812550982&KeyName=labelbox-assets-key-1&Signature=cCd9g6euOC_7e460cZGecumH8XY","Label":{"objects":[{"featureId":"ck5ng5ah809zv0x753oxi8w2l","schemaId":"ck5ng2uhjpq9j0835qouns66l","title":"hwb","value":"hwb","color":"#FF0000","bbox":{"top":0,"left":0,"height":224,"width":224}}],"classifications":[]},"Created By":"jokekeh773@etopmail.com","Project Name":"hwb","Created At":"2020-01-21T05:37:17.000Z","Updated At":"2020-01-21T05:37:17.000Z","Seconds to Label":3.951,"External ID":"hwb088.jpeg","Agreement":null,"Benchmark Agreement":null,"Benchmark ID":null,"Benchmark Reference ID":null,"Dataset Name":"hwb","Reviews":[],"View Label":"https://editor.labelbox.com?project=ck5ng2iwn9xfz09294y5wio2m&label=ck5ng5ap31qew09780ewr10mu"},{"ID":"ck5ng5hrmlzn70770zi18esm5","DataRow ID":"ck5ng2al7ejk80doqbrw6e2u8","Labeled Data":"https://storage.labelbox.com/ck5m7hol2ltok0843iolzs4yv%2F29042be3-efbe-3e23-ddc3-fec758a89aae-hwb027.jpeg?Expires=1580812550982&KeyName=labelbox-assets-key-1&Signature=kSqXCgDubcg04LUZXeO5OKJ_zKQ","Label":{"objects":[{"featureId":"ck5ng5h6w0a070x75z5vq6doo","schemaId":"ck5ng2uhjpq9j0835qouns66l","title":"hwb","value":"hwb","color":"#FF0000","bbox":{"top":80,"left":48,"height":107,"width":118}}],"classifications":[]},"Created By":"jokekeh773@etopmail.com","Project Name":"hwb","Created At":"2020-01-21T05:37:26.000Z","Updated At":"2020-01-21T05:37:26.000Z","Seconds to Label":6.493,"External ID":"hwb027.jpeg","Agreement":null,"Benchmark Agreement":null,"Benchmark ID":null,"Benchmark Reference ID":null,"Dataset Name":"hwb","Reviews":[],"View Label":"https://editor.labelbox.com?project=ck5ng2iwn9xfz09294y5wio2m&label=ck5ng5hrmlzn70770zi18esm5"},{"ID":"ck5ng5ui71bpr0843mpn28evj","DataRow ID":"ck5ng2alhejns0doq54zmht3j","Labeled Data":"https://storage.labelbox.com/ck5m7hol2ltok0843iolzs4yv%2Fded3b203-f139-6626-0a14-0cd7e9953bbe-hwb059.jpeg?Expires=1580812550982&KeyName=labelbox-assets-key-1&Signature=uAgYdiGwZuvYuURi074edMUTo-E","Label":{"objects":[{"featureId":"ck5ng5tn70a1k0x8z1sk8rtnv","schemaId":"ck5ng2uhjpq9j0835qouns66l","title":"hwb","value":"hwb","color":"#FF0000","bbox":{"top":88,"left":63,"height":48,"width":67}}],"classifications":[]},"Created By":"jokekeh773@etopmail.com","Project Name":"hwb","Created At":"2020-01-21T05:37:42.000Z","Updated At":"2020-01-21T05:37:42.000Z","Seconds to Label":13.164,"External ID":"hwb059.jpeg","Agreement":null,"Benchmark Agreement":null,"Benchmark ID":null,"Benchmark Reference ID":null,"Dataset Name":"hwb","Reviews":[],"View Label":"https://editor.labelbox.com?project=ck5ng2iwn9xfz09294y5wio2m&label=ck5ng5ui71bpr0843mpn28evj"},{"ID":"ck5ng61w79wrj09522ultjqgm","DataRow ID":"ck5ng2allejrc0doq9fn3c11p","Labeled Data":"https://storage.labelbox.com/ck5m7hol2ltok0843iolzs4yv%2F98df5ee6-dbff-1924-d33f-df3c064c6f5f-hwb091.jpeg?Expires=1580812550982&KeyName=labelbox-assets-key-1&Signature=Pozmb4orpQVq7ULZcfNfdOydvPs","Label":{"objects":[{"featureId":"ck5ng61am0a230x8z07ox28ei","schemaId":"ck5ng2uhjpq9j0835qouns66l","title":"hwb","value":"hwb","color":"#FF0000","bbox":{"top":125,"left":25,"height":47,"width":199}}],"classifications":[]},"Created By":"jokekeh773@etopmail.com","Project Name":"hwb","Created At":"2020-01-21T05:37:52.000Z","Updated At":"2020-01-21T05:37:52.000Z","Seconds to Label":6.897,"External ID":"hwb091.jpeg","Agreement":null,"Benchmark Agreement":null,"Benchmark ID":null,"Benchmark Reference ID":null,"Dataset Name":"hwb","Reviews":[],"View Label":"https://editor.labelbox.com?project=ck5ng2iwn9xfz09294y5wio2m&label=ck5ng61w79wrj09522ultjqgm"},{"ID":"ck5ng69ri3u9g0989qklm6f34","DataRow ID":"ck5ng2al7ejkk0doqbwrvfu7i","Labeled Data":"https://storage.labelbox.com/ck5m7hol2ltok0843iolzs4yv%2F2eeff7c9-5cc7-29e8-0425-17e807768c5b-hwb030.jpeg?Expires=1580812550982&KeyName=labelbox-assets-key-1&Signature=YyYWaodzI_fdX5cq1jlo6MH3z6c","Label":{"objects":[{"featureId":"ck5ng694809yb0x8rkaorz7c2","schemaId":"ck5ng2uhjpq9j0835qouns66l","title":"hwb","value":"hwb","color":"#FF0000","bbox":{"top":75,"left":8,"height":67,"width":208}}],"classifications":[]},"Created By":"jokekeh773@etopmail.com","Project Name":"hwb","Created At":"2020-01-21T05:38:02.000Z","Updated At":"2020-01-21T05:38:02.000Z","Seconds to Label":7.942,"External ID":"hwb030.jpeg","Agreement":null,"Benchmark Agreement":null,"Benchmark ID":null,"Benchmark Reference ID":null,"Dataset Name":"hwb","Reviews":[],"View Label":"https://editor.labelbox.com?project=ck5ng2iwn9xfz09294y5wio2m&label=ck5ng69ri3u9g0989qklm6f34"},{"ID":"ck5ng6i1c3ue80989g5cy5rtz","DataRow ID":"ck5ng2alhejo40doqdr4b5cup","Labeled Data":"https://storage.labelbox.com/ck5m7hol2ltok0843iolzs4yv%2Fcb227687-ab33-c975-0a5f-dff16e6aaba7-hwb062.jpeg?Expires=1580812550982&KeyName=labelbox-assets-key-1&Signature=fOI1XqK15rL3BVXvP7hy3lgNIgU","Label":{"objects":[{"featureId":"ck5ng6gvn09yr0x8rbkxhtp5c","schemaId":"ck5ng2uhjpq9j0835qouns66l","title":"hwb","value":"hwb","color":"#FF0000","bbox":{"top":38,"left":29,"height":148,"width":114}}],"classifications":[]},"Created By":"jokekeh773@etopmail.com","Project Name":"hwb","Created At":"2020-01-21T05:38:13.000Z","Updated At":"2020-01-21T05:38:13.000Z","Seconds to Label":7.552,"External ID":"hwb062.jpeg","Agreement":null,"Benchmark Agreement":null,"Benchmark ID":null,"Benchmark Reference ID":null,"Dataset Name":"hwb","Reviews":[],"View Label":"https://editor.labelbox.com?project=ck5ng2iwn9xfz09294y5wio2m&label=ck5ng6i1c3ue80989g5cy5rtz"},{"ID":"ck5ng7ex7pso108351wpaq8j9","DataRow ID":"ck5ng2allejro0doq1rt12kpl","Labeled Data":"https://storage.labelbox.com/ck5m7hol2ltok0843iolzs4yv%2F226835dd-3e3b-2c46-66a8-82dfed8a97e4-hwb094.jpeg?Expires=1580812550983&KeyName=labelbox-assets-key-1&Signature=Odj8Bnqz6FuXALk0YluoEoIHn7E","Label":{"objects":[{"featureId":"ck5ng74ha0a3z0x75t40zazfm","schemaId":"ck5ng2uhjpq9j0835qouns66l","title":"hwb","value":"hwb","color":"#FF0000","bbox":{"top":98,"left":13,"height":88,"width":209}}],"classifications":[]},"Created By":"jokekeh773@etopmail.com","Project Name":"hwb","Created At":"2020-01-21T05:38:55.000Z","Updated At":"2020-01-21T05:38:55.000Z","Seconds to Label":19.907,"External ID":"hwb094.jpeg","Agreement":null,"Benchmark Agreement":null,"Benchmark ID":null,"Benchmark Reference ID":null,"Dataset Name":"hwb","Reviews":[],"View Label":"https://editor.labelbox.com?project=ck5ng2iwn9xfz09294y5wio2m&label=ck5ng7ex7pso108351wpaq8j9"},{"ID":"ck5ng7lrsm0q30770m1m4lr48","DataRow ID":"ck5ng2al8ejkw0doqail6gyrf","Labeled Data":"https://storage.labelbox.com/ck5m7hol2ltok0843iolzs4yv%2Fe9df76ff-bfdf-9a67-9baf-8026b7136907-hwb033.jpeg?Expires=1580812550983&KeyName=labelbox-assets-key-1&Signature=qeYq9rynhNVJ7wTIULABitFSWNI","Label":{"objects":[{"featureId":"ck5ng7l7s0a0z0x8r5wkhnwfu","schemaId":"ck5ng2uhjpq9j0835qouns66l","title":"hwb","value":"hwb","color":"#FF0000","bbox":{"top":74,"left":31,"height":79,"width":163}}],"classifications":[]},"Created By":"jokekeh773@etopmail.com","Project Name":"hwb","Created At":"2020-01-21T05:39:04.000Z","Updated At":"2020-01-21T05:39:04.000Z","Seconds to Label":6.862,"External ID":"hwb033.jpeg","Agreement":null,"Benchmark Agreement":null,"Benchmark ID":null,"Benchmark Reference ID":null,"Dataset Name":"hwb","Reviews":[],"View Label":"https://editor.labelbox.com?project=ck5ng2iwn9xfz09294y5wio2m&label=ck5ng7lrsm0q30770m1m4lr48"},{"ID":"ck5ng7wm59xnk0952400avpir","DataRow ID":"ck5ng2aliejog0doq0p1977hw","Labeled Data":"https://storage.labelbox.com/ck5m7hol2ltok0843iolzs4yv%2F90e21f98-d5f9-0472-c1b5-9d3e2b518705-hwb065.jpeg?Expires=1580812550983&KeyName=labelbox-assets-key-1&Signature=kTQM-JiYKffkdn5102a30GT-9Gk","Label":{"objects":[{"featureId":"ck5ng7vxo0a660x8zw0b7gt1n","schemaId":"ck5ng2uhjpq9j0835qouns66l","title":"hwb","value":"hwb","color":"#FF0000","bbox":{"top":8,"left":20,"height":189,"width":199}}],"classifications":[]},"Created By":"jokekeh773@etopmail.com","Project Name":"hwb","Created At":"2020-01-21T05:39:18.000Z","Updated At":"2020-01-21T05:39:18.000Z","Seconds to Label":11.142,"External ID":"hwb065.jpeg","Agreement":null,"Benchmark Agreement":null,"Benchmark ID":null,"Benchmark Reference ID":null,"Dataset Name":"hwb","Reviews":[],"View Label":"https://editor.labelbox.com?project=ck5ng2iwn9xfz09294y5wio2m&label=ck5ng7wm59xnk0952400avpir"},{"ID":"ck5ng85lqa0ga0929i3yrhen5","DataRow ID":"ck5ng2almejs00doq7e37clug","Labeled Data":"https://storage.labelbox.com/ck5m7hol2ltok0843iolzs4yv%2Fe694d43f-39c4-0a5b-c933-a1d460a08d16-hwb097.jpeg?Expires=1580812550983&KeyName=labelbox-assets-key-1&Signature=7uhzIAYQzIWRx3_FWGhq5f72Xhs","Label":{"objects":[{"featureId":"ck5ng85120a640x757q9qzsew","schemaId":"ck5ng2uhjpq9j0835qouns66l","title":"hwb","value":"hwb","color":"#FF0000","bbox":{"top":110,"left":29,"height":114,"width":36}}],"classifications":[]},"Created By":"jokekeh773@etopmail.com","Project Name":"hwb","Created At":"2020-01-21T05:39:30.000Z","Updated At":"2020-01-21T05:39:30.000Z","Seconds to Label":9.621,"External ID":"hwb097.jpeg","Agreement":null,"Benchmark Agreement":null,"Benchmark ID":null,"Benchmark Reference ID":null,"Dataset Name":"hwb","Reviews":[],"View Label":"https://editor.labelbox.com?project=ck5ng2iwn9xfz09294y5wio2m&label=ck5ng85lqa0ga0929i3yrhen5"},{"ID":"ck5ng8hb7a0ks0929fjiwgc5k","DataRow ID":"ck5ng2akxejho0doq6oxfgadj","Labeled Data":"https://storage.labelbox.com/ck5m7hol2ltok0843iolzs4yv%2F782305c1-61f6-fcea-4799-fa96f0e48c31-hwb004.jpeg?Expires=1580812550983&KeyName=labelbox-assets-key-1&Signature=CLI16S4ONktEvlFW-0i-nW3W2-s","Label":{"objects":[{"featureId":"ck5ng8ds10a7c0x8zc0euzwf1","schemaId":"ck5ng2uhjpq9j0835qouns66l","title":"hwb","value":"hwb","color":"#FF0000","bbox":{"top":106,"left":12,"height":99,"width":155}}],"classifications":[]},"Created By":"jokekeh773@etopmail.com","Project Name":"hwb","Created At":"2020-01-21T05:39:45.000Z","Updated At":"2020-01-21T05:39:45.000Z","Seconds to Label":18.622,"External ID":"hwb004.jpeg","Agreement":null,"Benchmark Agreement":null,"Benchmark ID":null,"Benchmark Reference ID":null,"Dataset Name":"hwb","Reviews":[],"View Label":"https://editor.labelbox.com?project=ck5ng2iwn9xfz09294y5wio2m&label=ck5ng8hb7a0ks0929fjiwgc5k"},{"ID":"ck5ng8nvc9xzw0952gixhasdt","DataRow ID":"ck5ng2aleejl80doqha6s5dsw","Labeled Data":"https://storage.labelbox.com/ck5m7hol2ltok0843iolzs4yv%2F7fad08ff-b026-f799-c25b-e54301eb0a2d-hwb036.jpeg?Expires=1580812550983&KeyName=labelbox-assets-key-1&Signature=KukCZ95dgFQ9CE-ey74KdSJNEUI","Label":{"objects":[{"featureId":"ck5ng8lua0a7p0x8z4i9pu02a","schemaId":"ck5ng2uhjpq9j0835qouns66l","title":"hwb","value":"hwb","color":"#FF0000","bbox":{"top":106,"left":0,"height":97,"width":155}}],"classifications":[]},"Created By":"jokekeh773@etopmail.com","Project Name":"hwb","Created At":"2020-01-21T05:39:54.000Z","Updated At":"2020-01-21T05:39:54.000Z","Seconds to Label":3.843,"External ID":"hwb036.jpeg","Agreement":null,"Benchmark Agreement":null,"Benchmark ID":null,"Benchmark Reference ID":null,"Dataset Name":"hwb","Reviews":[],"View Label":"https://editor.labelbox.com?project=ck5ng2iwn9xfz09294y5wio2m&label=ck5ng8nvc9xzw0952gixhasdt"},{"ID":"ck5ng8u7m3viy0989trat6h1h","DataRow ID":"ck5ng2aliejos0doq57pt80wh","Labeled Data":"https://storage.labelbox.com/ck5m7hol2ltok0843iolzs4yv%2F1e1566bb-df16-c769-7483-ef00bd6a04ec-hwb068.jpeg?Expires=1580812550983&KeyName=labelbox-assets-key-1&Signature=8aqTaErQ0MtQSrYFqtQXuGqixuE","Label":{"objects":[{"featureId":"ck5ng8tsg0a7e0x75m2n85aso","schemaId":"ck5ng2uhjpq9j0835qouns66l","title":"hwb","value":"hwb","color":"#FF0000","bbox":{"top":64,"left":94,"height":46,"width":61}}],"classifications":[]},"Created By":"jokekeh773@etopmail.com","Project Name":"hwb","Created At":"2020-01-21T05:40:02.000Z","Updated At":"2020-01-21T05:40:02.000Z","Seconds to Label":6.161,"External ID":"hwb068.jpeg","Agreement":null,"Benchmark Agreement":null,"Benchmark ID":null,"Benchmark Reference ID":null,"Dataset Name":"hwb","Reviews":[],"View Label":"https://editor.labelbox.com?project=ck5ng2iwn9xfz09294y5wio2m&label=ck5ng8u7m3viy0989trat6h1h"},{"ID":"ck5ng916ga0uu0929ahv8754f","DataRow ID":"ck5ng2almejsc0doqdaom5c3h","Labeled Data":"https://storage.labelbox.com/ck5m7hol2ltok0843iolzs4yv%2Faec57989-2fb4-296b-100b-fa4e31b74d40-hwb100.jpeg?Expires=1580812550983&KeyName=labelbox-assets-key-1&Signature=0N0p_DsDCJOkqAciizsadS2FzvA","Label":{"objects":[{"featureId":"ck5ng903w0a7p0x753yiv8m87","schemaId":"ck5ng2uhjpq9j0835qouns66l","title":"hwb","value":"hwb","color":"#FF0000","bbox":{"top":41,"left":0,"height":140,"width":224}}],"classifications":[]},"Created By":"jokekeh773@etopmail.com","Project Name":"hwb","Created At":"2020-01-21T05:40:11.000Z","Updated At":"2020-01-21T05:40:11.000Z","Seconds to Label":6.172,"External ID":"hwb100.jpeg","Agreement":null,"Benchmark Agreement":null,"Benchmark ID":null,"Benchmark Reference ID":null,"Dataset Name":"hwb","Reviews":[],"View Label":"https://editor.labelbox.com?project=ck5ng2iwn9xfz09294y5wio2m&label=ck5ng916ga0uu0929ahv8754f"},{"ID":"ck5ng98ngw3ut0a56a31i8322","DataRow ID":"ck5ng2akyeji00doqf4uyerf9","Labeled Data":"https://storage.labelbox.com/ck5m7hol2ltok0843iolzs4yv%2F909d40ab-586b-7e1e-8794-9a38ccef9ceb-hwb007.jpeg?Expires=1580812550983&KeyName=labelbox-assets-key-1&Signature=k-t_9U9zuxoaWYR04Z6WyIaNows","Label":{"objects":[{"featureId":"ck5ng981v0a450x8ru2wyavsa","schemaId":"ck5ng2uhjpq9j0835qouns66l","title":"hwb","value":"hwb","color":"#FF0000","bbox":{"top":99,"left":32,"height":70,"width":182}}],"classifications":[]},"Created By":"jokekeh773@etopmail.com","Project Name":"hwb","Created At":"2020-01-21T05:40:21.000Z","Updated At":"2020-01-21T05:40:21.000Z","Seconds to Label":7.651,"External ID":"hwb007.jpeg","Agreement":null,"Benchmark Agreement":null,"Benchmark ID":null,"Benchmark Reference ID":null,"Dataset Name":"hwb","Reviews":[],"View Label":"https://editor.labelbox.com?project=ck5ng2iwn9xfz09294y5wio2m&label=ck5ng98ngw3ut0a56a31i8322"},{"ID":"ck5ng9h5o1dip0843vtu4yqo8","DataRow ID":"ck5ng2aleejlk0doqh298f8zk","Labeled Data":"https://storage.labelbox.com/ck5m7hol2ltok0843iolzs4yv%2F8f74ccd2-fcca-49b1-0a41-c2483c08867b-hwb039.jpeg?Expires=1580812550983&KeyName=labelbox-assets-key-1&Signature=7mmiGH0PYM4bhIOAPXqvqAVdDlI","Label":{"objects":[{"featureId":"ck5ng9flx0a8d0x75st11ylo9","schemaId":"ck5ng2uhjpq9j0835qouns66l","title":"hwb","value":"hwb","color":"#FF0000","bbox":{"top":93,"left":16,"height":65,"width":146}}],"classifications":[]},"Created By":"jokekeh773@etopmail.com","Project Name":"hwb","Created At":"2020-01-21T05:40:32.000Z","Updated At":"2020-01-21T05:40:32.000Z","Seconds to Label":6.693,"External ID":"hwb039.jpeg","Agreement":null,"Benchmark Agreement":null,"Benchmark ID":null,"Benchmark Reference ID":null,"Dataset Name":"hwb","Reviews":[],"View Label":"https://editor.labelbox.com?project=ck5ng2iwn9xfz09294y5wio2m&label=ck5ng9h5o1dip0843vtu4yqo8"},{"ID":"ck5ng9mpim1sg0770s2kgjv99","DataRow ID":"ck5ng2aliejp40doq108j29p2","Labeled Data":"https://storage.labelbox.com/ck5m7hol2ltok0843iolzs4yv%2F607a2f84-d0bb-cf0c-a349-4bf09b0a4062-hwb071.jpeg?Expires=1580812550983&KeyName=labelbox-assets-key-1&Signature=agaKdIN1MJKcTlli4i8WLSGx8eA","Label":{"objects":[{"featureId":"ck5ng9ma50a4u0x8r4l5ibstm","schemaId":"ck5ng2uhjpq9j0835qouns66l","title":"hwb","value":"hwb","color":"#FF0000","bbox":{"top":55,"left":40,"height":98,"width":161}}],"classifications":[]},"Created By":"jokekeh773@etopmail.com","Project Name":"hwb","Created At":"2020-01-21T05:40:39.000Z","Updated At":"2020-01-21T05:40:39.000Z","Seconds to Label":5.483,"External ID":"hwb071.jpeg","Agreement":null,"Benchmark Agreement":null,"Benchmark ID":null,"Benchmark Reference ID":null,"Dataset Name":"hwb","Reviews":[],"View Label":"https://editor.labelbox.com?project=ck5ng2iwn9xfz09294y5wio2m&label=ck5ng9mpim1sg0770s2kgjv99"},{"ID":"ck5ng9v4r9yn10952zrjtvw4c","DataRow ID":"ck5ng2almejso0doq603l1pmd","Labeled Data":"https://storage.labelbox.com/ck5m7hol2ltok0843iolzs4yv%2F8c9823b1-11d8-fef3-18f1-082dc7abf51a-hwb003.jpeg?Expires=1580812550984&KeyName=labelbox-assets-key-1&Signature=yFKvW3-kku1gqPBzgEQFzRXxI4A","Label":{"objects":[{"featureId":"ck5ng9ul10a590x8ryn8k473q","schemaId":"ck5ng2uhjpq9j0835qouns66l","title":"hwb","value":"hwb","color":"#FF0000","bbox":{"top":74,"left":27,"height":80,"width":168}}],"classifications":[]},"Created By":"jokekeh773@etopmail.com","Project Name":"hwb","Created At":"2020-01-21T05:40:50.000Z","Updated At":"2020-01-21T05:40:50.000Z","Seconds to Label":9.003,"External ID":"hwb003.jpeg","Agreement":null,"Benchmark Agreement":null,"Benchmark ID":null,"Benchmark Reference ID":null,"Dataset Name":"hwb","Reviews":[],"View Label":"https://editor.labelbox.com?project=ck5ng2iwn9xfz09294y5wio2m&label=ck5ng9v4r9yn10952zrjtvw4c"},{"ID":"ck5nga1u63w8t0989bnxafgk1","DataRow ID":"ck5ng2akyejic0doqa9ei2q1a","Labeled Data":"https://storage.labelbox.com/ck5m7hol2ltok0843iolzs4yv%2F1a2df9a6-385d-7c61-bead-e06b41351cba-hwb010.jpeg?Expires=1580812550984&KeyName=labelbox-assets-key-1&Signature=mYbyjkWeq9Exmw15KxW5KpNkBRQ","Label":{"objects":[{"featureId":"ck5nga15w0aad0x8z44u8ztnz","schemaId":"ck5ng2uhjpq9j0835qouns66l","title":"hwb","value":"hwb","color":"#FF0000","bbox":{"top":29,"left":17,"height":54,"width":87}}],"classifications":[]},"Created By":"jokekeh773@etopmail.com","Project Name":"hwb","Created At":"2020-01-21T05:40:58.000Z","Updated At":"2020-01-21T05:40:59.000Z","Seconds to Label":5.961,"External ID":"hwb010.jpeg","Agreement":null,"Benchmark Agreement":null,"Benchmark ID":null,"Benchmark Reference ID":null,"Dataset Name":"hwb","Reviews":[],"View Label":"https://editor.labelbox.com?project=ck5ng2iwn9xfz09294y5wio2m&label=ck5nga1u63w8t0989bnxafgk1"},{"ID":"ck5nga9lw3wce0989xbkg64g2","DataRow ID":"ck5ng2alfejlw0doq3qe9h7z6","Labeled Data":"https://storage.labelbox.com/ck5m7hol2ltok0843iolzs4yv%2F35d13ae9-48fb-cf1a-6972-236547f2f3d2-hwb042.jpeg?Expires=1580812550984&KeyName=labelbox-assets-key-1&Signature=-_k5Ij4Sy73qni3NgIEUSdE9tHg","Label":{"objects":[{"featureId":"ck5nga99v0ab10x75s5gj8ru5","schemaId":"ck5ng2uhjpq9j0835qouns66l","title":"hwb","value":"hwb","color":"#FF0000","bbox":{"top":17,"left":44,"height":172,"width":138}}],"classifications":[]},"Created By":"jokekeh773@etopmail.com","Project Name":"hwb","Created At":"2020-01-21T05:41:09.000Z","Updated At":"2020-01-21T05:41:09.000Z","Seconds to Label":8.441,"External ID":"hwb042.jpeg","Agreement":null,"Benchmark Agreement":null,"Benchmark ID":null,"Benchmark Reference ID":null,"Dataset Name":"hwb","Reviews":[],"View Label":"https://editor.labelbox.com?project=ck5ng2iwn9xfz09294y5wio2m&label=ck5nga9lw3wce0989xbkg64g2"},{"ID":"ck5ngafq31e170843cnz5knge","DataRow ID":"ck5ng2aljejpg0doq8o2keqb5","Labeled Data":"https://storage.labelbox.com/ck5m7hol2ltok0843iolzs4yv%2Fcdc522fd-c05e-a388-30fc-0413fc47286d-hwb074.jpeg?Expires=1580812550984&KeyName=labelbox-assets-key-1&Signature=FS0jZVGW8OehvSXZACeOZEllW3Q","Label":{"objects":[{"featureId":"ck5ngaf9y0aba0x7557ccyg9z","schemaId":"ck5ng2uhjpq9j0835qouns66l","title":"hwb","value":"hwb","color":"#FF0000","bbox":{"top":1,"left":0,"height":112,"width":221}}],"classifications":[]},"Created By":"jokekeh773@etopmail.com","Project Name":"hwb","Created At":"2020-01-21T05:41:16.000Z","Updated At":"2020-01-21T05:41:16.000Z","Seconds to Label":6.11,"External ID":"hwb074.jpeg","Agreement":null,"Benchmark Agreement":null,"Benchmark ID":null,"Benchmark Reference ID":null,"Dataset Name":"hwb","Reviews":[],"View Label":"https://editor.labelbox.com?project=ck5ng2iwn9xfz09294y5wio2m&label=ck5ngafq31e170843cnz5knge"},{"ID":"ck5ngamjja1on0929evmn4kno","DataRow ID":"ck5ng2akzejio0doq1fr24t9r","Labeled Data":"https://storage.labelbox.com/ck5m7hol2ltok0843iolzs4yv%2F785ab9e2-f1a6-bae8-9b8e-e13d9ab51454-hwb013.jpeg?Expires=1580812550984&KeyName=labelbox-assets-key-1&Signature=V7wv0wnfXxS6xN5xQX44_QRDPyI","Label":{"objects":[{"featureId":"ck5ngam5q0abm0x759jpu64vw","schemaId":"ck5ng2uhjpq9j0835qouns66l","title":"hwb","value":"hwb","color":"#FF0000","bbox":{"top":53,"left":5,"height":142,"width":214}}],"classifications":[]},"Created By":"jokekeh773@etopmail.com","Project Name":"hwb","Created At":"2020-01-21T05:41:25.000Z","Updated At":"2020-01-21T05:41:25.000Z","Seconds to Label":7.119,"External ID":"hwb013.jpeg","Agreement":null,"Benchmark Agreement":null,"Benchmark ID":null,"Benchmark Reference ID":null,"Dataset Name":"hwb","Reviews":[],"View Label":"https://editor.labelbox.com?project=ck5ng2iwn9xfz09294y5wio2m&label=ck5ngamjja1on0929evmn4kno"},{"ID":"ck5ngauc31eag08438j2kvgdf","DataRow ID":"ck5ng2alfejm80doqcldsaz8d","Labeled Data":"https://storage.labelbox.com/ck5m7hol2ltok0843iolzs4yv%2F8fe3d490-a8f1-089f-dd55-452d841855e1-hwb045.jpeg?Expires=1580812550984&KeyName=labelbox-assets-key-1&Signature=nw8UgfkpN2AiHnjBwmr56MS9SUI","Label":{"objects":[{"featureId":"ck5ngatnk0abz0x755hnsclf0","schemaId":"ck5ng2uhjpq9j0835qouns66l","title":"hwb","value":"hwb","color":"#FF0000","bbox":{"top":75,"left":47,"height":81,"width":122}}],"classifications":[]},"Created By":"jokekeh773@etopmail.com","Project Name":"hwb","Created At":"2020-01-21T05:41:35.000Z","Updated At":"2020-01-21T05:41:35.000Z","Seconds to Label":7.433,"External ID":"hwb045.jpeg","Agreement":null,"Benchmark Agreement":null,"Benchmark ID":null,"Benchmark Reference ID":null,"Dataset Name":"hwb","Reviews":[],"View Label":"https://editor.labelbox.com?project=ck5ng2iwn9xfz09294y5wio2m&label=ck5ngauc31eag08438j2kvgdf"},{"ID":"ck5ngazwy3woq0989c26btef1","DataRow ID":"ck5ng2aljejps0doq5gvuccka","Labeled Data":"https://storage.labelbox.com/ck5m7hol2ltok0843iolzs4yv%2F6a6e7941-dc0b-c376-121a-bc20ef2079a5-hwb077.jpeg?Expires=1580812550984&KeyName=labelbox-assets-key-1&Signature=zrJkLB7gNHigFbnH-i0fBs6sFE8","Label":{"objects":[{"featureId":"ck5ngaz2b0ac60x8zl60rcxyx","schemaId":"ck5ng2uhjpq9j0835qouns66l","title":"hwb","value":"hwb","color":"#FF0000","bbox":{"top":137,"left":58,"height":48,"width":108}}],"classifications":[]},"Created By":"jokekeh773@etopmail.com","Project Name":"hwb","Created At":"2020-01-21T05:41:43.000Z","Updated At":"2020-01-21T05:41:43.000Z","Seconds to Label":4.97,"External ID":"hwb077.jpeg","Agreement":null,"Benchmark Agreement":null,"Benchmark ID":null,"Benchmark Reference ID":null,"Dataset Name":"hwb","Reviews":[],"View Label":"https://editor.labelbox.com?project=ck5ng2iwn9xfz09294y5wio2m&label=ck5ngazwy3woq0989c26btef1"},{"ID":"ck5ngb7i6puir08358jk4nyvb","DataRow ID":"ck5ng2akzejj00doqhrvb1hct","Labeled Data":"https://storage.labelbox.com/ck5m7hol2ltok0843iolzs4yv%2Fa97ae691-6228-0f2d-8aca-16992648f57c-hwb016.jpeg?Expires=1580812550985&KeyName=labelbox-assets-key-1&Signature=kaSmZqH6qATLuAVRsY2ZZkhiILI","Label":{"objects":[{"featureId":"ck5ngb6fc0acg0x8zma6ud7ph","schemaId":"ck5ng2uhjpq9j0835qouns66l","title":"hwb","value":"hwb","color":"#FF0000","bbox":{"top":72,"left":6,"height":86,"width":202}}],"classifications":[]},"Created By":"jokekeh773@etopmail.com","Project Name":"hwb","Created At":"2020-01-21T05:41:52.000Z","Updated At":"2020-01-21T05:41:52.000Z","Seconds to Label":6.371,"External ID":"hwb016.jpeg","Agreement":null,"Benchmark Agreement":null,"Benchmark ID":null,"Benchmark Reference ID":null,"Dataset Name":"hwb","Reviews":[],"View Label":"https://editor.labelbox.com?project=ck5ng2iwn9xfz09294y5wio2m&label=ck5ngb7i6puir08358jk4nyvb"},{"ID":"ck5ngbhcnpun20835pc2iu2oc","DataRow ID":"ck5ng2alfejmk0doq39jma020","Labeled Data":"https://storage.labelbox.com/ck5m7hol2ltok0843iolzs4yv%2F276d2560-d7fb-4b82-89bd-85e73c1c1dc8-hwb048.jpeg?Expires=1580812550985&KeyName=labelbox-assets-key-1&Signature=J0pNChO8BQ_YRm2-_4RixdeKoPQ","Label":{"objects":[{"featureId":"ck5ngbgaz0acv0x8zpg91edbg","schemaId":"ck5ng2uhjpq9j0835qouns66l","title":"hwb","value":"hwb","color":"#FF0000","bbox":{"top":24,"left":1,"height":181,"width":214}}],"classifications":[]},"Created By":"jokekeh773@etopmail.com","Project Name":"hwb","Created At":"2020-01-21T05:42:05.000Z","Updated At":"2020-01-21T05:42:05.000Z","Seconds to Label":9.743,"External ID":"hwb048.jpeg","Agreement":null,"Benchmark Agreement":null,"Benchmark ID":null,"Benchmark Reference ID":null,"Dataset Name":"hwb","Reviews":[],"View Label":"https://editor.labelbox.com?project=ck5ng2iwn9xfz09294y5wio2m&label=ck5ngbhcnpun20835pc2iu2oc"},{"ID":"ck5ngbnnnw5bv0a569pv2a600","DataRow ID":"ck5ng2alkejq40doq005o527x","Labeled Data":"https://storage.labelbox.com/ck5m7hol2ltok0843iolzs4yv%2Febb56d7d-d230-5380-b0df-8c62f5cc0d41-hwb080.jpeg?Expires=1580812550985&KeyName=labelbox-assets-key-1&Signature=y0zaHMvXcQ4YklevxdWwDZB_SR4","Label":{"objects":[{"featureId":"ck5ngbn270a7x0x8r8foa3t36","schemaId":"ck5ng2uhjpq9j0835qouns66l","title":"hwb","value":"hwb","color":"#FF0000","bbox":{"top":2,"left":13,"height":222,"width":195}}],"classifications":[]},"Created By":"jokekeh773@etopmail.com","Project Name":"hwb","Created At":"2020-01-21T05:42:13.000Z","Updated At":"2020-01-21T05:42:13.000Z","Seconds to Label":5.631,"External ID":"hwb080.jpeg","Agreement":null,"Benchmark Agreement":null,"Benchmark ID":null,"Benchmark Reference ID":null,"Dataset Name":"hwb","Reviews":[],"View Label":"https://editor.labelbox.com?project=ck5ng2iwn9xfz09294y5wio2m&label=ck5ngbnnnw5bv0a569pv2a600"},{"ID":"ck5ngbxrf3x3d09892tc6zvse","DataRow ID":"ck5ng2al6ejjc0doqgewh67cs","Labeled Data":"https://storage.labelbox.com/ck5m7hol2ltok0843iolzs4yv%2F8f03dbec-3325-a1d6-e09d-809600b479c4-hwb019.jpeg?Expires=1580812550985&KeyName=labelbox-assets-key-1&Signature=xSD-_CHPpSaPfxUTyQD6QCy_Cbw","Label":{"objects":[{"featureId":"ck5ngbx7f0adm0x8ztn74d9er","schemaId":"ck5ng2uhjpq9j0835qouns66l","title":"hwb","value":"hwb","color":"#FF0000","bbox":{"top":91,"left":21,"height":63,"width":173}}],"classifications":[]},"Created By":"jokekeh773@etopmail.com","Project Name":"hwb","Created At":"2020-01-21T05:42:26.000Z","Updated At":"2020-01-21T05:42:27.000Z","Seconds to Label":11.075,"External ID":"hwb019.jpeg","Agreement":null,"Benchmark Agreement":null,"Benchmark ID":null,"Benchmark Reference ID":null,"Dataset Name":"hwb","Reviews":[],"View Label":"https://editor.labelbox.com?project=ck5ng2iwn9xfz09294y5wio2m&label=ck5ngbxrf3x3d09892tc6zvse"},{"ID":"ck5ngc3n3m2zg0770ry3mfezg","DataRow ID":"ck5ng2algejmw0doq7k58cnl8","Labeled Data":"https://storage.labelbox.com/ck5m7hol2ltok0843iolzs4yv%2Fc4bc6c35-6457-9f3f-35f0-ae06f8be0a34-hwb051.jpeg?Expires=1580812550985&KeyName=labelbox-assets-key-1&Signature=gUONkZGEPnyWkf3gU9F9s-5DCGQ","Label":{"objects":[{"featureId":"ck5ngc2i60adv0x75s5sxn78h","schemaId":"ck5ng2uhjpq9j0835qouns66l","title":"hwb","value":"hwb","color":"#FF0000","bbox":{"top":86,"left":0,"height":71,"width":164}}],"classifications":[]},"Created By":"jokekeh773@etopmail.com","Project Name":"hwb","Created At":"2020-01-21T05:42:34.000Z","Updated At":"2020-01-21T05:42:34.000Z","Seconds to Label":4.62,"External ID":"hwb051.jpeg","Agreement":null,"Benchmark Agreement":null,"Benchmark ID":null,"Benchmark Reference ID":null,"Dataset Name":"hwb","Reviews":[],"View Label":"https://editor.labelbox.com?project=ck5ng2iwn9xfz09294y5wio2m&label=ck5ngc3n3m2zg0770ry3mfezg"},{"ID":"ck5ngc8cg1evx0843ovuu5tkm","DataRow ID":"ck5ng2alkejqg0doq4rkife8s","Labeled Data":"https://storage.labelbox.com/ck5m7hol2ltok0843iolzs4yv%2F73f26acb-2a91-6ea8-3d2e-c6e74b1c7933-hwb083.jpeg?Expires=1580812550985&KeyName=labelbox-assets-key-1&Signature=Rv2M0VN_KFmhFcYbyYQBECkCI-w","Label":{"objects":[{"featureId":"ck5ngc8040ae10x8ze7tljc3f","schemaId":"ck5ng2uhjpq9j0835qouns66l","title":"hwb","value":"hwb","color":"#FF0000","bbox":{"top":58,"left":52,"height":126,"width":157}}],"classifications":[]},"Created By":"jokekeh773@etopmail.com","Project Name":"hwb","Created At":"2020-01-21T05:42:40.000Z","Updated At":"2020-01-21T05:42:40.000Z","Seconds to Label":4.258,"External ID":"hwb083.jpeg","Agreement":null,"Benchmark Agreement":null,"Benchmark ID":null,"Benchmark Reference ID":null,"Dataset Name":"hwb","Reviews":[],"View Label":"https://editor.labelbox.com?project=ck5ng2iwn9xfz09294y5wio2m&label=ck5ngc8cg1evx0843ovuu5tkm"},{"ID":"ck5ngchdk1f0d08438kcqw5a0","DataRow ID":"ck5ng2al6ejjo0doqhgeqaaov","Labeled Data":"https://storage.labelbox.com/ck5m7hol2ltok0843iolzs4yv%2F43409b8c-95c4-3bfd-2976-3e26441d578e-hwb022.jpeg?Expires=1580812550985&KeyName=labelbox-assets-key-1&Signature=fpe6V5niAUcPV25JUutVRQ_jZ1M","Label":{"objects":[{"featureId":"ck5ngcgcr0a930x8rli09a0b4","schemaId":"ck5ng2uhjpq9j0835qouns66l","title":"hwb","value":"hwb","color":"#FF0000","bbox":{"top":94,"left":58,"height":101,"width":77}}],"classifications":[]},"Created By":"jokekeh773@etopmail.com","Project Name":"hwb","Created At":"2020-01-21T05:42:52.000Z","Updated At":"2020-01-21T05:42:52.000Z","Seconds to Label":8.082,"External ID":"hwb022.jpeg","Agreement":null,"Benchmark Agreement":null,"Benchmark ID":null,"Benchmark Reference ID":null,"Dataset Name":"hwb","Reviews":[],"View Label":"https://editor.labelbox.com?project=ck5ng2iwn9xfz09294y5wio2m&label=ck5ngchdk1f0d08438kcqw5a0"},{"ID":"ck5ngctsjm3b00770pelucmmf","DataRow ID":"ck5ng2algejn80doqc71x28y1","Labeled Data":"https://storage.labelbox.com/ck5m7hol2ltok0843iolzs4yv%2F4776febd-582b-36e8-f739-3ce970c6eb1a-hwb054.jpeg?Expires=1580812550985&KeyName=labelbox-assets-key-1&Signature=bpVjZHDrba5D0845wPT4ESOY7ds","Label":{"objects":[{"featureId":"ck5ngcqnn0af30x8zqfb3dscn","schemaId":"ck5ng2uhjpq9j0835qouns66l","title":"hwb","value":"hwb","color":"#FF0000","bbox":{"top":82,"left":0,"height":55,"width":208}}],"classifications":[]},"Created By":"jokekeh773@etopmail.com","Project Name":"hwb","Created At":"2020-01-21T05:43:08.000Z","Updated At":"2020-01-21T05:43:08.000Z","Seconds to Label":12.768,"External ID":"hwb054.jpeg","Agreement":null,"Benchmark Agreement":null,"Benchmark ID":null,"Benchmark Reference ID":null,"Dataset Name":"hwb","Reviews":[],"View Label":"https://editor.labelbox.com?project=ck5ng2iwn9xfz09294y5wio2m&label=ck5ngctsjm3b00770pelucmmf"},{"ID":"ck5ngczi33xo80989u64c5ldj","DataRow ID":"ck5ng2alkejqs0doq7p608w11","Labeled Data":"https://storage.labelbox.com/ck5m7hol2ltok0843iolzs4yv%2F44b01cef-6cb5-4e54-802e-c64436c5ccc7-hwb086.jpeg?Expires=1580812550985&KeyName=labelbox-assets-key-1&Signature=_XqJt0cwPMfw-VMwAm7FVgKIPJs","Label":{"objects":[{"featureId":"ck5ngcz1e0aa60x8rc3gi1uin","schemaId":"ck5ng2uhjpq9j0835qouns66l","title":"hwb","value":"hwb","color":"#FF0000","bbox":{"top":54,"left":87,"height":165,"width":66}}],"classifications":[]},"Created By":"jokekeh773@etopmail.com","Project Name":"hwb","Created At":"2020-01-21T05:43:15.000Z","Updated At":"2020-01-21T05:43:15.000Z","Seconds to Label":5.403,"External ID":"hwb086.jpeg","Agreement":null,"Benchmark Agreement":null,"Benchmark ID":null,"Benchmark Reference ID":null,"Dataset Name":"hwb","Reviews":[],"View Label":"https://editor.labelbox.com?project=ck5ng2iwn9xfz09294y5wio2m&label=ck5ngczi33xo80989u64c5ldj"},{"ID":"ck5ngd6pu3xsn0989tb0sx9hq","DataRow ID":"ck5ng2al7ejk00doq2xglfad6","Labeled Data":"https://storage.labelbox.com/ck5m7hol2ltok0843iolzs4yv%2Fbb85c95d-08b4-bbc5-73ab-13f0f5b20702-hwb025.jpeg?Expires=1580812550985&KeyName=labelbox-assets-key-1&Signature=enob-xeXt-dgzZ2J4Lzg0VyTPDI","Label":{"objects":[{"featureId":"ck5ngd6cg0aak0x8r3d5swcqn","schemaId":"ck5ng2uhjpq9j0835qouns66l","title":"hwb","value":"hwb","color":"#FF0000","bbox":{"top":110,"left":32,"height":66,"width":103}}],"classifications":[]},"Created By":"jokekeh773@etopmail.com","Project Name":"hwb","Created At":"2020-01-21T05:43:25.000Z","Updated At":"2020-01-21T05:43:25.000Z","Seconds to Label":7.081,"External ID":"hwb025.jpeg","Agreement":null,"Benchmark Agreement":null,"Benchmark ID":null,"Benchmark Reference ID":null,"Dataset Name":"hwb","Reviews":[],"View Label":"https://editor.labelbox.com?project=ck5ng2iwn9xfz09294y5wio2m&label=ck5ngd6pu3xsn0989tb0sx9hq"},{"ID":"ck5ngdcpj1u4w0978xstm64hd","DataRow ID":"ck5ng2algejnk0doq8bgb0p34","Labeled Data":"https://storage.labelbox.com/ck5m7hol2ltok0843iolzs4yv%2F156033b0-3551-b3d5-81ce-f831b6467945-hwb057.jpeg?Expires=1580812550985&KeyName=labelbox-assets-key-1&Signature=LBwOgiIZytRkmxDoLUefN_AleWA","Label":{"objects":[{"featureId":"ck5ngdcex0ag20x75ohuakvle","schemaId":"ck5ng2uhjpq9j0835qouns66l","title":"hwb","value":"hwb","color":"#FF0000","bbox":{"top":18,"left":0,"height":206,"width":190}}],"classifications":[]},"Created By":"jokekeh773@etopmail.com","Project Name":"hwb","Created At":"2020-01-21T05:43:33.000Z","Updated At":"2020-01-21T05:43:33.000Z","Seconds to Label":5.456,"External ID":"hwb057.jpeg","Agreement":null,"Benchmark Agreement":null,"Benchmark ID":null,"Benchmark Reference ID":null,"Dataset Name":"hwb","Reviews":[],"View Label":"https://editor.labelbox.com?project=ck5ng2iwn9xfz09294y5wio2m&label=ck5ngdcpj1u4w0978xstm64hd"},{"ID":"ck5ngdkxm3xzz09896rzv8jbo","DataRow ID":"ck5ng2allejr40doq2c976nu3","Labeled Data":"https://storage.labelbox.com/ck5m7hol2ltok0843iolzs4yv%2F8740a07e-6001-b881-897d-8c2bc70f523f-hwb089.jpeg?Expires=1580812550985&KeyName=labelbox-assets-key-1&Signature=JGCRdcxG6QevCjNvC5URT2tqH_E","Label":{"objects":[{"featureId":"ck5ngdk7p0agl0x8z6e9uk900","schemaId":"ck5ng2uhjpq9j0835qouns66l","title":"hwb","value":"hwb","color":"#FF0000","bbox":{"top":76,"left":10,"height":125,"width":206}}],"classifications":[]},"Created By":"jokekeh773@etopmail.com","Project Name":"hwb","Created At":"2020-01-21T05:43:43.000Z","Updated At":"2020-01-21T05:43:43.000Z","Seconds to Label":8.204,"External ID":"hwb089.jpeg","Agreement":null,"Benchmark Agreement":null,"Benchmark ID":null,"Benchmark Reference ID":null,"Dataset Name":"hwb","Reviews":[],"View Label":"https://editor.labelbox.com?project=ck5ng2iwn9xfz09294y5wio2m&label=ck5ngdkxm3xzz09896rzv8jbo"},{"ID":"ck5ngdrxcpvld0835jdeikrmj","DataRow ID":"ck5ng2al7ejkc0doq35189q01","Labeled Data":"https://storage.labelbox.com/ck5m7hol2ltok0843iolzs4yv%2Fa07fbd51-24b0-d196-6b39-aa81d94a878c-hwb028.jpeg?Expires=1580812550986&KeyName=labelbox-assets-key-1&Signature=3W82ASrH93zGdGNsUWZwZYAfVJ8","Label":{"objects":[{"featureId":"ck5ngdqq00abl0x8rwobzi7jp","schemaId":"ck5ng2uhjpq9j0835qouns66l","title":"hwb","value":"hwb","color":"#FF0000","bbox":{"top":45,"left":71,"height":87,"width":77}}],"classifications":[]},"Created By":"jokekeh773@etopmail.com","Project Name":"hwb","Created At":"2020-01-21T05:43:52.000Z","Updated At":"2020-01-21T05:43:52.000Z","Seconds to Label":5.282,"External ID":"hwb028.jpeg","Agreement":null,"Benchmark Agreement":null,"Benchmark ID":null,"Benchmark Reference ID":null,"Dataset Name":"hwb","Reviews":[],"View Label":"https://editor.labelbox.com?project=ck5ng2iwn9xfz09294y5wio2m&label=ck5ngdrxcpvld0835jdeikrmj"},{"ID":"ck5nge3n4pvsd08355fq7lvw1","DataRow ID":"ck5ng2alhejnw0doqdaz23cu8","Labeled Data":"https://storage.labelbox.com/ck5m7hol2ltok0843iolzs4yv%2F6258e466-8d39-d960-0b80-4515f6753e26-hwb060.jpeg?Expires=1580812550986&KeyName=labelbox-assets-key-1&Signature=DJ-v42y7FwN4SrgVBEYR-La-TgI","Label":{"objects":[{"featureId":"ck5nge3df0ahk0x8z59nvwo2b","schemaId":"ck5ng2uhjpq9j0835qouns66l","title":"hwb","value":"hwb","color":"#FF0000","bbox":{"top":96,"left":42,"height":66,"width":156}}],"classifications":[]},"Created By":"jokekeh773@etopmail.com","Project Name":"hwb","Created At":"2020-01-21T05:44:07.000Z","Updated At":"2020-01-21T05:44:08.000Z","Seconds to Label":13.152,"External ID":"hwb060.jpeg","Agreement":null,"Benchmark Agreement":null,"Benchmark ID":null,"Benchmark Reference ID":null,"Dataset Name":"hwb","Reviews":[],"View Label":"https://editor.labelbox.com?project=ck5ng2iwn9xfz09294y5wio2m&label=ck5nge3n4pvsd08355fq7lvw1"},{"ID":"ck5ngedb1a0s109525a616cft","DataRow ID":"ck5ng2allejrg0doq0gp02j94","Labeled Data":"https://storage.labelbox.com/ck5m7hol2ltok0843iolzs4yv%2Fe4b28b05-ff03-19f1-b606-784371926376-hwb092.jpeg?Expires=1580812550986&KeyName=labelbox-assets-key-1&Signature=ZdNBnDmAASagPJUTb-Sr58MZKPc","Label":{"objects":[{"featureId":"ck5ngecp20acm0x8r1gnjyows","schemaId":"ck5ng2uhjpq9j0835qouns66l","title":"hwb","value":"hwb","color":"#FF0000","bbox":{"top":75,"left":92,"height":74,"width":85}}],"classifications":[]},"Created By":"jokekeh773@etopmail.com","Project Name":"hwb","Created At":"2020-01-21T05:44:20.000Z","Updated At":"2020-01-21T05:44:20.000Z","Seconds to Label":9.8,"External ID":"hwb092.jpeg","Agreement":null,"Benchmark Agreement":null,"Benchmark ID":null,"Benchmark Reference ID":null,"Dataset Name":"hwb","Reviews":[],"View Label":"https://editor.labelbox.com?project=ck5ng2iwn9xfz09294y5wio2m&label=ck5ngedb1a0s109525a616cft"},{"ID":"ck5ngephja0wp09521m8ux6ne","DataRow ID":"ck5ng2al7ejko0doq5cir3q7r","Labeled Data":"https://storage.labelbox.com/ck5m7hol2ltok0843iolzs4yv%2F397e2c0a-4659-ea93-7f7d-29def94e3e66-hwb031.jpeg?Expires=1580812550986&KeyName=labelbox-assets-key-1&Signature=p9ur4qHIV8lUx2LXD-tfAkm8c5Y","Label":{"objects":[{"featureId":"ck5ngejgy0aic0x8zu5fzxdy0","schemaId":"ck5ng2uhjpq9j0835qouns66l","title":"hwb","value":"hwb","color":"#FF0000","bbox":{"top":83,"left":41,"height":59,"width":159}}],"classifications":[]},"Created By":"jokekeh773@etopmail.com","Project Name":"hwb","Created At":"2020-01-21T05:44:36.000Z","Updated At":"2020-01-21T05:44:36.000Z","Seconds to Label":8.42,"External ID":"hwb031.jpeg","Agreement":null,"Benchmark Agreement":null,"Benchmark ID":null,"Benchmark Reference ID":null,"Dataset Name":"hwb","Reviews":[],"View Label":"https://editor.labelbox.com?project=ck5ng2iwn9xfz09294y5wio2m&label=ck5ngephja0wp09521m8ux6ne"},{"ID":"ck5ngeyzg3ylv0989p3wpqcnr","DataRow ID":"ck5ng2alhejo80doqhh1i6388","Labeled Data":"https://storage.labelbox.com/ck5m7hol2ltok0843iolzs4yv%2F9485bdcb-fa09-de01-04b4-4ee730723958-hwb063.jpeg?Expires=1580812550986&KeyName=labelbox-assets-key-1&Signature=4Pzamv1jqurfMONRdOzRKPg7JSg","Label":{"objects":[{"featureId":"ck5ngevn10aiy0x8z4ylte3i3","schemaId":"ck5ng2uhjpq9j0835qouns66l","title":"hwb","value":"hwb","color":"#FF0000","bbox":{"top":50,"left":48,"height":138,"width":150}}],"classifications":[]},"Created By":"jokekeh773@etopmail.com","Project Name":"hwb","Created At":"2020-01-21T05:44:48.000Z","Updated At":"2020-01-21T05:44:48.000Z","Seconds to Label":18.696,"External ID":"hwb063.jpeg","Agreement":null,"Benchmark Agreement":null,"Benchmark ID":null,"Benchmark Reference ID":null,"Dataset Name":"hwb","Reviews":[],"View Label":"https://editor.labelbox.com?project=ck5ng2iwn9xfz09294y5wio2m&label=ck5ngeyzg3ylv0989p3wpqcnr"},{"ID":"ck5ngfpkfm4hk0770u98kfro1","DataRow ID":"ck5ng2almejrs0doqdyqvduki","Labeled Data":"https://storage.labelbox.com/ck5m7hol2ltok0843iolzs4yv%2F6af9dbc5-8d15-274d-d208-77c05e0140c7-hwb095.jpeg?Expires=1580812550986&KeyName=labelbox-assets-key-1&Signature=W4Cd07JvfNf6AsM_gWbxlnwUsQU","Label":{"objects":[{"featureId":"ck5ngfoho0akx0x7566zd99aj","schemaId":"ck5ng2uhjpq9j0835qouns66l","title":"hwb","value":"hwb","color":"#FF0000","bbox":{"top":108,"left":89,"height":93,"width":38}}],"classifications":[]},"Created By":"jokekeh773@etopmail.com","Project Name":"hwb","Created At":"2020-01-21T05:45:22.000Z","Updated At":"2020-01-21T05:45:23.000Z","Seconds to Label":11.042,"External ID":"hwb095.jpeg","Agreement":null,"Benchmark Agreement":null,"Benchmark ID":null,"Benchmark Reference ID":null,"Dataset Name":"hwb","Reviews":[],"View Label":"https://editor.labelbox.com?project=ck5ng2iwn9xfz09294y5wio2m&label=ck5ngfpkfm4hk0770u98kfro1"},{"ID":"ck5ngfyhaa47x0929ixzyr7ce","DataRow ID":"ck5ng2al8ejl00doq7osw7yhw","Labeled Data":"https://storage.labelbox.com/ck5m7hol2ltok0843iolzs4yv%2Faa011308-f51e-04d3-88ab-8e7226d12a78-hwb034.jpeg?Expires=1580812550986&KeyName=labelbox-assets-key-1&Signature=mP9hQIfRbFtk9vJPnXDBoaIFKiw","Label":{"objects":[{"featureId":"ck5ngfvve0al70x75v83l3d2w","schemaId":"ck5ng2uhjpq9j0835qouns66l","title":"hwb","value":"hwb","color":"#FF0000","bbox":{"top":63,"left":0,"height":112,"width":93}}],"classifications":[]},"Created By":"jokekeh773@etopmail.com","Project Name":"hwb","Created At":"2020-01-21T05:45:34.000Z","Updated At":"2020-01-21T05:45:34.000Z","Seconds to Label":11.004,"External ID":"hwb034.jpeg","Agreement":null,"Benchmark Agreement":null,"Benchmark ID":null,"Benchmark Reference ID":null,"Dataset Name":"hwb","Reviews":[],"View Label":"https://editor.labelbox.com?project=ck5ng2iwn9xfz09294y5wio2m&label=ck5ngfyhaa47x0929ixzyr7ce"},{"ID":"ck5ngg9sba4f809299bvvq1p3","DataRow ID":"ck5ng2aliejok0doqcvj7e4wl","Labeled Data":"https://storage.labelbox.com/ck5m7hol2ltok0843iolzs4yv%2Fcaf10c2d-30b2-ef25-4bcf-f88d165a41e9-hwb066.jpeg?Expires=1580812550986&KeyName=labelbox-assets-key-1&Signature=75HQHddUA5wRRupFGI0IoN3Fco0","Label":{"objects":[{"featureId":"ck5ngg95s0alb0x8zns2byzwy","schemaId":"ck5ng2uhjpq9j0835qouns66l","title":"hwb","value":"hwb","color":"#FF0000","bbox":{"top":44,"left":68,"height":39,"width":79}}],"classifications":[]},"Created By":"jokekeh773@etopmail.com","Project Name":"hwb","Created At":"2020-01-21T05:45:49.000Z","Updated At":"2020-01-21T05:45:49.000Z","Seconds to Label":11.395,"External ID":"hwb066.jpeg","Agreement":null,"Benchmark Agreement":null,"Benchmark ID":null,"Benchmark Reference ID":null,"Dataset Name":"hwb","Reviews":[],"View Label":"https://editor.labelbox.com?project=ck5ng2iwn9xfz09294y5wio2m&label=ck5ngg9sba4f809299bvvq1p3"},{"ID":"ck5ngglcp3zfn0989adjwl6b7","DataRow ID":"ck5ng2almejs40doqdtkx0bjr","Labeled Data":"https://storage.labelbox.com/ck5m7hol2ltok0843iolzs4yv%2Fde288de5-b119-3e13-84a4-e9a0d6eedeef-hwb098.jpeg?Expires=1580812550986&KeyName=labelbox-assets-key-1&Signature=-_PZrwwIUVhs2XtGS28jyaN4AHA","Label":{"objects":[{"featureId":"ck5nggklx0am80x75kd5mwxey","schemaId":"ck5ng2uhjpq9j0835qouns66l","title":"hwb","value":"hwb","color":"#FF0000","bbox":{"top":47,"left":3,"height":112,"width":221}}],"classifications":[]},"Created By":"jokekeh773@etopmail.com","Project Name":"hwb","Created At":"2020-01-21T05:46:04.000Z","Updated At":"2020-01-21T05:46:04.000Z","Seconds to Label":11.226,"External ID":"hwb098.jpeg","Agreement":null,"Benchmark Agreement":null,"Benchmark ID":null,"Benchmark Reference ID":null,"Dataset Name":"hwb","Reviews":[],"View Label":"https://editor.labelbox.com?project=ck5ng2iwn9xfz09294y5wio2m&label=ck5ngglcp3zfn0989adjwl6b7"},{"ID":"ck5nggutyw7yv0a56ltp2hlq1","DataRow ID":"ck5ng2akyejhs0doqbftm24oe","Labeled Data":"https://storage.labelbox.com/ck5m7hol2ltok0843iolzs4yv%2F4db72090-76a6-7e40-d200-b0708d1a01ae-hwb005.jpeg?Expires=1580812550986&KeyName=labelbox-assets-key-1&Signature=YIRIdQ5xEZGTHbuNJE05B2tViBQ","Label":{"objects":[{"featureId":"ck5nggtb20amn0x75lpblhb7r","schemaId":"ck5ng2uhjpq9j0835qouns66l","title":"hwb","value":"hwb","color":"#FF0000","bbox":{"top":90,"left":29,"height":134,"width":195}}],"classifications":[]},"Created By":"jokekeh773@etopmail.com","Project Name":"hwb","Created At":"2020-01-21T05:46:16.000Z","Updated At":"2020-01-21T05:46:16.000Z","Seconds to Label":9.151,"External ID":"hwb005.jpeg","Agreement":null,"Benchmark Agreement":null,"Benchmark ID":null,"Benchmark Reference ID":null,"Dataset Name":"hwb","Reviews":[],"View Label":"https://editor.labelbox.com?project=ck5ng2iwn9xfz09294y5wio2m&label=ck5nggutyw7yv0a56ltp2hlq1"},{"ID":"ck5ngh8o1m56u0770x5luy9us","DataRow ID":"ck5ng2aleejlc0doq3iyb7kf9","Labeled Data":"https://storage.labelbox.com/ck5m7hol2ltok0843iolzs4yv%2Fb8e934f4-fe05-e040-0601-8dfa312f2ae6-hwb037.jpeg?Expires=1580812550986&KeyName=labelbox-assets-key-1&Signature=zxbz8gBcCL3oT4oJJabpz7J6Av4","Label":{"objects":[{"featureId":"ck5ngh4ly0amq0x8zr8n5www2","schemaId":"ck5ng2uhjpq9j0835qouns66l","title":"hwb","value":"hwb","color":"#FF0000","bbox":{"top":15,"left":0,"height":183,"width":224}}],"classifications":[]},"Created By":"jokekeh773@etopmail.com","Project Name":"hwb","Created At":"2020-01-21T05:46:34.000Z","Updated At":"2020-01-21T05:46:34.000Z","Seconds to Label":22.022,"External ID":"hwb037.jpeg","Agreement":null,"Benchmark Agreement":null,"Benchmark ID":null,"Benchmark Reference ID":null,"Dataset Name":"hwb","Reviews":[],"View Label":"https://editor.labelbox.com?project=ck5ng2iwn9xfz09294y5wio2m&label=ck5ngh8o1m56u0770x5luy9us"},{"ID":"ck5nghg3ya2a00952zvo2s3mc","DataRow ID":"ck5ng2aliejow0doq6ddt8e50","Labeled Data":"https://storage.labelbox.com/ck5m7hol2ltok0843iolzs4yv%2Fc58ad5e3-991f-9bc4-63b2-453a6ce69989-hwb069.jpeg?Expires=1580812550987&KeyName=labelbox-assets-key-1&Signature=MTTOcdcUNqwG51wHsNPDGtFTs7U","Label":{"objects":[{"featureId":"ck5nghfc40ahd0x8rvbb0m8hf","schemaId":"ck5ng2uhjpq9j0835qouns66l","title":"hwb","value":"hwb","color":"#FF0000","bbox":{"top":49,"left":0,"height":149,"width":144}}],"classifications":[]},"Created By":"jokekeh773@etopmail.com","Project Name":"hwb","Created At":"2020-01-21T05:46:44.000Z","Updated At":"2020-01-21T05:46:44.000Z","Seconds to Label":6.022,"External ID":"hwb069.jpeg","Agreement":null,"Benchmark Agreement":null,"Benchmark ID":null,"Benchmark Reference ID":null,"Dataset Name":"hwb","Reviews":[],"View Label":"https://editor.labelbox.com?project=ck5ng2iwn9xfz09294y5wio2m&label=ck5nghg3ya2a00952zvo2s3mc"},{"ID":"ck5nghnpv40070989lfxaiozx","DataRow ID":"ck5ng2almejsg0doqe8mu09o1","Labeled Data":"https://storage.labelbox.com/ck5m7hol2ltok0843iolzs4yv%2F6be2e694-364f-1265-9078-b168f5e9a1a7-hwb001.jpeg?Expires=1580812550987&KeyName=labelbox-assets-key-1&Signature=Z7jkuVYA8YrvOyF0R1V8-HJSk4o","Label":{"objects":[{"featureId":"ck5nghmd20ane0x8z2mwz4zo1","schemaId":"ck5ng2uhjpq9j0835qouns66l","title":"hwb","value":"hwb","color":"#FF0000","bbox":{"top":48,"left":11,"height":87,"width":200}}],"classifications":[]},"Created By":"jokekeh773@etopmail.com","Project Name":"hwb","Created At":"2020-01-21T05:46:53.000Z","Updated At":"2020-01-21T05:46:53.000Z","Seconds to Label":5.567,"External ID":"hwb001.jpeg","Agreement":null,"Benchmark Agreement":null,"Benchmark ID":null,"Benchmark Reference ID":null,"Dataset Name":"hwb","Reviews":[],"View Label":"https://editor.labelbox.com?project=ck5ng2iwn9xfz09294y5wio2m&label=ck5nghnpv40070989lfxaiozx"},{"ID":"ck5nghz6hm5io07708s8sjtxl","DataRow ID":"ck5ng2akyeji40doq0c31b4ro","Labeled Data":"https://storage.labelbox.com/ck5m7hol2ltok0843iolzs4yv%2F5b0ef13f-0a0f-60be-9ae1-e5d947da48da-hwb008.jpeg?Expires=1580812550987&KeyName=labelbox-assets-key-1&Signature=0UTVgpf016L1FbD42wFZ053eq8Y","Label":{"objects":[{"featureId":"ck5nghxh90any0x8zpvb4fxuh","schemaId":"ck5ng2uhjpq9j0835qouns66l","title":"hwb","value":"hwb","color":"#FF0000","bbox":{"top":3,"left":1,"height":217,"width":223}}],"classifications":[]},"Created By":"jokekeh773@etopmail.com","Project Name":"hwb","Created At":"2020-01-21T05:47:08.000Z","Updated At":"2020-01-21T05:47:08.000Z","Seconds to Label":10.093,"External ID":"hwb008.jpeg","Agreement":null,"Benchmark Agreement":null,"Benchmark ID":null,"Benchmark Reference ID":null,"Dataset Name":"hwb","Reviews":[],"View Label":"https://editor.labelbox.com?project=ck5ng2iwn9xfz09294y5wio2m&label=ck5nghz6hm5io07708s8sjtxl"},{"ID":"ck5ngigu81hw50843i9iiriet","DataRow ID":"ck5ng2alfejlo0doqbha6dyre","Labeled Data":"https://storage.labelbox.com/ck5m7hol2ltok0843iolzs4yv%2F1dfff92d-e49d-bd32-7a24-37ef4672a7c1-hwb040.jpeg?Expires=1580812550987&KeyName=labelbox-assets-key-1&Signature=kUjiWnPGJNhwYQqJCsPjjMaemjg","Label":{"objects":[{"featureId":"ck5ngifxn0aqa0x8z71xt9l02","schemaId":"ck5ng2uhjpq9j0835qouns66l","title":"hwb","value":"hwb","color":"#FF0000","bbox":{"top":132,"left":5,"height":76,"width":211}}],"classifications":[]},"Created By":"jokekeh773@etopmail.com","Project Name":"hwb","Created At":"2020-01-21T05:47:31.000Z","Updated At":"2020-01-21T05:47:31.000Z","Seconds to Label":19.813,"External ID":"hwb040.jpeg","Agreement":null,"Benchmark Agreement":null,"Benchmark ID":null,"Benchmark Reference ID":null,"Dataset Name":"hwb","Reviews":[],"View Label":"https://editor.labelbox.com?project=ck5ng2iwn9xfz09294y5wio2m&label=ck5ngigu81hw50843i9iiriet"},{"ID":"ck5ngiw5y40qg0989arx0qhik","DataRow ID":"ck5ng2aljejp80doq4g0t6kcs","Labeled Data":"https://storage.labelbox.com/ck5m7hol2ltok0843iolzs4yv%2F7bca92d9-69db-fac6-360a-522caa3ec623-hwb072.jpeg?Expires=1580812550987&KeyName=labelbox-assets-key-1&Signature=BlHZU-6gs2q4PI5IOjQfeR5ThWY","Label":{"objects":[{"featureId":"ck5ngiv060ajv0x8r1y67e8dx","schemaId":"ck5ng2uhjpq9j0835qouns66l","title":"hwb","value":"hwb","color":"#FF0000","bbox":{"top":25,"left":30,"height":196,"width":151}}],"classifications":[]},"Created By":"jokekeh773@etopmail.com","Project Name":"hwb","Created At":"2020-01-21T05:47:51.000Z","Updated At":"2020-01-21T05:47:51.000Z","Seconds to Label":14.389,"External ID":"hwb072.jpeg","Agreement":null,"Benchmark Agreement":null,"Benchmark ID":null,"Benchmark Reference ID":null,"Dataset Name":"hwb","Reviews":[],"View Label":"https://editor.labelbox.com?project=ck5ng2iwn9xfz09294y5wio2m&label=ck5ngiw5y40qg0989arx0qhik"},{"ID":"ck5ngj4u9a37t0952f41bxi5a","DataRow ID":"ck5ng2akzejig0doq2b2v6a9e","Labeled Data":"https://storage.labelbox.com/ck5m7hol2ltok0843iolzs4yv%2F32a8925a-5c07-00d0-083b-8edddd73d28d-hwb011.jpeg?Expires=1580812550988&KeyName=labelbox-assets-key-1&Signature=LKYaYQX-1WLBHsVHJYq5eMbQiNM","Label":{"objects":[{"featureId":"ck5ngj45j0aqq0x75h1utyf78","schemaId":"ck5ng2uhjpq9j0835qouns66l","title":"hwb","value":"hwb","color":"#FF0000","bbox":{"top":94,"left":122,"height":66,"width":77}}],"classifications":[]},"Created By":"jokekeh773@etopmail.com","Project Name":"hwb","Created At":"2020-01-21T05:48:02.000Z","Updated At":"2020-01-21T05:48:02.000Z","Seconds to Label":7.941,"External ID":"hwb011.jpeg","Agreement":null,"Benchmark Agreement":null,"Benchmark ID":null,"Benchmark Reference ID":null,"Dataset Name":"hwb","Reviews":[],"View Label":"https://editor.labelbox.com?project=ck5ng2iwn9xfz09294y5wio2m&label=ck5ngj4u9a37t0952f41bxi5a"},{"ID":"ck5ngjg8mw9dm0a56r4lqkyaw","DataRow ID":"ck5ng2alfejm00doq1zw8126f","Labeled Data":"https://storage.labelbox.com/ck5m7hol2ltok0843iolzs4yv%2Fae990295-9e9a-663d-16cd-22506530b320-hwb043.jpeg?Expires=1580812550988&KeyName=labelbox-assets-key-1&Signature=-vJ3BbgqBJUkRflOA_JaNrDXS1I","Label":{"objects":[{"featureId":"ck5ngjeyu0arq0x8zpbla1uis","schemaId":"ck5ng2uhjpq9j0835qouns66l","title":"hwb","value":"hwb","color":"#FF0000","bbox":{"top":56,"left":55,"height":85,"width":61}}],"classifications":[]},"Created By":"jokekeh773@etopmail.com","Project Name":"hwb","Created At":"2020-01-21T05:48:17.000Z","Updated At":"2020-01-21T05:48:17.000Z","Seconds to Label":11.896,"External ID":"hwb043.jpeg","Agreement":null,"Benchmark Agreement":null,"Benchmark ID":null,"Benchmark Reference ID":null,"Dataset Name":"hwb","Reviews":[],"View Label":"https://editor.labelbox.com?project=ck5ng2iwn9xfz09294y5wio2m&label=ck5ngjg8mw9dm0a56r4lqkyaw"},{"ID":"ck5ngk53c41hg0989gfskbj5f","DataRow ID":"ck5ng2aljejpk0doqedtk4r9b","Labeled Data":"https://storage.labelbox.com/ck5m7hol2ltok0843iolzs4yv%2Ff0dc8daf-07b3-6460-d569-a636c335d09d-hwb075.jpeg?Expires=1580812550988&KeyName=labelbox-assets-key-1&Signature=ybuEvBdyf7W0jtwaXhNqRlYRNTA","Label":{"objects":[{"featureId":"ck5ngk2pu0asu0x8zvpb571ct","schemaId":"ck5ng2uhjpq9j0835qouns66l","title":"hwb","value":"hwb","color":"#FF0000","bbox":{"top":13,"left":49,"height":211,"width":173}}],"classifications":[]},"Created By":"jokekeh773@etopmail.com","Project Name":"hwb","Created At":"2020-01-21T05:48:49.000Z","Updated At":"2020-01-21T05:48:49.000Z","Seconds to Label":24.122,"External ID":"hwb075.jpeg","Agreement":null,"Benchmark Agreement":null,"Benchmark ID":null,"Benchmark Reference ID":null,"Dataset Name":"hwb","Reviews":[],"View Label":"https://editor.labelbox.com?project=ck5ng2iwn9xfz09294y5wio2m&label=ck5ngk53c41hg0989gfskbj5f"},{"ID":"ck5ngkbatm6r00770jj3iqktl","DataRow ID":"ck5ng2akzejis0doqfs4s1ica","Labeled Data":"https://storage.labelbox.com/ck5m7hol2ltok0843iolzs4yv%2Fa38a8416-398f-2803-840d-82167e38c8af-hwb014.jpeg?Expires=1580812550988&KeyName=labelbox-assets-key-1&Signature=dmPifrOF-lAI8j24nEHIlbDuqOU","Label":{"objects":[{"featureId":"ck5ngkaxo0asl0x75a2y70qqz","schemaId":"ck5ng2uhjpq9j0835qouns66l","title":"hwb","value":"hwb","color":"#FF0000","bbox":{"top":28,"left":16,"height":160,"width":195}}],"classifications":[]},"Created By":"jokekeh773@etopmail.com","Project Name":"hwb","Created At":"2020-01-21T05:48:57.000Z","Updated At":"2020-01-21T05:48:57.000Z","Seconds to Label":5.702,"External ID":"hwb014.jpeg","Agreement":null,"Benchmark Agreement":null,"Benchmark ID":null,"Benchmark Reference ID":null,"Dataset Name":"hwb","Reviews":[],"View Label":"https://editor.labelbox.com?project=ck5ng2iwn9xfz09294y5wio2m&label=ck5ngkbatm6r00770jj3iqktl"},{"ID":"ck5ngklxw1j1y08434rjcs02f","DataRow ID":"ck5ng2alfejmc0doqgaub5x2k","Labeled Data":"https://storage.labelbox.com/ck5m7hol2ltok0843iolzs4yv%2Fa790b164-124a-2b02-9191-c6c9ee2c5dfe-hwb046.jpeg?Expires=1580812550988&KeyName=labelbox-assets-key-1&Signature=ktwH7zKyem92FqTeOwHA5QdRsCc","Label":{"objects":[{"featureId":"ck5ngklkr0at10x75ofkk83zy","schemaId":"ck5ng2uhjpq9j0835qouns66l","title":"hwb","value":"hwb","color":"#FF0000","bbox":{"top":63,"left":21,"height":90,"width":179}}],"classifications":[]},"Created By":"jokekeh773@etopmail.com","Project Name":"hwb","Created At":"2020-01-21T05:49:11.000Z","Updated At":"2020-01-21T05:49:11.000Z","Seconds to Label":11.704,"External ID":"hwb046.jpeg","Agreement":null,"Benchmark Agreement":null,"Benchmark ID":null,"Benchmark Reference ID":null,"Dataset Name":"hwb","Reviews":[],"View Label":"https://editor.labelbox.com?project=ck5ng2iwn9xfz09294y5wio2m&label=ck5ngklxw1j1y08434rjcs02f"},{"ID":"ck5ngkvfga6i50929xdzexd5x","DataRow ID":"ck5ng2aljejpw0doqbw5a2yn7","Labeled Data":"https://storage.labelbox.com/ck5m7hol2ltok0843iolzs4yv%2F55939ea8-8b68-18ad-2140-7e8065e87829-hwb078.jpeg?Expires=1580812550988&KeyName=labelbox-assets-key-1&Signature=tgiuEeBs9xzdtkHJ0KzAP4Rug-U","Label":{"objects":[{"featureId":"ck5ngkuwe0atd0x75w4j1txi9","schemaId":"ck5ng2uhjpq9j0835qouns66l","title":"hwb","value":"hwb","color":"#FF0000","bbox":{"top":0,"left":48,"height":192,"width":38}}],"classifications":[]},"Created By":"jokekeh773@etopmail.com","Project Name":"hwb","Created At":"2020-01-21T05:49:23.000Z","Updated At":"2020-01-21T05:49:23.000Z","Seconds to Label":8.552,"External ID":"hwb078.jpeg","Agreement":null,"Benchmark Agreement":null,"Benchmark ID":null,"Benchmark Reference ID":null,"Dataset Name":"hwb","Reviews":[],"View Label":"https://editor.labelbox.com?project=ck5ng2iwn9xfz09294y5wio2m&label=ck5ngkvfga6i50929xdzexd5x"},{"ID":"ck5ngl5lepzq70835pokco6dv","DataRow ID":"ck5ng2akzejj40doq5nh23ob9","Labeled Data":"https://storage.labelbox.com/ck5m7hol2ltok0843iolzs4yv%2F51191aca-2892-6db7-2dcd-cbd9aa46cf2a-hwb017.jpeg?Expires=1580812550988&KeyName=labelbox-assets-key-1&Signature=PdowpkI7MeqfLjRo1L64hXUzOOw","Label":{"objects":[{"featureId":"ck5ngl5380ats0x753fhfgvip","schemaId":"ck5ng2uhjpq9j0835qouns66l","title":"hwb","value":"hwb","color":"#FF0000","bbox":{"top":61,"left":0,"height":87,"width":182}}],"classifications":[]},"Created By":"jokekeh773@etopmail.com","Project Name":"hwb","Created At":"2020-01-21T05:49:37.000Z","Updated At":"2020-01-21T05:49:37.000Z","Seconds to Label":10.347,"External ID":"hwb017.jpeg","Agreement":null,"Benchmark Agreement":null,"Benchmark ID":null,"Benchmark Reference ID":null,"Dataset Name":"hwb","Reviews":[],"View Label":"https://editor.labelbox.com?project=ck5ng2iwn9xfz09294y5wio2m&label=ck5ngl5lepzq70835pokco6dv"},{"ID":"ck5nglcn1pztp0835x1475ede","DataRow ID":"ck5ng2alfejmo0doq1mu6e9yc","Labeled Data":"https://storage.labelbox.com/ck5m7hol2ltok0843iolzs4yv%2Fd73b6733-46a2-d840-169b-3234dcc5bf93-hwb049.jpeg?Expires=1580812550988&KeyName=labelbox-assets-key-1&Signature=RyMfwIq-fKDn0PffhP20f9Tl7e0","Label":{"objects":[{"featureId":"ck5nglcai0auc0x75a5us0wyk","schemaId":"ck5ng2uhjpq9j0835qouns66l","title":"hwb","value":"hwb","color":"#FF0000","bbox":{"top":62,"left":71,"height":92,"width":84}}],"classifications":[]},"Created By":"jokekeh773@etopmail.com","Project Name":"hwb","Created At":"2020-01-21T05:49:46.000Z","Updated At":"2020-01-21T05:49:46.000Z","Seconds to Label":7.074,"External ID":"hwb049.jpeg","Agreement":null,"Benchmark Agreement":null,"Benchmark ID":null,"Benchmark Reference ID":null,"Dataset Name":"hwb","Reviews":[],"View Label":"https://editor.labelbox.com?project=ck5ng2iwn9xfz09294y5wio2m&label=ck5nglcn1pztp0835x1475ede"},{"ID":"ck5nglnmp42210989ngj7y0yz","DataRow ID":"ck5ng2alkejq80doqfqnb68o6","Labeled Data":"https://storage.labelbox.com/ck5m7hol2ltok0843iolzs4yv%2Facf19144-9f38-44c9-75c8-c80d1addc09f-hwb081.jpeg?Expires=1580812550988&KeyName=labelbox-assets-key-1&Signature=7T7mOZd2UqqAvOkqgVnD6uKP1gg","Label":{"objects":[{"featureId":"ck5nglnaa0ao70x8r16oxixkt","schemaId":"ck5ng2uhjpq9j0835qouns66l","title":"hwb","value":"hwb","color":"#FF0000","bbox":{"top":23,"left":124,"height":108,"width":62}}],"classifications":[]},"Created By":"jokekeh773@etopmail.com","Project Name":"hwb","Created At":"2020-01-21T05:50:00.000Z","Updated At":"2020-01-21T05:50:00.000Z","Seconds to Label":11.722,"External ID":"hwb081.jpeg","Agreement":null,"Benchmark Agreement":null,"Benchmark ID":null,"Benchmark Reference ID":null,"Dataset Name":"hwb","Reviews":[],"View Label":"https://editor.labelbox.com?project=ck5ng2iwn9xfz09294y5wio2m&label=ck5nglnmp42210989ngj7y0yz"},{"ID":"ck5nglx6p1jmh0843sqk13x33","DataRow ID":"ck5ng2al6ejjg0doq5dad1zae","Labeled Data":"https://storage.labelbox.com/ck5m7hol2ltok0843iolzs4yv%2Fe23667b0-bcc6-f45e-3508-da01f31eb607-hwb020.jpeg?Expires=1580812550988&KeyName=labelbox-assets-key-1&Signature=8NlJreUr5VyDCQZVy_zNLCWGmBM","Label":{"objects":[{"featureId":"ck5nglwa90av30x75pjo878fe","schemaId":"ck5ng2uhjpq9j0835qouns66l","title":"hwb","value":"hwb","color":"#FF0000","bbox":{"top":55,"left":11,"height":93,"width":204}}],"classifications":[]},"Created By":"jokekeh773@etopmail.com","Project Name":"hwb","Created At":"2020-01-21T05:50:12.000Z","Updated At":"2020-01-21T05:50:12.000Z","Seconds to Label":8.582,"External ID":"hwb020.jpeg","Agreement":null,"Benchmark Agreement":null,"Benchmark ID":null,"Benchmark Reference ID":null,"Dataset Name":"hwb","Reviews":[],"View Label":"https://editor.labelbox.com?project=ck5ng2iwn9xfz09294y5wio2m&label=ck5nglx6p1jmh0843sqk13x33"},{"ID":"ck5ngm569m7ks0770h28oyg1v","DataRow ID":"ck5ng2algejn00doq5h20ddoj","Labeled Data":"https://storage.labelbox.com/ck5m7hol2ltok0843iolzs4yv%2F2e6fa1cd-8c59-8383-9ab7-3addaff41370-hwb052.jpeg?Expires=1580812550988&KeyName=labelbox-assets-key-1&Signature=h_IRV57T2D6NQoQLmrv8aT17Biw","Label":{"objects":[{"featureId":"ck5ngm4lx0ap60x8r61g09ut9","schemaId":"ck5ng2uhjpq9j0835qouns66l","title":"hwb","value":"hwb","color":"#FF0000","bbox":{"top":53,"left":35,"height":130,"width":167}}],"classifications":[]},"Created By":"jokekeh773@etopmail.com","Project Name":"hwb","Created At":"2020-01-21T05:50:23.000Z","Updated At":"2020-01-21T05:50:23.000Z","Seconds to Label":7.612,"External ID":"hwb052.jpeg","Agreement":null,"Benchmark Agreement":null,"Benchmark ID":null,"Benchmark Reference ID":null,"Dataset Name":"hwb","Reviews":[],"View Label":"https://editor.labelbox.com?project=ck5ng2iwn9xfz09294y5wio2m&label=ck5ngm569m7ks0770h28oyg1v"},{"ID":"ck5ngmbl1a73w0929qpbemi2s","DataRow ID":"ck5ng2alkejqk0doq2zzc4t2u","Labeled Data":"https://storage.labelbox.com/ck5m7hol2ltok0843iolzs4yv%2F35b32225-f2ae-947c-8ce9-62855e28a5e2-hwb084.jpeg?Expires=1580812550988&KeyName=labelbox-assets-key-1&Signature=KUhk3Geo-95sRSk7RRwM-wgnRlo","Label":{"objects":[{"featureId":"ck5ngmb5q0avj0x75gxqebtu3","schemaId":"ck5ng2uhjpq9j0835qouns66l","title":"hwb","value":"hwb","color":"#FF0000","bbox":{"top":61,"left":55,"height":49,"width":137}}],"classifications":[]},"Created By":"jokekeh773@etopmail.com","Project Name":"hwb","Created At":"2020-01-21T05:50:31.000Z","Updated At":"2020-01-21T05:50:31.000Z","Seconds to Label":6.423,"External ID":"hwb084.jpeg","Agreement":null,"Benchmark Agreement":null,"Benchmark ID":null,"Benchmark Reference ID":null,"Dataset Name":"hwb","Reviews":[],"View Label":"https://editor.labelbox.com?project=ck5ng2iwn9xfz09294y5wio2m&label=ck5ngmbl1a73w0929qpbemi2s"},{"ID":"ck5ngmkg9a77o0929yk07azan","DataRow ID":"ck5ng2al7ejjs0doq3hz14abx","Labeled Data":"https://storage.labelbox.com/ck5m7hol2ltok0843iolzs4yv%2Fef022c29-d454-9162-3523-04d229316fbe-hwb023.jpeg?Expires=1580812550988&KeyName=labelbox-assets-key-1&Signature=shihJhK5L8e4h9qIXkge55oUjAs","Label":{"objects":[{"featureId":"ck5ngmjt70awd0x8z0zcium6x","schemaId":"ck5ng2uhjpq9j0835qouns66l","title":"hwb","value":"hwb","color":"#FF0000","bbox":{"top":73,"left":34,"height":95,"width":190}}],"classifications":[]},"Created By":"jokekeh773@etopmail.com","Project Name":"hwb","Created At":"2020-01-21T05:50:42.000Z","Updated At":"2020-01-21T05:50:42.000Z","Seconds to Label":9.342,"External ID":"hwb023.jpeg","Agreement":null,"Benchmark Agreement":null,"Benchmark ID":null,"Benchmark Reference ID":null,"Dataset Name":"hwb","Reviews":[],"View Label":"https://editor.labelbox.com?project=ck5ng2iwn9xfz09294y5wio2m&label=ck5ngmkg9a77o0929yk07azan"},{"ID":"ck5ngmtanwav70a56dsq91kg1","DataRow ID":"ck5ng2algejnc0doqdfvb8z6j","Labeled Data":"https://storage.labelbox.com/ck5m7hol2ltok0843iolzs4yv%2F27a02a0d-473f-90a6-6ead-84462b084ef9-hwb055.jpeg?Expires=1580812550989&KeyName=labelbox-assets-key-1&Signature=7KMo2lxFtBrZzf-9e8WT99Vn7k0","Label":{"objects":[{"featureId":"ck5ngmrqd0aq20x8ra2cpke2k","schemaId":"ck5ng2uhjpq9j0835qouns66l","title":"hwb","value":"hwb","color":"#FF0000","bbox":{"top":117,"left":65,"height":104,"width":159}}],"classifications":[]},"Created By":"jokekeh773@etopmail.com","Project Name":"hwb","Created At":"2020-01-21T05:50:54.000Z","Updated At":"2020-01-21T05:50:54.000Z","Seconds to Label":8.198,"External ID":"hwb055.jpeg","Agreement":null,"Benchmark Agreement":null,"Benchmark ID":null,"Benchmark Reference ID":null,"Dataset Name":"hwb","Reviews":[],"View Label":"https://editor.labelbox.com?project=ck5ng2iwn9xfz09294y5wio2m&label=ck5ngmtanwav70a56dsq91kg1"},{"ID":"ck5ngn6zoa54b09521gbi0l1s","DataRow ID":"ck5ng2alkejqw0doq83609aa9","Labeled Data":"https://storage.labelbox.com/ck5m7hol2ltok0843iolzs4yv%2F5bdcbfa6-13e5-6bbb-16fc-10024f92e433-hwb087.jpeg?Expires=1580812550989&KeyName=labelbox-assets-key-1&Signature=eLv5_DEqKGvQwTIfi37kpqCjzT0","Label":{"objects":[{"featureId":"ck5ngn2jk0axe0x8zuozhd830","schemaId":"ck5ng2uhjpq9j0835qouns66l","title":"hwb","value":"hwb","color":"#FF0000","bbox":{"top":25,"left":16,"height":145,"width":208}}],"classifications":[]},"Created By":"jokekeh773@etopmail.com","Project Name":"hwb","Created At":"2020-01-21T05:51:12.000Z","Updated At":"2020-01-21T05:51:12.000Z","Seconds to Label":18.604,"External ID":"hwb087.jpeg","Agreement":null,"Benchmark Agreement":null,"Benchmark ID":null,"Benchmark Reference ID":null,"Dataset Name":"hwb","Reviews":[],"View Label":"https://editor.labelbox.com?project=ck5ng2iwn9xfz09294y5wio2m&label=ck5ngn6zoa54b09521gbi0l1s"},{"ID":"ck5ngnfaza7lz09299ia525cz","DataRow ID":"ck5ng2al7ejk40doqf9gla122","Labeled Data":"https://storage.labelbox.com/ck5m7hol2ltok0843iolzs4yv%2F8241694d-129c-7f17-3820-4ebcbce87fc0-hwb026.jpeg?Expires=1580812550989&KeyName=labelbox-assets-key-1&Signature=XsUmo_Xeoxy-iU3Pri6oexKrfpw","Label":{"objects":[{"featureId":"ck5ngnei70axx0x8znc0938w1","schemaId":"ck5ng2uhjpq9j0835qouns66l","title":"hwb","value":"hwb","color":"#FF0000","bbox":{"top":54,"left":6,"height":100,"width":199}}],"classifications":[]},"Created By":"jokekeh773@etopmail.com","Project Name":"hwb","Created At":"2020-01-21T05:51:22.000Z","Updated At":"2020-01-21T05:51:22.000Z","Seconds to Label":7.672,"External ID":"hwb026.jpeg","Agreement":null,"Benchmark Agreement":null,"Benchmark ID":null,"Benchmark Reference ID":null,"Dataset Name":"hwb","Reviews":[],"View Label":"https://editor.labelbox.com?project=ck5ng2iwn9xfz09294y5wio2m&label=ck5ngnfaza7lz09299ia525cz"},{"ID":"ck5ngntqcm89407706jl1j22h","DataRow ID":"ck5ng2alhejno0doq7d9qhsz3","Labeled Data":"https://storage.labelbox.com/ck5m7hol2ltok0843iolzs4yv%2Fba979644-6b3d-fb38-83c2-2c5805543ffe-hwb058.jpeg?Expires=1580812550989&KeyName=labelbox-assets-key-1&Signature=eJTrXpK1OSBkgses_PyND125yiU","Label":{"objects":[{"featureId":"ck5ngntca0axy0x7555sqzoop","schemaId":"ck5ng2uhjpq9j0835qouns66l","title":"hwb","value":"hwb","color":"#FF0000","bbox":{"top":36,"left":0,"height":138,"width":221}}],"classifications":[]},"Created By":"jokekeh773@etopmail.com","Project Name":"hwb","Created At":"2020-01-21T05:51:41.000Z","Updated At":"2020-01-21T05:51:41.000Z","Seconds to Label":16.901,"External ID":"hwb058.jpeg","Agreement":null,"Benchmark Agreement":null,"Benchmark ID":null,"Benchmark Reference ID":null,"Dataset Name":"hwb","Reviews":[],"View Label":"https://editor.labelbox.com?project=ck5ng2iwn9xfz09294y5wio2m&label=ck5ngntqcm89407706jl1j22h"},{"ID":"ck5ngo28pa7ww0929e46pw5dd","DataRow ID":"ck5ng2allejr80doqhiaj6bj1","Labeled Data":"https://storage.labelbox.com/ck5m7hol2ltok0843iolzs4yv%2F11da1acc-95b7-baed-0a72-1e8c07785773-hwb090.jpeg?Expires=1580812550989&KeyName=labelbox-assets-key-1&Signature=qAlAObOyW9cW0e3co3C15TiFt7U","Label":{"objects":[{"featureId":"ck5ngo1xu0ayh0x75l7llaiur","schemaId":"ck5ng2uhjpq9j0835qouns66l","title":"hwb","value":"hwb","color":"#FF0000","bbox":{"top":24,"left":78,"height":144,"width":100}}],"classifications":[]},"Created By":"jokekeh773@etopmail.com","Project Name":"hwb","Created At":"2020-01-21T05:51:52.000Z","Updated At":"2020-01-21T05:51:52.000Z","Seconds to Label":8.951,"External ID":"hwb090.jpeg","Agreement":null,"Benchmark Agreement":null,"Benchmark ID":null,"Benchmark Reference ID":null,"Dataset Name":"hwb","Reviews":[],"View Label":"https://editor.labelbox.com?project=ck5ng2iwn9xfz09294y5wio2m&label=ck5ngo28pa7ww0929e46pw5dd"},{"ID":"ck5ngogoz1ko20843yjm5v9hj","DataRow ID":"ck5ng2al7ejkg0doqgdtf3jze","Labeled Data":"https://storage.labelbox.com/ck5m7hol2ltok0843iolzs4yv%2Fadaa47cc-f639-dad5-e4a4-d9b43bf24d1c-hwb029.jpeg?Expires=1580812550989&KeyName=labelbox-assets-key-1&Signature=--v8xSteDr_n8YQzzRHXDjyMSFI","Label":{"objects":[{"featureId":"ck5ngoask0asi0x8rhc3k0tn0","schemaId":"ck5ng2uhjpq9j0835qouns66l","title":"hwb","value":"hwb","color":"#FF0000","bbox":{"top":11,"left":108,"height":172,"width":98}}],"classifications":[]},"Created By":"jokekeh773@etopmail.com","Project Name":"hwb","Created At":"2020-01-21T05:52:11.000Z","Updated At":"2020-01-21T05:52:11.000Z","Seconds to Label":27.351000000000003,"External ID":"hwb029.jpeg","Agreement":null,"Benchmark Agreement":null,"Benchmark ID":null,"Benchmark Reference ID":null,"Dataset Name":"hwb","Reviews":[],"View Label":"https://editor.labelbox.com?project=ck5ng2iwn9xfz09294y5wio2m&label=ck5ngogoz1ko20843yjm5v9hj"},{"ID":"ck5ngomog43co0989ik0gs9g8","DataRow ID":"ck5ng2alhejo00doqcfy5ahpo","Labeled Data":"https://storage.labelbox.com/ck5m7hol2ltok0843iolzs4yv%2F291143e8-cb85-225e-bfaa-7f49a3e82f82-hwb061.jpeg?Expires=1580812550989&KeyName=labelbox-assets-key-1&Signature=Ecqi_tTHzbDaEPtZ6OYvC0xSzKs","Label":{"objects":[{"featureId":"ck5ngome30b060x8zgrn7umzw","schemaId":"ck5ng2uhjpq9j0835qouns66l","title":"hwb","value":"hwb","color":"#FF0000","bbox":{"top":78,"left":19,"height":96,"width":145}}],"classifications":[]},"Created By":"jokekeh773@etopmail.com","Project Name":"hwb","Created At":"2020-01-21T05:52:19.000Z","Updated At":"2020-01-21T05:52:19.000Z","Seconds to Label":6.031,"External ID":"hwb061.jpeg","Agreement":null,"Benchmark Agreement":null,"Benchmark ID":null,"Benchmark Reference ID":null,"Dataset Name":"hwb","Reviews":[],"View Label":"https://editor.labelbox.com?project=ck5ng2iwn9xfz09294y5wio2m&label=ck5ngomog43co0989ik0gs9g8"},{"ID":"ck5ngorsywbq60a56ndcvl2ow","DataRow ID":"ck5ng2allejrk0doq2hzs2k5a","Labeled Data":"https://storage.labelbox.com/ck5m7hol2ltok0843iolzs4yv%2Fe4f7923b-7827-9bbe-65f4-69ba0541941a-hwb093.jpeg?Expires=1580812550989&KeyName=labelbox-assets-key-1&Signature=uJet2OR28nKFKCNfVODfTEn9A2o","Label":{"objects":[{"featureId":"ck5ngor2g0b0g0x8zef8eoan2","schemaId":"ck5ng2uhjpq9j0835qouns66l","title":"hwb","value":"hwb","color":"#FF0000","bbox":{"top":106,"left":43,"height":46,"width":64}}],"classifications":[]},"Created By":"jokekeh773@etopmail.com","Project Name":"hwb","Created At":"2020-01-21T05:52:25.000Z","Updated At":"2020-01-21T05:52:25.000Z","Seconds to Label":3.782,"External ID":"hwb093.jpeg","Agreement":null,"Benchmark Agreement":null,"Benchmark ID":null,"Benchmark Reference ID":null,"Dataset Name":"hwb","Reviews":[],"View Label":"https://editor.labelbox.com?project=ck5ng2iwn9xfz09294y5wio2m&label=ck5ngorsywbq60a56ndcvl2ow"},{"ID":"ck5ngp0jlwbvv0a566vxy5xs4","DataRow ID":"ck5ng2al7ejks0doqf4x1holp","Labeled Data":"https://storage.labelbox.com/ck5m7hol2ltok0843iolzs4yv%2Fd245bfad-a9a3-c038-348c-5c7212990c72-hwb032.jpeg?Expires=1580812550989&KeyName=labelbox-assets-key-1&Signature=jpLTjwB2YnDLxihFW7txNs_--rc","Label":{"objects":[{"featureId":"ck5ngp0960b0z0x8ze1duw0op","schemaId":"ck5ng2uhjpq9j0835qouns66l","title":"hwb","value":"hwb","color":"#FF0000","bbox":{"top":83,"left":42,"height":58,"width":158}}],"classifications":[]},"Created By":"jokekeh773@etopmail.com","Project Name":"hwb","Created At":"2020-01-21T05:52:37.000Z","Updated At":"2020-01-21T05:52:37.000Z","Seconds to Label":9.681,"External ID":"hwb032.jpeg","Agreement":null,"Benchmark Agreement":null,"Benchmark ID":null,"Benchmark Reference ID":null,"Dataset Name":"hwb","Reviews":[],"View Label":"https://editor.labelbox.com?project=ck5ng2iwn9xfz09294y5wio2m&label=ck5ngp0jlwbvv0a566vxy5xs4"},{"ID":"ck5ngp83bwc060a56ea0edie3","DataRow ID":"ck5ng2aliejoc0doq0oy582ke","Labeled Data":"https://storage.labelbox.com/ck5m7hol2ltok0843iolzs4yv%2F5a7743de-4506-aee9-a4d0-7d1cf408474f-hwb064.jpeg?Expires=1580812550989&KeyName=labelbox-assets-key-1&Signature=eu5wbw_CKj6ZEswyw8cH579ED2A","Label":{"objects":[{"featureId":"ck5ngp7se0b1c0x8zavw14frv","schemaId":"ck5ng2uhjpq9j0835qouns66l","title":"hwb","value":"hwb","color":"#FF0000","bbox":{"top":41,"left":22,"height":115,"width":187}}],"classifications":[]},"Created By":"jokekeh773@etopmail.com","Project Name":"hwb","Created At":"2020-01-21T05:52:46.000Z","Updated At":"2020-01-21T05:52:46.000Z","Seconds to Label":7.341,"External ID":"hwb064.jpeg","Agreement":null,"Benchmark Agreement":null,"Benchmark ID":null,"Benchmark Reference ID":null,"Dataset Name":"hwb","Reviews":[],"View Label":"https://editor.labelbox.com?project=ck5ng2iwn9xfz09294y5wio2m&label=ck5ngp83bwc060a56ea0edie3"},{"ID":"ck5ngpkj3a8m2092966i0ivm8","DataRow ID":"ck5ng2almejrw0doq0yt512do","Labeled Data":"https://storage.labelbox.com/ck5m7hol2ltok0843iolzs4yv%2Fd8d2f6c2-b848-d253-e902-8170881f3f32-hwb096.jpeg?Expires=1580812550989&KeyName=labelbox-assets-key-1&Signature=aOuXAUlk87BiMbOEI5njzdJUPZM","Label":{"objects":[{"featureId":"ck5ngpk130avc0x8rreisaduj","schemaId":"ck5ng2uhjpq9j0835qouns66l","title":"hwb","value":"hwb","color":"#FF0000","bbox":{"top":8,"left":5,"height":209,"width":213}}],"classifications":[]},"Created By":"jokekeh773@etopmail.com","Project Name":"hwb","Created At":"2020-01-21T05:53:03.000Z","Updated At":"2020-01-21T05:53:03.000Z","Seconds to Label":13.945,"External ID":"hwb096.jpeg","Agreement":null,"Benchmark Agreement":null,"Benchmark ID":null,"Benchmark Reference ID":null,"Dataset Name":"hwb","Reviews":[],"View Label":"https://editor.labelbox.com?project=ck5ng2iwn9xfz09294y5wio2m&label=ck5ngpkj3a8m2092966i0ivm8"},{"ID":"ck5ngptyk43xq0989l9oeehpj","DataRow ID":"ck5ng2aleejl40doq54dcf9ij","Labeled Data":"https://storage.labelbox.com/ck5m7hol2ltok0843iolzs4yv%2F0ac0da6a-5177-d092-0143-b8ba237a13c5-hwb035.jpeg?Expires=1580812550989&KeyName=labelbox-assets-key-1&Signature=16BvVxEweR7imfyWhjGf747lgE8","Label":{"objects":[{"featureId":"ck5ngpst60b2k0x8zk70g0a7y","schemaId":"ck5ng2uhjpq9j0835qouns66l","title":"hwb","value":"hwb","color":"#FF0000","bbox":{"top":105,"left":59,"height":113,"width":160}}],"classifications":[]},"Created By":"jokekeh773@etopmail.com","Project Name":"hwb","Created At":"2020-01-21T05:53:15.000Z","Updated At":"2020-01-21T05:53:15.000Z","Seconds to Label":9.347,"External ID":"hwb035.jpeg","Agreement":null,"Benchmark Agreement":null,"Benchmark ID":null,"Benchmark Reference ID":null,"Dataset Name":"hwb","Reviews":[],"View Label":"https://editor.labelbox.com?project=ck5ng2iwn9xfz09294y5wio2m&label=ck5ngptyk43xq0989l9oeehpj"},{"ID":"ck5ngq0a2q1ti0835vazfljfo","DataRow ID":"ck5ng2aliejoo0doqa8wue9tc","Labeled Data":"https://storage.labelbox.com/ck5m7hol2ltok0843iolzs4yv%2F2a195283-5921-c30d-36f4-2243200cf533-hwb067.jpeg?Expires=1580812550989&KeyName=labelbox-assets-key-1&Signature=BVYlMx7okGI2vXbrNpW4ZWHPWVc","Label":{"objects":[{"featureId":"ck5ngpzu00b320x8z95u429qr","schemaId":"ck5ng2uhjpq9j0835qouns66l","title":"hwb","value":"hwb","color":"#FF0000","bbox":{"top":77,"left":69,"height":67,"width":118}}],"classifications":[]},"Created By":"jokekeh773@etopmail.com","Project Name":"hwb","Created At":"2020-01-21T05:53:23.000Z","Updated At":"2020-01-21T05:53:23.000Z","Seconds to Label":5.981,"External ID":"hwb067.jpeg","Agreement":null,"Benchmark Agreement":null,"Benchmark ID":null,"Benchmark Reference ID":null,"Dataset Name":"hwb","Reviews":[],"View Label":"https://editor.labelbox.com?project=ck5ng2iwn9xfz09294y5wio2m&label=ck5ngq0a2q1ti0835vazfljfo"},{"ID":"ck5ngq8pm1lls0843sxlanp8h","DataRow ID":"ck5ng2almejs80doqhrii5ssj","Labeled Data":"https://storage.labelbox.com/ck5m7hol2ltok0843iolzs4yv%2F44dbb15a-1c18-30d2-66d0-a54b053f3c8f-hwb099.jpeg?Expires=1580812550989&KeyName=labelbox-assets-key-1&Signature=AJJ4f5H-uVqIhkQUH1nYfOV1bcg","Label":{"objects":[{"featureId":"ck5ngq7rx0b2c0x75hl4tuqno","schemaId":"ck5ng2uhjpq9j0835qouns66l","title":"hwb","value":"hwb","color":"#FF0000","bbox":{"top":68,"left":25,"height":72,"width":189}}],"classifications":[]},"Created By":"jokekeh773@etopmail.com","Project Name":"hwb","Created At":"2020-01-21T05:53:34.000Z","Updated At":"2020-01-21T05:53:34.000Z","Seconds to Label":7.272,"External ID":"hwb099.jpeg","Agreement":null,"Benchmark Agreement":null,"Benchmark ID":null,"Benchmark Reference ID":null,"Dataset Name":"hwb","Reviews":[],"View Label":"https://editor.labelbox.com?project=ck5ng2iwn9xfz09294y5wio2m&label=ck5ngq8pm1lls0843sxlanp8h"},{"ID":"ck5ngqguw1lrg0843g03k04wo","DataRow ID":"ck5ng2akyejhw0doq1irpah86","Labeled Data":"https://storage.labelbox.com/ck5m7hol2ltok0843iolzs4yv%2F0f3cc178-a5d9-09c7-99d0-f65bff095957-hwb006.jpeg?Expires=1580812550989&KeyName=labelbox-assets-key-1&Signature=RK40UAAvWGhv7MfO7Vwc3ZkU_ns","Label":{"objects":[{"featureId":"ck5ngqfvw0b4b0x8zpf0noexw","schemaId":"ck5ng2uhjpq9j0835qouns66l","title":"hwb","value":"hwb","color":"#FF0000","bbox":{"top":29,"left":15,"height":185,"width":206}}],"classifications":[]},"Created By":"jokekeh773@etopmail.com","Project Name":"hwb","Created At":"2020-01-21T05:53:44.000Z","Updated At":"2020-01-21T05:53:44.000Z","Seconds to Label":7.515,"External ID":"hwb006.jpeg","Agreement":null,"Benchmark Agreement":null,"Benchmark ID":null,"Benchmark Reference ID":null,"Dataset Name":"hwb","Reviews":[],"View Label":"https://editor.labelbox.com?project=ck5ng2iwn9xfz09294y5wio2m&label=ck5ngqguw1lrg0843g03k04wo"},{"ID":"ck5ngqqnkm9rq0770wn8ruz0b","DataRow ID":"ck5ng2aleejlg0doqanyla30i","Labeled Data":"https://storage.labelbox.com/ck5m7hol2ltok0843iolzs4yv%2Fcdccefcb-db11-29af-29c6-67acd9b83360-hwb038.jpeg?Expires=1580812550989&KeyName=labelbox-assets-key-1&Signature=45bF8zpdjLU-6wz02exI07bqqg4","Label":{"objects":[{"featureId":"ck5ngqq270b4u0x8zdpsto4md","schemaId":"ck5ng2uhjpq9j0835qouns66l","title":"hwb","value":"hwb","color":"#FF0000","bbox":{"top":142,"left":78,"height":37,"width":79}}],"classifications":[]},"Created By":"jokekeh773@etopmail.com","Project Name":"hwb","Created At":"2020-01-21T05:53:57.000Z","Updated At":"2020-01-21T05:53:57.000Z","Seconds to Label":10.192,"External ID":"hwb038.jpeg","Agreement":null,"Benchmark Agreement":null,"Benchmark ID":null,"Benchmark Reference ID":null,"Dataset Name":"hwb","Reviews":[],"View Label":"https://editor.labelbox.com?project=ck5ng2iwn9xfz09294y5wio2m&label=ck5ngqqnkm9rq0770wn8ruz0b"},{"ID":"ck5ngqxn3a9bo0929wjwrg9fn","DataRow ID":"ck5ng2aliejp00doq545sb3kp","Labeled Data":"https://storage.labelbox.com/ck5m7hol2ltok0843iolzs4yv%2F53af87db-7f2b-06cb-eb10-98ef52f49728-hwb070.jpeg?Expires=1580812550990&KeyName=labelbox-assets-key-1&Signature=cK7mmoBi-3zOVOAOvKtm5OPfZ8Q","Label":{"objects":[{"featureId":"ck5ngqx950b410x755yaq5exs","schemaId":"ck5ng2uhjpq9j0835qouns66l","title":"hwb","value":"hwb","color":"#FF0000","bbox":{"top":74,"left":83,"height":89,"width":48}}],"classifications":[]},"Created By":"jokekeh773@etopmail.com","Project Name":"hwb","Created At":"2020-01-21T05:54:06.000Z","Updated At":"2020-01-21T05:54:06.000Z","Seconds to Label":7.236,"External ID":"hwb070.jpeg","Agreement":null,"Benchmark Agreement":null,"Benchmark ID":null,"Benchmark Reference ID":null,"Dataset Name":"hwb","Reviews":[],"View Label":"https://editor.labelbox.com?project=ck5ng2iwn9xfz09294y5wio2m&label=ck5ngqxn3a9bo0929wjwrg9fn"},{"ID":"ck5ngr52p1m4t08431nfutatf","DataRow ID":"ck5ng2almejsk0doq2phg69d1","Labeled Data":"https://storage.labelbox.com/ck5m7hol2ltok0843iolzs4yv%2F5204747c-2d27-2676-b4db-bffcebbd8444-hwb002.jpeg?Expires=1580812550990&KeyName=labelbox-assets-key-1&Signature=FrwFItoyX-s8kOpTc5sP6S8BJOE","Label":{"objects":[{"featureId":"ck5ngr4d50b4d0x75ubgpyxpl","schemaId":"ck5ng2uhjpq9j0835qouns66l","title":"hwb","value":"hwb","color":"#FF0000","bbox":{"top":64,"left":26,"height":108,"width":175}}],"classifications":[]},"Created By":"jokekeh773@etopmail.com","Project Name":"hwb","Created At":"2020-01-21T05:54:16.000Z","Updated At":"2020-01-21T05:54:16.000Z","Seconds to Label":7.422,"External ID":"hwb002.jpeg","Agreement":null,"Benchmark Agreement":null,"Benchmark ID":null,"Benchmark Reference ID":null,"Dataset Name":"hwb","Reviews":[],"View Label":"https://editor.labelbox.com?project=ck5ng2iwn9xfz09294y5wio2m&label=ck5ngr52p1m4t08431nfutatf"},{"ID":"ck5ngrhyya9jm0929s7o1otm5","DataRow ID":"ck5ng2akyeji80doqhr4v9qhj","Labeled Data":"https://storage.labelbox.com/ck5m7hol2ltok0843iolzs4yv%2F7c8a667e-efca-6a8d-7979-38e11b0c3e40-hwb009.jpeg?Expires=1580812550990&KeyName=labelbox-assets-key-1&Signature=84EyZJ2DPGZFQj4aO60ynTZKQNM","Label":{"objects":[{"featureId":"ck5ngrcm00b5q0x8zltit87s6","schemaId":"ck5ng2uhjpq9j0835qouns66l","title":"hwb","value":"hwb","color":"#FF0000","bbox":{"top":101,"left":4,"height":89,"width":172}}],"classifications":[]},"Created By":"jokekeh773@etopmail.com","Project Name":"hwb","Created At":"2020-01-21T05:54:33.000Z","Updated At":"2020-01-21T05:54:33.000Z","Seconds to Label":16.11,"External ID":"hwb009.jpeg","Agreement":null,"Benchmark Agreement":null,"Benchmark ID":null,"Benchmark Reference ID":null,"Dataset Name":"hwb","Reviews":[],"View Label":"https://editor.labelbox.com?project=ck5ng2iwn9xfz09294y5wio2m&label=ck5ngrhyya9jm0929s7o1otm5"},{"ID":"ck5ngrqw5a7ba0952mdtrx3yw","DataRow ID":"ck5ng2alfejls0doq4p9f53o0","Labeled Data":"https://storage.labelbox.com/ck5m7hol2ltok0843iolzs4yv%2F62158fd8-e9f7-80c1-35ab-a0219767654d-hwb041.jpeg?Expires=1580812550990&KeyName=labelbox-assets-key-1&Signature=tlV69SEtFlKyErP6En_b2FR-Foc","Label":{"objects":[{"featureId":"ck5ngrq7w0b060x8rnvfssyi0","schemaId":"ck5ng2uhjpq9j0835qouns66l","title":"hwb","value":"hwb","color":"#FF0000","bbox":{"top":85,"left":8,"height":113,"width":206}}],"classifications":[]},"Created By":"jokekeh773@etopmail.com","Project Name":"hwb","Created At":"2020-01-21T05:54:44.000Z","Updated At":"2020-01-21T05:54:44.000Z","Seconds to Label":9.359,"External ID":"hwb041.jpeg","Agreement":null,"Benchmark Agreement":null,"Benchmark ID":null,"Benchmark Reference ID":null,"Dataset Name":"hwb","Reviews":[],"View Label":"https://editor.labelbox.com?project=ck5ng2iwn9xfz09294y5wio2m&label=ck5ngrqw5a7ba0952mdtrx3yw"},{"ID":"ck5ngrzasq2w708352ciopabf","DataRow ID":"ck5ng2aljejpc0doqc3ht5huz","Labeled Data":"https://storage.labelbox.com/ck5m7hol2ltok0843iolzs4yv%2F923b6034-4e38-073a-d2eb-0fe56eb352bb-hwb073.jpeg?Expires=1580812550990&KeyName=labelbox-assets-key-1&Signature=F_j3nUmzGwtAx47_DUXkpg17YH4","Label":{"objects":[{"featureId":"ck5ngrypb0b5e0x75w90ms2nr","schemaId":"ck5ng2uhjpq9j0835qouns66l","title":"hwb","value":"hwb","color":"#FF0000","bbox":{"top":49,"left":38,"height":95,"width":165}}],"classifications":[]},"Created By":"jokekeh773@etopmail.com","Project Name":"hwb","Created At":"2020-01-21T05:54:55.000Z","Updated At":"2020-01-21T05:54:55.000Z","Seconds to Label":8.241,"External ID":"hwb073.jpeg","Agreement":null,"Benchmark Agreement":null,"Benchmark ID":null,"Benchmark Reference ID":null,"Dataset Name":"hwb","Reviews":[],"View Label":"https://editor.labelbox.com?project=ck5ng2iwn9xfz09294y5wio2m&label=ck5ngrzasq2w708352ciopabf"},{"ID":"ck5ngs9z6a9yp0929rzdslhw5","DataRow ID":"ck5ng2akzejik0doq2ofyah5k","Labeled Data":"https://storage.labelbox.com/ck5m7hol2ltok0843iolzs4yv%2Fd9910020-334b-5e85-a1a8-3c9f6d950cb7-hwb012.jpeg?Expires=1580812550990&KeyName=labelbox-assets-key-1&Signature=a75wI-l7ScsjEZ4B_fOt7ncD6Ow","Label":{"objects":[{"featureId":"ck5ngs7gb0b0z0x8r0sstd7nh","schemaId":"ck5ng2uhjpq9j0835qouns66l","title":"hwb","value":"hwb","color":"#FF0000","bbox":{"top":27,"left":70,"height":122,"width":67}}],"classifications":[]},"Created By":"jokekeh773@etopmail.com","Project Name":"hwb","Created At":"2020-01-21T05:55:09.000Z","Updated At":"2020-01-21T05:55:09.000Z","Seconds to Label":17.424,"External ID":"hwb012.jpeg","Agreement":null,"Benchmark Agreement":null,"Benchmark ID":null,"Benchmark Reference ID":null,"Dataset Name":"hwb","Reviews":[],"View Label":"https://editor.labelbox.com?project=ck5ng2iwn9xfz09294y5wio2m&label=ck5ngs9z6a9yp0929rzdslhw5"},{"ID":"ck5ngsipw45bs0989rhgvba28","DataRow ID":"ck5ng2alfejm40doq9gl673v7","Labeled Data":"https://storage.labelbox.com/ck5m7hol2ltok0843iolzs4yv%2F508aaab9-1796-0258-03a3-3512e4655646-hwb044.jpeg?Expires=1580812550990&KeyName=labelbox-assets-key-1&Signature=rmc9Z1DfGaircSj1Oo3hmcWE2ck","Label":{"objects":[{"featureId":"ck5ngshvf0b1j0x8rpv3oek7l","schemaId":"ck5ng2uhjpq9j0835qouns66l","title":"hwb","value":"hwb","color":"#FF0000","bbox":{"top":116,"left":65,"height":100,"width":159}}],"classifications":[]},"Created By":"jokekeh773@etopmail.com","Project Name":"hwb","Created At":"2020-01-21T05:55:20.000Z","Updated At":"2020-01-21T05:55:20.000Z","Seconds to Label":8,"External ID":"hwb044.jpeg","Agreement":null,"Benchmark Agreement":null,"Benchmark ID":null,"Benchmark Reference ID":null,"Dataset Name":"hwb","Reviews":[],"View Label":"https://editor.labelbox.com?project=ck5ng2iwn9xfz09294y5wio2m&label=ck5ngsipw45bs0989rhgvba28"},{"ID":"ck5ngsprma7ro0952gd9inxxs","DataRow ID":"ck5ng2aljejpo0doq5riv7gks","Labeled Data":"https://storage.labelbox.com/ck5m7hol2ltok0843iolzs4yv%2F6d38b312-c381-99d6-aa9b-0ff463683fcb-hwb076.jpeg?Expires=1580812550990&KeyName=labelbox-assets-key-1&Signature=CgljTukhrQ0lHZD7lM7aTuAxW_Q","Label":{"objects":[{"featureId":"ck5ngsovh0b1x0x8r9d3mw5g7","schemaId":"ck5ng2uhjpq9j0835qouns66l","title":"hwb","value":"hwb","color":"#FF0000","bbox":{"top":83,"left":43,"height":95,"width":161}}],"classifications":[]},"Created By":"jokekeh773@etopmail.com","Project Name":"hwb","Created At":"2020-01-21T05:55:29.000Z","Updated At":"2020-01-21T05:55:29.000Z","Seconds to Label":5.581,"External ID":"hwb076.jpeg","Agreement":null,"Benchmark Agreement":null,"Benchmark ID":null,"Benchmark Reference ID":null,"Dataset Name":"hwb","Reviews":[],"View Label":"https://editor.labelbox.com?project=ck5ng2iwn9xfz09294y5wio2m&label=ck5ngsprma7ro0952gd9inxxs"},{"ID":"ck5ngt08w22b10978vcv6qkru","DataRow ID":"ck5ng2akzejiw0doq0nrc5wyz","Labeled Data":"https://storage.labelbox.com/ck5m7hol2ltok0843iolzs4yv%2Fb75b58e4-e3cf-327f-a3f1-d16f80bd2926-hwb015.jpeg?Expires=1580812550990&KeyName=labelbox-assets-key-1&Signature=-gWJJv5_UQuuyYnY6C_pIXEV7X0","Label":{"objects":[{"featureId":"ck5ngsz780b740x75okghvbs8","schemaId":"ck5ng2uhjpq9j0835qouns66l","title":"hwb","value":"hwb","color":"#FF0000","bbox":{"top":54,"left":11,"height":93,"width":203}}],"classifications":[]},"Created By":"jokekeh773@etopmail.com","Project Name":"hwb","Created At":"2020-01-21T05:55:43.000Z","Updated At":"2020-01-21T05:55:43.000Z","Seconds to Label":11.022,"External ID":"hwb015.jpeg","Agreement":null,"Benchmark Agreement":null,"Benchmark ID":null,"Benchmark Reference ID":null,"Dataset Name":"hwb","Reviews":[],"View Label":"https://editor.labelbox.com?project=ck5ng2iwn9xfz09294y5wio2m&label=ck5ngt08w22b10978vcv6qkru"},{"ID":"ck5ngtbjua86q0952h0izqr27","DataRow ID":"ck5ng2alfejmg0doq3r9javuz","Labeled Data":"https://storage.labelbox.com/ck5m7hol2ltok0843iolzs4yv%2F15752989-bc1d-1ce0-a50a-66e3a5d3b5ae-hwb047.jpeg?Expires=1580812550990&KeyName=labelbox-assets-key-1&Signature=mABiSlKjoXmXWRxdmBI92NjczzI","Label":{"objects":[{"featureId":"ck5ngtato0b7y0x753g12q69c","schemaId":"ck5ng2uhjpq9j0835qouns66l","title":"hwb","value":"hwb","color":"#FF0000","bbox":{"top":3,"left":2,"height":206,"width":214}}],"classifications":[]},"Created By":"jokekeh773@etopmail.com","Project Name":"hwb","Created At":"2020-01-21T05:55:57.000Z","Updated At":"2020-01-21T05:55:58.000Z","Seconds to Label":12.03,"External ID":"hwb047.jpeg","Agreement":null,"Benchmark Agreement":null,"Benchmark ID":null,"Benchmark Reference ID":null,"Dataset Name":"hwb","Reviews":[],"View Label":"https://editor.labelbox.com?project=ck5ng2iwn9xfz09294y5wio2m&label=ck5ngtbjua86q0952h0izqr27"},{"ID":"ck5ngtjmgwe100a560fnpsr37","DataRow ID":"ck5ng2aljejq00doq43c9fi44","Labeled Data":"https://storage.labelbox.com/ck5m7hol2ltok0843iolzs4yv%2Fa1356241-8590-ec78-0e60-830ffb7903c1-hwb079.jpeg?Expires=1580812550990&KeyName=labelbox-assets-key-1&Signature=bnVkfRqXkoCrtP5Ql3f6ysCkuXM","Label":{"objects":[{"featureId":"ck5ngtj1p0b3w0x8rqflje2ly","schemaId":"ck5ng2uhjpq9j0835qouns66l","title":"hwb","value":"hwb","color":"#FF0000","bbox":{"top":88,"left":0,"height":110,"width":160}}],"classifications":[]},"Created By":"jokekeh773@etopmail.com","Project Name":"hwb","Created At":"2020-01-21T05:56:08.000Z","Updated At":"2020-01-21T05:56:08.000Z","Seconds to Label":7.824,"External ID":"hwb079.jpeg","Agreement":null,"Benchmark Agreement":null,"Benchmark ID":null,"Benchmark Reference ID":null,"Dataset Name":"hwb","Reviews":[],"View Label":"https://editor.labelbox.com?project=ck5ng2iwn9xfz09294y5wio2m&label=ck5ngtjmgwe100a560fnpsr37"},{"ID":"ck5ngtrtsa8gk0952rhozbnut","DataRow ID":"ck5ng2al6ejj80doq331n8tw2","Labeled Data":"https://storage.labelbox.com/ck5m7hol2ltok0843iolzs4yv%2Fc9276b20-9f86-1a3a-2e0c-cfda74f5fadb-hwb018.jpeg?Expires=1580812550990&KeyName=labelbox-assets-key-1&Signature=E52xOo10uFcva1xjtpj9yhPgEnk","Label":{"objects":[{"featureId":"ck5ngtrbi0b4k0x8rzqlambgn","schemaId":"ck5ng2uhjpq9j0835qouns66l","title":"hwb","value":"hwb","color":"#FF0000","bbox":{"top":141,"left":63,"height":41,"width":87}}],"classifications":[]},"Created By":"jokekeh773@etopmail.com","Project Name":"hwb","Created At":"2020-01-21T05:56:19.000Z","Updated At":"2020-01-21T05:56:19.000Z","Seconds to Label":7.342,"External ID":"hwb018.jpeg","Agreement":null,"Benchmark Agreement":null,"Benchmark ID":null,"Benchmark Reference ID":null,"Dataset Name":"hwb","Reviews":[],"View Label":"https://editor.labelbox.com?project=ck5ng2iwn9xfz09294y5wio2m&label=ck5ngtrtsa8gk0952rhozbnut"},{"ID":"ck5ngub5923310978hkqatxcp","DataRow ID":"ck5ng2algejms0doq54qif1c1","Labeled Data":"https://storage.labelbox.com/ck5m7hol2ltok0843iolzs4yv%2F8897857c-701f-aab1-2d75-d7b61c950466-hwb050.jpeg?Expires=1580812550990&KeyName=labelbox-assets-key-1&Signature=oFGUOOQtIJ3pzLyJvIVsKTgJi00","Label":{"objects":[{"featureId":"ck5ngu5fe0b5g0x8rpgcj6t9d","schemaId":"ck5ng2uhjpq9j0835qouns66l","title":"hwb","value":"hwb","color":"#FF0000","bbox":{"top":74,"left":9,"height":86,"width":198}}],"classifications":[]},"Created By":"jokekeh773@etopmail.com","Project Name":"hwb","Created At":"2020-01-21T05:56:44.000Z","Updated At":"2020-01-21T05:56:44.000Z","Seconds to Label":20.464,"External ID":"hwb050.jpeg","Agreement":null,"Benchmark Agreement":null,"Benchmark ID":null,"Benchmark Reference ID":null,"Dataset Name":"hwb","Reviews":[],"View Label":"https://editor.labelbox.com?project=ck5ng2iwn9xfz09294y5wio2m&label=ck5ngub5923310978hkqatxcp"},{"ID":"ck5ngupxka9080952oiik7u3z","DataRow ID":"ck5ng2alkejqc0doqfuzafd5p","Labeled Data":"https://storage.labelbox.com/ck5m7hol2ltok0843iolzs4yv%2F363c2e47-a367-9db5-a06f-816adb25f077-hwb082.jpeg?Expires=1580812550990&KeyName=labelbox-assets-key-1&Signature=L_jmbEbl1vc9LO4SIv5kwqFbfi0","Label":{"objects":[{"featureId":"ck5ngupde0bbg0x75suysy8w1","schemaId":"ck5ng2uhjpq9j0835qouns66l","title":"hwb","value":"hwb","color":"#FF0000","bbox":{"top":142,"left":88,"height":59,"width":84}}],"classifications":[]},"Created By":"jokekeh773@etopmail.com","Project Name":"hwb","Created At":"2020-01-21T05:57:03.000Z","Updated At":"2020-01-21T05:57:03.000Z","Seconds to Label":14.482,"External ID":"hwb082.jpeg","Agreement":null,"Benchmark Agreement":null,"Benchmark ID":null,"Benchmark Reference ID":null,"Dataset Name":"hwb","Reviews":[],"View Label":"https://editor.labelbox.com?project=ck5ng2iwn9xfz09294y5wio2m&label=ck5ngupxka9080952oiik7u3z"},{"ID":"ck5nguzibq4o9083505ju19kl","DataRow ID":"ck5ng2al6ejjk0doqh79v7j1b","Labeled Data":"https://storage.labelbox.com/ck5m7hol2ltok0843iolzs4yv%2F7a9f9e96-c358-90e1-aace-3ee08e32b4a5-hwb021.jpeg?Expires=1580812550990&KeyName=labelbox-assets-key-1&Signature=E93HLu3Uj9fkiZcePItUdgNS3Lk","Label":{"objects":[{"featureId":"ck5nguyrc0b7b0x8rwc8feoey","schemaId":"ck5ng2uhjpq9j0835qouns66l","title":"hwb","value":"hwb","color":"#FF0000","bbox":{"top":82,"left":68,"height":72,"width":91}}],"classifications":[]},"Created By":"jokekeh773@etopmail.com","Project Name":"hwb","Created At":"2020-01-21T05:57:15.000Z","Updated At":"2020-01-21T05:57:15.000Z","Seconds to Label":8.546,"External ID":"hwb021.jpeg","Agreement":null,"Benchmark Agreement":null,"Benchmark ID":null,"Benchmark Reference ID":null,"Dataset Name":"hwb","Reviews":[],"View Label":"https://editor.labelbox.com?project=ck5ng2iwn9xfz09294y5wio2m&label=ck5nguzibq4o9083505ju19kl"},{"ID":"ck5ngv8be46vc0989x9xn5p9m","DataRow ID":"ck5ng2algejn40doq9fy2fzms","Labeled Data":"https://storage.labelbox.com/ck5m7hol2ltok0843iolzs4yv%2Fc351ae11-721a-09d9-ede0-213b61bcd49b-hwb053.jpeg?Expires=1580812550991&KeyName=labelbox-assets-key-1&Signature=jKFgA0blMo2yiFNDs-DnAkqaqls","Label":{"objects":[{"featureId":"ck5ngv6io0bd00x8zgqpq5nfd","schemaId":"ck5ng2uhjpq9j0835qouns66l","title":"hwb","value":"hwb","color":"#FF0000","bbox":{"top":4,"left":10,"height":218,"width":214}}],"classifications":[]},"Created By":"jokekeh773@etopmail.com","Project Name":"hwb","Created At":"2020-01-21T05:57:27.000Z","Updated At":"2020-01-21T05:57:27.000Z","Seconds to Label":6.521,"External ID":"hwb053.jpeg","Agreement":null,"Benchmark Agreement":null,"Benchmark ID":null,"Benchmark Reference ID":null,"Dataset Name":"hwb","Reviews":[],"View Label":"https://editor.labelbox.com?project=ck5ng2iwn9xfz09294y5wio2m&label=ck5ngv8be46vc0989x9xn5p9m"},{"ID":"ck5ngvi8qwf7a0a56l0v2jg61","DataRow ID":"ck5ng2alkejqo0doq7e4l0fra","Labeled Data":"https://storage.labelbox.com/ck5m7hol2ltok0843iolzs4yv%2F27642050-13ff-4a04-814e-186013b06f7b-hwb085.jpeg?Expires=1580812550991&KeyName=labelbox-assets-key-1&Signature=udXJnbkGB2kk3uHvelqnzqtjPBk","Label":{"objects":[{"featureId":"ck5ngvhlx0b7z0x8rygzqptk3","schemaId":"ck5ng2uhjpq9j0835qouns66l","title":"hwb","value":"hwb","color":"#FF0000","bbox":{"top":12,"left":13,"height":85,"width":98}}],"classifications":[]},"Created By":"jokekeh773@etopmail.com","Project Name":"hwb","Created At":"2020-01-21T05:57:39.000Z","Updated At":"2020-01-21T05:57:40.000Z","Seconds to Label":9.981,"External ID":"hwb085.jpeg","Agreement":null,"Benchmark Agreement":null,"Benchmark ID":null,"Benchmark Reference ID":null,"Dataset Name":"hwb","Reviews":[],"View Label":"https://editor.labelbox.com?project=ck5ng2iwn9xfz09294y5wio2m&label=ck5ngvi8qwf7a0a56l0v2jg61"}]