[{"ID":"ck5muxtp2ert60770a0pwziiy","DataRow ID":"ck5mu9ht49qvw0doq2hzk4623","Labeled Data":"https://storage.labelbox.com/ck5m7hol2ltok0843iolzs4yv%2F0ab8a874-3186-f2bd-b591-e8e948d9b1f7-mcg025.jpg?Expires=1580812524269&KeyName=labelbox-assets-key-1&Signature=XO5UAVnvuwQsrQi8nKrXUNoThVg","Label":{"objects":[{"featureId":"ck5muxsst1p410yc6mrykj2dh","schemaId":"ck5mufp1hic5x0835ibismw7l","title":"mcg","value":"mcg","color":"#FF0000","bbox":{"top":21,"left":2,"height":185,"width":218}}],"classifications":[]},"Created By":"jokekeh773@etopmail.com","Project Name":"mcg","Created At":"2020-01-20T19:43:36.000Z","Updated At":"2020-01-20T19:43:36.000Z","Seconds to Label":11.156,"External ID":"mcg025.jpg","Agreement":null,"Benchmark Agreement":null,"Benchmark ID":null,"Benchmark Reference ID":null,"Dataset Name":"mcg","Reviews":[],"View Label":"https://editor.labelbox.com?project=ck5mueh08twj008439xw6ojx9&label=ck5muxtp2ert60770a0pwziiy"},{"ID":"ck5mv2wtu2uv40929niwn4eev","DataRow ID":"ck5mu9ht69qzg0doq0obrhagq","Labeled Data":"https://storage.labelbox.com/ck5m7hol2ltok0843iolzs4yv%2F12ddbae3-2209-ae6c-a84e-ea2430a33460-mcg057.jpeg?Expires=1580812524269&KeyName=labelbox-assets-key-1&Signature=jmT_fUbHaIqq-xO4O-tixxrBGDc","Label":{"objects":[{"featureId":"ck5muzy1f19ug0yczgkc981z9","schemaId":"ck5mufp1hic5x0835ibismw7l","title":"mcg","value":"mcg","color":"#FF0000","bbox":{"top":63,"left":5,"height":134,"width":219}}],"classifications":[]},"Created By":"jokekeh773@etopmail.com","Project Name":"mcg","Created At":"2020-01-20T19:47:33.000Z","Updated At":"2020-01-20T19:47:33.000Z","Seconds to Label":88.472,"External ID":"mcg057.jpeg","Agreement":null,"Benchmark Agreement":null,"Benchmark ID":null,"Benchmark Reference ID":null,"Dataset Name":"mcg","Reviews":[],"View Label":"https://editor.labelbox.com?project=ck5mueh08twj008439xw6ojx9&label=ck5mv2wtu2uv40929niwn4eev"},{"ID":"ck5mvgf0rusaq0978sb8vq7l7","DataRow ID":"ck5mu9htb9r300doqaqhi0f1k","Labeled Data":"https://storage.labelbox.com/ck5m7hol2ltok0843iolzs4yv%2F0678d376-78a6-8b7e-d6f9-e39540def12c-mcg089.jpeg?Expires=1580812524269&KeyName=labelbox-assets-key-1&Signature=t9fJwwKeiKm1qA4H9oZ1ax5jGFU","Label":{"objects":[{"featureId":"ck5mvg97m001w0xb7b3f4nfyl","schemaId":"ck5mufp1hic5x0835ibismw7l","title":"mcg","value":"mcg","color":"#FF0000","bbox":{"top":60,"left":8,"height":119,"width":201}}],"classifications":[]},"Created By":"jokekeh773@etopmail.com","Project Name":"mcg","Created At":"2020-01-20T19:58:04.000Z","Updated At":"2020-01-20T19:58:04.000Z","Seconds to Label":34.374,"External ID":"mcg089.jpeg","Agreement":null,"Benchmark Agreement":null,"Benchmark ID":null,"Benchmark Reference ID":null,"Dataset Name":"mcg","Reviews":[],"View Label":"https://editor.labelbox.com?project=ck5mueh08twj008439xw6ojx9&label=ck5mvgf0rusaq0978sb8vq7l7"},{"ID":"ck5mvixreuh7k0843qs07la5g","DataRow ID":"ck5mu9ht49qw80doq1nowcuw4","Labeled Data":"https://storage.labelbox.com/ck5m7hol2ltok0843iolzs4yv%2F6ba96d37-6ef2-1efe-068e-5b1e936da18b-mcg028.jpg?Expires=1580812524269&KeyName=labelbox-assets-key-1&Signature=DEN3-LiQy1o8mXTjQWQldIQb7Gs","Label":{"objects":[{"featureId":"ck5mvixcm1pgf0yc6vasojkog","schemaId":"ck5mufp1hic5x0835ibismw7l","title":"mcg","value":"mcg","color":"#FF0000","bbox":{"top":0,"left":0,"height":223,"width":222}}],"classifications":[]},"Created By":"jokekeh773@etopmail.com","Project Name":"mcg","Created At":"2020-01-20T20:00:01.000Z","Updated At":"2020-01-20T20:00:01.000Z","Seconds to Label":7.628,"External ID":"mcg028.jpg","Agreement":null,"Benchmark Agreement":null,"Benchmark ID":null,"Benchmark Reference ID":null,"Dataset Name":"mcg","Reviews":[],"View Label":"https://editor.labelbox.com?project=ck5mueh08twj008439xw6ojx9&label=ck5mvixreuh7k0843qs07la5g"},{"ID":"ck5mvj4wjpmpr08509sqh1hvy","DataRow ID":"ck5mu9ht69qzs0doqbira522g","Labeled Data":"https://storage.labelbox.com/ck5m7hol2ltok0843iolzs4yv%2F53ee0f02-663b-68aa-b790-662dffda0a2d-mcg060.jpeg?Expires=1580812524270&KeyName=labelbox-assets-key-1&Signature=jOx2rROTx1Gg8Ec_WFoi7utWKz8","Label":{"objects":[{"featureId":"ck5mvj4ew003l0xb7s0wecl2t","schemaId":"ck5mufp1hic5x0835ibismw7l","title":"mcg","value":"mcg","color":"#FF0000","bbox":{"top":38,"left":7,"height":182,"width":216}}],"classifications":[]},"Created By":"jokekeh773@etopmail.com","Project Name":"mcg","Created At":"2020-01-20T20:00:10.000Z","Updated At":"2020-01-20T20:00:10.000Z","Seconds to Label":7.026,"External ID":"mcg060.jpeg","Agreement":null,"Benchmark Agreement":null,"Benchmark ID":null,"Benchmark Reference ID":null,"Dataset Name":"mcg","Reviews":[],"View Label":"https://editor.labelbox.com?project=ck5mueh08twj008439xw6ojx9&label=ck5mvj4wjpmpr08509sqh1hvy"},{"ID":"ck5mvjfc832tp0952e60jxe6e","DataRow ID":"ck5mu9htb9r3c0doq5ewffz1l","Labeled Data":"https://storage.labelbox.com/ck5m7hol2ltok0843iolzs4yv%2F69ebb40a-4379-5d9c-ebd8-e7405831f1bb-mcg092.jpeg?Expires=1580812524270&KeyName=labelbox-assets-key-1&Signature=0UEua7G2OogXVmwjKGRyffeaDT0","Label":{"objects":[{"featureId":"ck5mvjeno003q0xb7hfebzh3y","schemaId":"ck5mufp1hic5x0835ibismw7l","title":"mcg","value":"mcg","color":"#FF0000","bbox":{"top":5,"left":5,"height":208,"width":219}}],"classifications":[]},"Created By":"jokekeh773@etopmail.com","Project Name":"mcg","Created At":"2020-01-20T20:00:24.000Z","Updated At":"2020-01-20T20:00:24.000Z","Seconds to Label":11.18,"External ID":"mcg092.jpeg","Agreement":null,"Benchmark Agreement":null,"Benchmark ID":null,"Benchmark Reference ID":null,"Dataset Name":"mcg","Reviews":[],"View Label":"https://editor.labelbox.com?project=ck5mueh08twj008439xw6ojx9&label=ck5mvjfc832tp0952e60jxe6e"},{"ID":"ck5mvjqr333r40929m89secru","DataRow ID":"ck5mu9ht49qwk0doq97zu0a9u","Labeled Data":"https://storage.labelbox.com/ck5m7hol2ltok0843iolzs4yv%2F8676fd80-71e9-4204-6125-50f8da71f3f1-mcg031.jpg?Expires=1580812524270&KeyName=labelbox-assets-key-1&Signature=N_aYniKsOb8-T-uYs-7Z0y4nGb0","Label":{"objects":[{"featureId":"ck5mvjq6t1p5j11bw852mgyk0","schemaId":"ck5mufp1hic5x0835ibismw7l","title":"mcg","value":"mcg","color":"#FF0000","bbox":{"top":43,"left":3,"height":157,"width":218}}],"classifications":[]},"Created By":"jokekeh773@etopmail.com","Project Name":"mcg","Created At":"2020-01-20T20:00:39.000Z","Updated At":"2020-01-20T20:00:39.000Z","Seconds to Label":12.634,"External ID":"mcg031.jpg","Agreement":null,"Benchmark Agreement":null,"Benchmark ID":null,"Benchmark Reference ID":null,"Dataset Name":"mcg","Reviews":[],"View Label":"https://editor.labelbox.com?project=ck5mueh08twj008439xw6ojx9&label=ck5mvjqr333r40929m89secru"},{"ID":"ck5mvjxpppn980850xt4x94ej","DataRow ID":"ck5mu9ht79r040doq7j4vbd5w","Labeled Data":"https://storage.labelbox.com/ck5m7hol2ltok0843iolzs4yv%2Fd1a901c5-a24c-a0e7-3976-f65a1e92440a-mcg063.jpeg?Expires=1580812524270&KeyName=labelbox-assets-key-1&Signature=Gl_9KVoYxgi9NZg_o9b6CVZjA6g","Label":{"objects":[{"featureId":"ck5mvjx1k1p5p11bw2wx6fkl4","schemaId":"ck5mufp1hic5x0835ibismw7l","title":"mcg","value":"mcg","color":"#FF0000","bbox":{"top":51,"left":0,"height":126,"width":220}}],"classifications":[]},"Created By":"jokekeh773@etopmail.com","Project Name":"mcg","Created At":"2020-01-20T20:00:48.000Z","Updated At":"2020-01-20T20:00:48.000Z","Seconds to Label":6.608,"External ID":"mcg063.jpeg","Agreement":null,"Benchmark Agreement":null,"Benchmark ID":null,"Benchmark Reference ID":null,"Dataset Name":"mcg","Reviews":[],"View Label":"https://editor.labelbox.com?project=ck5mueh08twj008439xw6ojx9&label=ck5mvjxpppn980850xt4x94ej"},{"ID":"ck5mvk9juui1608432uzuadvo","DataRow ID":"ck5mu9htc9r3o0doqbf8v2akn","Labeled Data":"https://storage.labelbox.com/ck5m7hol2ltok0843iolzs4yv%2Fa7860c19-9519-9484-590d-d0d0c40d3fbd-mcg095.jpeg?Expires=1580812524270&KeyName=labelbox-assets-key-1&Signature=miFzW_9wIxOskFXbAGnhGkBlv5g","Label":{"objects":[{"featureId":"ck5mvk7ut1a4z0yczfxtee50e","schemaId":"ck5mufp1hic5x0835ibismw7l","title":"mcg","value":"mcg","color":"#FF0000","bbox":{"top":23,"left":40,"height":179,"width":169}}],"classifications":[]},"Created By":"jokekeh773@etopmail.com","Project Name":"mcg","Created At":"2020-01-20T20:01:03.000Z","Updated At":"2020-01-20T20:01:03.000Z","Seconds to Label":11.656,"External ID":"mcg095.jpeg","Agreement":null,"Benchmark Agreement":null,"Benchmark ID":null,"Benchmark Reference ID":null,"Dataset Name":"mcg","Reviews":[],"View Label":"https://editor.labelbox.com?project=ck5mueh08twj008439xw6ojx9&label=ck5mvk9juui1608432uzuadvo"},{"ID":"ck5mvknk9f3rm0770vnaxn2ie","DataRow ID":"ck5mu9ht59qww0doq61g75lhw","Labeled Data":"https://storage.labelbox.com/ck5m7hol2ltok0843iolzs4yv%2F33b88a80-20f4-29fd-3983-d57dad9ae3a0-mcg034.jpg?Expires=1580812524270&KeyName=labelbox-assets-key-1&Signature=QLt661BDdVVwq9udYefWMsf4rzI","Label":{"objects":[{"featureId":"ck5mvkmja1p6f11bw17fnsbu3","schemaId":"ck5mufp1hic5x0835ibismw7l","title":"mcg","value":"mcg","color":"#FF0000","bbox":{"top":28,"left":5,"height":162,"width":216}}],"classifications":[]},"Created By":"jokekeh773@etopmail.com","Project Name":"mcg","Created At":"2020-01-20T20:01:21.000Z","Updated At":"2020-01-20T20:01:21.000Z","Seconds to Label":12.67,"External ID":"mcg034.jpg","Agreement":null,"Benchmark Agreement":null,"Benchmark ID":null,"Benchmark Reference ID":null,"Dataset Name":"mcg","Reviews":[],"View Label":"https://editor.labelbox.com?project=ck5mueh08twj008439xw6ojx9&label=ck5mvknk9f3rm0770vnaxn2ie"},{"ID":"ck5mvkyltixhx0835tsloskos","DataRow ID":"ck5mu9ht79r0g0doqc638766c","Labeled Data":"https://storage.labelbox.com/ck5m7hol2ltok0843iolzs4yv%2Fdc5976ad-8abf-f36d-939b-f7a7298469b2-mcg066.jpeg?Expires=1580812524270&KeyName=labelbox-assets-key-1&Signature=7-BqgcWdC2E-p4J6wrWVQUMb5L8","Label":{"objects":[{"featureId":"ck5mvkxux1p6s11bw587sueqp","schemaId":"ck5mufp1hic5x0835ibismw7l","title":"mcg","value":"mcg","color":"#FF0000","bbox":{"top":47,"left":13,"height":150,"width":211}}],"classifications":[]},"Created By":"jokekeh773@etopmail.com","Project Name":"mcg","Created At":"2020-01-20T20:01:36.000Z","Updated At":"2020-01-20T20:01:36.000Z","Seconds to Label":9.237,"External ID":"mcg066.jpeg","Agreement":null,"Benchmark Agreement":null,"Benchmark ID":null,"Benchmark Reference ID":null,"Dataset Name":"mcg","Reviews":[],"View Label":"https://editor.labelbox.com?project=ck5mueh08twj008439xw6ojx9&label=ck5mvkyltixhx0835tsloskos"},{"ID":"ck5mvl6rv33tg0952xb59kqog","DataRow ID":"ck5mu9htc9r400doq7xh417f1","Labeled Data":"https://storage.labelbox.com/ck5m7hol2ltok0843iolzs4yv%2F86170d03-8d03-e738-93b3-eec52dc5e212-mcg098.jpeg?Expires=1580812524270&KeyName=labelbox-assets-key-1&Signature=DkG7MGB4z2Gh9AcBcNIuIZTJ2gM","Label":{"objects":[{"featureId":"ck5mvl6aj1p6u11bwb1bavqu5","schemaId":"ck5mufp1hic5x0835ibismw7l","title":"mcg","value":"mcg","color":"#FF0000","bbox":{"top":51,"left":9,"height":130,"width":209}}],"classifications":[]},"Created By":"jokekeh773@etopmail.com","Project Name":"mcg","Created At":"2020-01-20T20:01:46.000Z","Updated At":"2020-01-20T20:01:46.000Z","Seconds to Label":7.133,"External ID":"mcg098.jpeg","Agreement":null,"Benchmark Agreement":null,"Benchmark ID":null,"Benchmark Reference ID":null,"Dataset Name":"mcg","Reviews":[],"View Label":"https://editor.labelbox.com?project=ck5mueh08twj008439xw6ojx9&label=ck5mvl6rv33tg0952xb59kqog"},{"ID":"ck5mvlktnixui0835blbwo69x","DataRow ID":"ck5mu9ht39qto0doq81rf6gib","Labeled Data":"https://storage.labelbox.com/ck5m7hol2ltok0843iolzs4yv%2F784d70ad-7b2b-3f87-5549-b5721f9b7776-mcg005.jpg?Expires=1580812524270&KeyName=labelbox-assets-key-1&Signature=FKTmZZQQGiwuLosOKOcRSvwW-NI","Label":{"objects":[{"featureId":"ck5mvli4e1p7011bwhxosqrar","schemaId":"ck5mufp1hic5x0835ibismw7l","title":"mcg","value":"mcg","color":"#FF0000","bbox":{"top":43,"left":7,"height":151,"width":212}}],"classifications":[]},"Created By":"jokekeh773@etopmail.com","Project Name":"mcg","Created At":"2020-01-20T20:02:04.000Z","Updated At":"2020-01-20T20:02:04.000Z","Seconds to Label":13.154,"External ID":"mcg005.jpg","Agreement":null,"Benchmark Agreement":null,"Benchmark ID":null,"Benchmark Reference ID":null,"Dataset Name":"mcg","Reviews":[],"View Label":"https://editor.labelbox.com?project=ck5mueh08twj008439xw6ojx9&label=ck5mvlktnixui0835blbwo69x"},{"ID":"ck5mvn6ubp6sr0a56si55tgz2","DataRow ID":"ck5mu9ht59qx80doq5ocn89mm","Labeled Data":"https://storage.labelbox.com/ck5m7hol2ltok0843iolzs4yv%2F57efd9c9-228b-423b-35af-09cef5141ba5-mcg037.jpg?Expires=1580812524270&KeyName=labelbox-assets-key-1&Signature=xyEAkLzE31wgaIixBhJ2c_yc1H4","Label":{"objects":[{"featureId":"ck5mvn42u1a6s0yczvqfy4zps","schemaId":"ck5mufp1hic5x0835ibismw7l","title":"mcg","value":"mcg","color":"#FF0000","bbox":{"top":0,"left":0,"height":224,"width":208}}],"classifications":[]},"Created By":"jokekeh773@etopmail.com","Project Name":"mcg","Created At":"2020-01-20T20:03:20.000Z","Updated At":"2020-01-20T20:03:20.000Z","Seconds to Label":5.363,"External ID":"mcg037.jpg","Agreement":null,"Benchmark Agreement":null,"Benchmark ID":null,"Benchmark Reference ID":null,"Dataset Name":"mcg","Reviews":[],"View Label":"https://editor.labelbox.com?project=ck5mueh08twj008439xw6ojx9&label=ck5mvn6ubp6sr0a56si55tgz2"},{"ID":"ck5mvniv6p70e0a561pdjfwhz","DataRow ID":"ck5mu9ht79r0s0doq743abrzx","Labeled Data":"https://storage.labelbox.com/ck5m7hol2ltok0843iolzs4yv%2Fdd7cc5fb-289b-a1e8-7d53-76cb76c4e4be-mcg069.jpeg?Expires=1580812524270&KeyName=labelbox-assets-key-1&Signature=DIHmTNpJR18v8dtbwmuCRLkV6LU","Label":{"objects":[{"featureId":"ck5mvni7v1p8011bw5zuh5s5w","schemaId":"ck5mufp1hic5x0835ibismw7l","title":"mcg","value":"mcg","color":"#FF0000","bbox":{"top":16,"left":7,"height":201,"width":206}}],"classifications":[]},"Created By":"jokekeh773@etopmail.com","Project Name":"mcg","Created At":"2020-01-20T20:03:35.000Z","Updated At":"2020-01-20T20:03:35.000Z","Seconds to Label":12.201,"External ID":"mcg069.jpeg","Agreement":null,"Benchmark Agreement":null,"Benchmark ID":null,"Benchmark Reference ID":null,"Dataset Name":"mcg","Reviews":[],"View Label":"https://editor.labelbox.com?project=ck5mueh08twj008439xw6ojx9&label=ck5mvniv6p70e0a561pdjfwhz"},{"ID":"ck5mvnqk4pprb085070syu2f9","DataRow ID":"ck5mu9htc9r4c0doq4ok00299","Labeled Data":"https://storage.labelbox.com/ck5m7hol2ltok0843iolzs4yv%2F2bd36106-29fc-6c36-dfc0-29db0f6241c6-mcg001.jpg?Expires=1580812524270&KeyName=labelbox-assets-key-1&Signature=TGtoaM3BhuD1tas9th2DhcmhNvY","Label":{"objects":[{"featureId":"ck5mvnpw21a7c0yczk0g9lp4t","schemaId":"ck5mufp1hic5x0835ibismw7l","title":"mcg","value":"mcg","color":"#FF0000","bbox":{"top":62,"left":0,"height":132,"width":224}}],"classifications":[]},"Created By":"jokekeh773@etopmail.com","Project Name":"mcg","Created At":"2020-01-20T20:03:45.000Z","Updated At":"2020-01-20T20:03:45.000Z","Seconds to Label":7.496,"External ID":"mcg001.jpg","Agreement":null,"Benchmark Agreement":null,"Benchmark ID":null,"Benchmark Reference ID":null,"Dataset Name":"mcg","Reviews":[],"View Label":"https://editor.labelbox.com?project=ck5mueh08twj008439xw6ojx9&label=ck5mvnqk4pprb085070syu2f9"},{"ID":"ck5mvo0d836qd0929ybkb7zxz","DataRow ID":"ck5mu9ht39qu00doqecmuc6fv","Labeled Data":"https://storage.labelbox.com/ck5m7hol2ltok0843iolzs4yv%2F44830ae8-20d0-605e-4d96-baf9bc0a5b32-mcg008.jpg?Expires=1580812524270&KeyName=labelbox-assets-key-1&Signature=-7d2JQo8gtZ7upk5xjxd2HSG6Zs","Label":{"objects":[{"featureId":"ck5mvnzu21a7k0yczpm848ia6","schemaId":"ck5mufp1hic5x0835ibismw7l","title":"mcg","value":"mcg","color":"#FF0000","bbox":{"top":48,"left":30,"height":125,"width":194}}],"classifications":[]},"Created By":"jokekeh773@etopmail.com","Project Name":"mcg","Created At":"2020-01-20T20:03:58.000Z","Updated At":"2020-01-20T20:03:58.000Z","Seconds to Label":10.522,"External ID":"mcg008.jpg","Agreement":null,"Benchmark Agreement":null,"Benchmark ID":null,"Benchmark Reference ID":null,"Dataset Name":"mcg","Reviews":[],"View Label":"https://editor.labelbox.com?project=ck5mueh08twj008439xw6ojx9&label=ck5mvo0d836qd0929ybkb7zxz"},{"ID":"ck5mvocq2361z0952xnpp0ptq","DataRow ID":"ck5mu9ht59qxk0doq7lp684gf","Labeled Data":"https://storage.labelbox.com/ck5m7hol2ltok0843iolzs4yv%2F2cfb777c-b354-02b8-c9a7-8b571db59e00-mcg040.jpg?Expires=1580812524270&KeyName=labelbox-assets-key-1&Signature=6cg86PPvztGmQR1b8G9ecLKGXSc","Label":{"objects":[{"featureId":"ck5mvo95u1a7r0ycze3echyhi","schemaId":"ck5mufp1hic5x0835ibismw7l","title":"mcg","value":"mcg","color":"#FF0000","bbox":{"top":47,"left":14,"height":118,"width":210}}],"classifications":[]},"Created By":"jokekeh773@etopmail.com","Project Name":"mcg","Created At":"2020-01-20T20:04:14.000Z","Updated At":"2020-01-21T04:49:24.000Z","Seconds to Label":12.803,"External ID":"mcg040.jpg","Agreement":null,"Benchmark Agreement":null,"Benchmark ID":null,"Benchmark Reference ID":null,"Dataset Name":"mcg","Reviews":[],"View Label":"https://editor.labelbox.com?project=ck5mueh08twj008439xw6ojx9&label=ck5mvocq2361z0952xnpp0ptq"},{"ID":"ck5mvojjdukzc08439ek569ql","DataRow ID":"ck5mu9hta9r140doq2ltihjnx","Labeled Data":"https://storage.labelbox.com/ck5m7hol2ltok0843iolzs4yv%2Fe30049b5-0741-9d68-c934-c74e21008202-mcg072.jpeg?Expires=1580812524270&KeyName=labelbox-assets-key-1&Signature=WhD_aLEfOcG1DzgQBggoPaKRHGU","Label":{"objects":[{"featureId":"ck5mvoj3t1pka0yc6uobtkwpa","schemaId":"ck5mufp1hic5x0835ibismw7l","title":"mcg","value":"mcg","color":"#FF0000","bbox":{"top":63,"left":0,"height":136,"width":224}}],"classifications":[]},"Created By":"jokekeh773@etopmail.com","Project Name":"mcg","Created At":"2020-01-20T20:04:23.000Z","Updated At":"2020-01-20T20:04:23.000Z","Seconds to Label":6.479,"External ID":"mcg072.jpeg","Agreement":null,"Benchmark Agreement":null,"Benchmark ID":null,"Benchmark Reference ID":null,"Dataset Name":"mcg","Reviews":[],"View Label":"https://editor.labelbox.com?project=ck5mueh08twj008439xw6ojx9&label=ck5mvojjdukzc08439ek569ql"},{"ID":"ck5mvosnw36f60952aqn5nnna","DataRow ID":"ck5mu9htc9r4o0doq1384e5t6","Labeled Data":"https://storage.labelbox.com/ck5m7hol2ltok0843iolzs4yv%2F804f4ccf-fe7c-f36c-6d15-bb07e442fae5-mcg004.jpg?Expires=1580812524271&KeyName=labelbox-assets-key-1&Signature=6j7RQJc68ZwYBBMyGF6xaKTmhJM","Label":{"objects":[{"featureId":"ck5mvormg1p8u11bwofwlfmoo","schemaId":"ck5mufp1hic5x0835ibismw7l","title":"mcg","value":"mcg","color":"#FF0000","bbox":{"top":48,"left":75,"height":109,"width":94}}],"classifications":[]},"Created By":"jokekeh773@etopmail.com","Project Name":"mcg","Created At":"2020-01-20T20:04:34.000Z","Updated At":"2020-01-20T20:04:35.000Z","Seconds to Label":8.984,"External ID":"mcg004.jpg","Agreement":null,"Benchmark Agreement":null,"Benchmark ID":null,"Benchmark Reference ID":null,"Dataset Name":"mcg","Reviews":[],"View Label":"https://editor.labelbox.com?project=ck5mueh08twj008439xw6ojx9&label=ck5mvosnw36f60952aqn5nnna"},{"ID":"ck5mvp4w8f6y10770wyzklrqp","DataRow ID":"ck5mu9ht39quc0doqf9ib8oef","Labeled Data":"https://storage.labelbox.com/ck5m7hol2ltok0843iolzs4yv%2Ff9af2801-de8a-189f-a7e1-f27d7cf15bd7-mcg011.jpg?Expires=1580812524271&KeyName=labelbox-assets-key-1&Signature=KA7t21l-rbkfVODMQWhEmJ-hOaY","Label":{"objects":[{"featureId":"ck5mvp3ys1a8g0yczahgq76r2","schemaId":"ck5mufp1hic5x0835ibismw7l","title":"mcg","value":"mcg","color":"#FF0000","bbox":{"top":23,"left":7,"height":185,"width":213}}],"classifications":[]},"Created By":"jokekeh773@etopmail.com","Project Name":"mcg","Created At":"2020-01-20T20:04:50.000Z","Updated At":"2020-01-20T20:04:50.000Z","Seconds to Label":10.719,"External ID":"mcg011.jpg","Agreement":null,"Benchmark Agreement":null,"Benchmark ID":null,"Benchmark Reference ID":null,"Dataset Name":"mcg","Reviews":[],"View Label":"https://editor.labelbox.com?project=ck5mueh08twj008439xw6ojx9&label=ck5mvp4w8f6y10770wyzklrqp"},{"ID":"ck5mvpj21uxz809784gbpq15d","DataRow ID":"ck5mu9ht59qxw0doq8x803wwj","Labeled Data":"https://storage.labelbox.com/ck5m7hol2ltok0843iolzs4yv%2F1fe51c49-0aac-ca63-a93d-c57564dea97e-mcg043.jpg?Expires=1580812524271&KeyName=labelbox-assets-key-1&Signature=CTxTpbJOzMc1qHy7xUyQAqVyr2A","Label":{"objects":[{"featureId":"ck5mvpdoi1a8m0yczwxuvto5y","schemaId":"ck5mufp1hic5x0835ibismw7l","title":"mcg","value":"mcg","color":"#FF0000","bbox":{"top":38,"left":30,"height":152,"width":165}}],"classifications":[]},"Created By":"jokekeh773@etopmail.com","Project Name":"mcg","Created At":"2020-01-20T20:05:09.000Z","Updated At":"2020-01-20T20:05:09.000Z","Seconds to Label":19.96,"External ID":"mcg043.jpg","Agreement":null,"Benchmark Agreement":null,"Benchmark ID":null,"Benchmark Reference ID":null,"Dataset Name":"mcg","Reviews":[],"View Label":"https://editor.labelbox.com?project=ck5mueh08twj008439xw6ojx9&label=ck5mvpj21uxz809784gbpq15d"},{"ID":"ck5mvprzuulxa0843b47nnklf","DataRow ID":"ck5mu9hta9r1g0doq9hpjg142","Labeled Data":"https://storage.labelbox.com/ck5m7hol2ltok0843iolzs4yv%2F7d5967f5-75c6-a0f2-d456-4662aa4b3c04-mcg075.jpeg?Expires=1580812524271&KeyName=labelbox-assets-key-1&Signature=y8FCc9HFb4niY1QCNF3v7QYO5Qg","Label":{"objects":[{"featureId":"ck5mvpqwu1pko0yc6tql6bs29","schemaId":"ck5mufp1hic5x0835ibismw7l","title":"mcg","value":"mcg","color":"#FF0000","bbox":{"top":44,"left":1,"height":128,"width":223}}],"classifications":[]},"Created By":"jokekeh773@etopmail.com","Project Name":"mcg","Created At":"2020-01-20T20:05:20.000Z","Updated At":"2020-01-20T20:05:20.000Z","Seconds to Label":8.748,"External ID":"mcg075.jpeg","Agreement":null,"Benchmark Agreement":null,"Benchmark ID":null,"Benchmark Reference ID":null,"Dataset Name":"mcg","Reviews":[],"View Label":"https://editor.labelbox.com?project=ck5mueh08twj008439xw6ojx9&label=ck5mvprzuulxa0843b47nnklf"},{"ID":"ck5mvq0bdf7ku077080obmmib","DataRow ID":"ck5mu9ht39quo0doqc2v0brv6","Labeled Data":"https://storage.labelbox.com/ck5m7hol2ltok0843iolzs4yv%2F05d16ba4-4ecd-d869-5541-0d79ace73432-mcg014.jpg?Expires=1580812524271&KeyName=labelbox-assets-key-1&Signature=vhSEPskj3mX-pVZycECSozQ6baA","Label":{"objects":[{"featureId":"ck5mvpzi81p9n11bwb5yz1c8h","schemaId":"ck5mufp1hic5x0835ibismw7l","title":"mcg","value":"mcg","color":"#FF0000","bbox":{"top":35,"left":7,"height":153,"width":213}}],"classifications":[]},"Created By":"jokekeh773@etopmail.com","Project Name":"mcg","Created At":"2020-01-20T20:05:31.000Z","Updated At":"2020-01-20T20:05:31.000Z","Seconds to Label":8.187,"External ID":"mcg014.jpg","Agreement":null,"Benchmark Agreement":null,"Benchmark ID":null,"Benchmark Reference ID":null,"Dataset Name":"mcg","Reviews":[],"View Label":"https://editor.labelbox.com?project=ck5mueh08twj008439xw6ojx9&label=ck5mvq0bdf7ku077080obmmib"},{"ID":"ck5mvqelduyn209781sfddxnb","DataRow ID":"ck5mu9ht69qy80doq2afm61ov","Labeled Data":"https://storage.labelbox.com/ck5m7hol2ltok0843iolzs4yv%2F9faa0727-6012-243e-b6c6-099d6ffefbe4-mcg046.jpg?Expires=1580812524271&KeyName=labelbox-assets-key-1&Signature=tvU8nWpGUJzhR31ACCcpZriMrD4","Label":{"objects":[{"featureId":"ck5mvqdue1p9s11bwxwxz2piu","schemaId":"ck5mufp1hic5x0835ibismw7l","title":"mcg","value":"mcg","color":"#FF0000","bbox":{"top":11,"left":5,"height":189,"width":216}}],"classifications":[]},"Created By":"jokekeh773@etopmail.com","Project Name":"mcg","Created At":"2020-01-20T20:05:50.000Z","Updated At":"2020-01-20T20:05:50.000Z","Seconds to Label":14.556,"External ID":"mcg046.jpg","Agreement":null,"Benchmark Agreement":null,"Benchmark ID":null,"Benchmark Reference ID":null,"Dataset Name":"mcg","Reviews":[],"View Label":"https://editor.labelbox.com?project=ck5mueh08twj008439xw6ojx9&label=ck5mvqelduyn209781sfddxnb"},{"ID":"ck5mvqoy7f7zn07701e3tty00","DataRow ID":"ck5mu9htb9r1s0doqdvspdl2m","Labeled Data":"https://storage.labelbox.com/ck5m7hol2ltok0843iolzs4yv%2Fcff54fd9-a4f7-c398-1126-8c0fd9f3c6b3-mcg078.jpeg?Expires=1580812524271&KeyName=labelbox-assets-key-1&Signature=sNfgp42mkzzOsNc6X_8iZJ4_pKI","Label":{"objects":[{"featureId":"ck5mvqo7j1a960yczt56r9fl8","schemaId":"ck5mufp1hic5x0835ibismw7l","title":"mcg","value":"mcg","color":"#FF0000","bbox":{"top":22,"left":13,"height":181,"width":211}}],"classifications":[]},"Created By":"jokekeh773@etopmail.com","Project Name":"mcg","Created At":"2020-01-20T20:06:03.000Z","Updated At":"2020-01-20T20:06:03.000Z","Seconds to Label":11.029,"External ID":"mcg078.jpeg","Agreement":null,"Benchmark Agreement":null,"Benchmark ID":null,"Benchmark Reference ID":null,"Dataset Name":"mcg","Reviews":[],"View Label":"https://editor.labelbox.com?project=ck5mueh08twj008439xw6ojx9&label=ck5mvqoy7f7zn07701e3tty00"},{"ID":"ck5mvr5vpuz1i0978lqu4y0e2","DataRow ID":"ck5mu9ht49qv00doqa9miez46","Labeled Data":"https://storage.labelbox.com/ck5m7hol2ltok0843iolzs4yv%2Fdbda14b9-0b51-8275-adbe-4df10e0602d6-mcg017.jpg?Expires=1580812524271&KeyName=labelbox-assets-key-1&Signature=lpUyEHgYjFXMyQej_J4ncfpQZz8","Label":{"objects":[{"featureId":"ck5mvr5b71pa511bwv01z0num","schemaId":"ck5mufp1hic5x0835ibismw7l","title":"mcg","value":"mcg","color":"#FF0000","bbox":{"top":24,"left":33,"height":188,"width":181}}],"classifications":[]},"Created By":"jokekeh773@etopmail.com","Project Name":"mcg","Created At":"2020-01-20T20:06:25.000Z","Updated At":"2020-01-20T20:06:25.000Z","Seconds to Label":19.319,"External ID":"mcg017.jpg","Agreement":null,"Benchmark Agreement":null,"Benchmark ID":null,"Benchmark Reference ID":null,"Dataset Name":"mcg","Reviews":[],"View Label":"https://editor.labelbox.com?project=ck5mueh08twj008439xw6ojx9&label=ck5mvr5vpuz1i0978lqu4y0e2"},{"ID":"ck5mvrd68ps6d0850vgf3yjm7","DataRow ID":"ck5mu9ht69qyk0doqfnp05gkp","Labeled Data":"https://storage.labelbox.com/ck5m7hol2ltok0843iolzs4yv%2F82741333-1673-c3c3-a2c3-73f707c3ba7e-mcg049.jpg?Expires=1580812524271&KeyName=labelbox-assets-key-1&Signature=bPas2yntJq6y6RZQmmg4QkMzha0","Label":{"objects":[{"featureId":"ck5mvrchy1a9k0yczisz9v4pt","schemaId":"ck5mufp1hic5x0835ibismw7l","title":"mcg","value":"mcg","color":"#FF0000","bbox":{"top":43,"left":3,"height":157,"width":217}}],"classifications":[]},"Created By":"jokekeh773@etopmail.com","Project Name":"mcg","Created At":"2020-01-20T20:06:34.000Z","Updated At":"2020-01-20T20:06:34.000Z","Seconds to Label":5.604,"External ID":"mcg049.jpg","Agreement":null,"Benchmark Agreement":null,"Benchmark ID":null,"Benchmark Reference ID":null,"Dataset Name":"mcg","Reviews":[],"View Label":"https://editor.labelbox.com?project=ck5mueh08twj008439xw6ojx9&label=ck5mvrd68ps6d0850vgf3yjm7"},{"ID":"ck5mvrndwp9qs0a567q7yc5wy","DataRow ID":"ck5mu9htb9r240doqfvpeeva9","Labeled Data":"https://storage.labelbox.com/ck5m7hol2ltok0843iolzs4yv%2Fc4410c8c-5a1e-ed74-32bb-8683d9a6b7e7-mcg081.jpeg?Expires=1580812524271&KeyName=labelbox-assets-key-1&Signature=x9Y3bzpaEK5plnwUBk-fgPxww0g","Label":{"objects":[{"featureId":"ck5mvrjth1a9o0yczjzbarah7","schemaId":"ck5mufp1hic5x0835ibismw7l","title":"mcg","value":"mcg","color":"#FF0000","bbox":{"top":24,"left":9,"height":195,"width":94}}],"classifications":[]},"Created By":"jokekeh773@etopmail.com","Project Name":"mcg","Created At":"2020-01-20T20:06:48.000Z","Updated At":"2020-01-20T20:06:48.000Z","Seconds to Label":7.205,"External ID":"mcg081.jpeg","Agreement":null,"Benchmark Agreement":null,"Benchmark ID":null,"Benchmark Reference ID":null,"Dataset Name":"mcg","Reviews":[],"View Label":"https://editor.labelbox.com?project=ck5mueh08twj008439xw6ojx9&label=ck5mvrndwp9qs0a567q7yc5wy"},{"ID":"ck5mvrs8ep9t20a569qlyp3wc","DataRow ID":"ck5mu9ht49qvc0doqbwnd3ivk","Labeled Data":"https://storage.labelbox.com/ck5m7hol2ltok0843iolzs4yv%2F943f116f-49ac-4a93-553a-0953df38127e-mcg020.jpg?Expires=1580812524271&KeyName=labelbox-assets-key-1&Signature=8a9ls8YGRTyX1t6uTnfiSX54Uxs","Label":{"objects":[{"featureId":"ck5mvrrfd1pam11bwm8jp0dns","schemaId":"ck5mufp1hic5x0835ibismw7l","title":"mcg","value":"mcg","color":"#FF0000","bbox":{"top":0,"left":15,"height":224,"width":209}}],"classifications":[]},"Created By":"jokekeh773@etopmail.com","Project Name":"mcg","Created At":"2020-01-20T20:06:54.000Z","Updated At":"2020-01-20T20:06:54.000Z","Seconds to Label":4.004,"External ID":"mcg020.jpg","Agreement":null,"Benchmark Agreement":null,"Benchmark ID":null,"Benchmark Reference ID":null,"Dataset Name":"mcg","Reviews":[],"View Label":"https://editor.labelbox.com?project=ck5mueh08twj008439xw6ojx9&label=ck5mvrs8ep9t20a569qlyp3wc"},{"ID":"ck5mvrzru399v0929ovlxt86k","DataRow ID":"ck5mu9ht69qyw0doqbbqd4lj3","Labeled Data":"https://storage.labelbox.com/ck5m7hol2ltok0843iolzs4yv%2F82e19f42-662a-7874-3b2f-b7db5e094836-mcg052.jpeg?Expires=1580812524271&KeyName=labelbox-assets-key-1&Signature=zOwohM9vyVDiHemQxiom3-4UwDg","Label":{"objects":[{"featureId":"ck5mvrzg31paq11bwvs1fdalm","schemaId":"ck5mufp1hic5x0835ibismw7l","title":"mcg","value":"mcg","color":"#FF0000","bbox":{"top":40,"left":0,"height":152,"width":215}}],"classifications":[]},"Created By":"jokekeh773@etopmail.com","Project Name":"mcg","Created At":"2020-01-20T20:07:04.000Z","Updated At":"2020-01-21T04:48:40.000Z","Seconds to Label":10.323,"External ID":"mcg052.jpeg","Agreement":null,"Benchmark Agreement":null,"Benchmark ID":null,"Benchmark Reference ID":null,"Dataset Name":"mcg","Reviews":[],"View Label":"https://editor.labelbox.com?project=ck5mueh08twj008439xw6ojx9&label=ck5mvrzru399v0929ovlxt86k"},{"ID":"ck5mvs79apsl70850y25jca26","DataRow ID":"ck5mu9htb9r2g0doq8zqpft8b","Labeled Data":"https://storage.labelbox.com/ck5m7hol2ltok0843iolzs4yv%2Fc386406a-383c-ee52-f483-53dfad2842a2-mcg084.jpeg?Expires=1580812524271&KeyName=labelbox-assets-key-1&Signature=PDzel8pzRt35NErZKE1fGIYj7-0","Label":{"objects":[{"featureId":"ck5mvs6vl1pm80yc6oejxp5fb","schemaId":"ck5mufp1hic5x0835ibismw7l","title":"mcg","value":"mcg","color":"#FF0000","bbox":{"top":48,"left":0,"height":156,"width":221}}],"classifications":[]},"Created By":"jokekeh773@etopmail.com","Project Name":"mcg","Created At":"2020-01-20T20:07:13.000Z","Updated At":"2020-01-20T20:07:13.000Z","Seconds to Label":7.819,"External ID":"mcg084.jpeg","Agreement":null,"Benchmark Agreement":null,"Benchmark ID":null,"Benchmark Reference ID":null,"Dataset Name":"mcg","Reviews":[],"View Label":"https://editor.labelbox.com?project=ck5mueh08twj008439xw6ojx9&label=ck5mvs79apsl70850y25jca26"},{"ID":"ck5mvsg0zundq0843z1o03q6s","DataRow ID":"ck5mu9ht49qvo0doq6na51dsa","Labeled Data":"https://storage.labelbox.com/ck5m7hol2ltok0843iolzs4yv%2Fc3db25fc-e027-7336-717d-e7e825b50591-mcg023.jpg?Expires=1580812524271&KeyName=labelbox-assets-key-1&Signature=tmVK12c9cf2sh9EXrph269BZhhg","Label":{"objects":[{"featureId":"ck5mvsf6m1a9z0yczhber7nyd","schemaId":"ck5mufp1hic5x0835ibismw7l","title":"mcg","value":"mcg","color":"#FF0000","bbox":{"top":49,"left":76,"height":108,"width":92}}],"classifications":[]},"Created By":"jokekeh773@etopmail.com","Project Name":"mcg","Created At":"2020-01-20T20:07:25.000Z","Updated At":"2020-01-20T20:07:25.000Z","Seconds to Label":8.866,"External ID":"mcg023.jpg","Agreement":null,"Benchmark Agreement":null,"Benchmark ID":null,"Benchmark Reference ID":null,"Dataset Name":"mcg","Reviews":[],"View Label":"https://editor.labelbox.com?project=ck5mueh08twj008439xw6ojx9&label=ck5mvsg0zundq0843z1o03q6s"},{"ID":"ck5mvspzn38ps0952fzi9jypw","DataRow ID":"ck5mu9ht69qz80doqfkm03ymx","Labeled Data":"https://storage.labelbox.com/ck5m7hol2ltok0843iolzs4yv%2F890355c7-e330-1cb3-4404-aedeaad4f280-mcg055.jpeg?Expires=1580812524272&KeyName=labelbox-assets-key-1&Signature=XgbRIPiTvzkRC3m99IkHWlf78vs","Label":{"objects":[{"featureId":"ck5mvsm5l1aa40ycze6yvoe4w","schemaId":"ck5mufp1hic5x0835ibismw7l","title":"mcg","value":"mcg","color":"#FF0000","bbox":{"top":42,"left":6,"height":153,"width":218}}],"classifications":[]},"Created By":"jokekeh773@etopmail.com","Project Name":"mcg","Created At":"2020-01-20T20:07:38.000Z","Updated At":"2020-01-20T20:07:38.000Z","Seconds to Label":6.326,"External ID":"mcg055.jpeg","Agreement":null,"Benchmark Agreement":null,"Benchmark ID":null,"Benchmark Reference ID":null,"Dataset Name":"mcg","Reviews":[],"View Label":"https://editor.labelbox.com?project=ck5mueh08twj008439xw6ojx9&label=ck5mvspzn38ps0952fzi9jypw"},{"ID":"ck5n8dbd07c5r0929emu8fqr4","DataRow ID":"ck5mu9htb9r2s0doqgx93b3ym","Labeled Data":"https://storage.labelbox.com/ck5m7hol2ltok0843iolzs4yv%2Fc913e750-e06b-fcdc-be4e-10a10aaddd13-mcg087.jpeg?Expires=1580812524272&KeyName=labelbox-assets-key-1&Signature=5nt09qe2yKEjBWStDBNRV4nP97A","Label":{"objects":[{"featureId":"ck5n8d9jt02gd0x8zfg1zcw9i","schemaId":"ck5mufp1hic5x0835ibismw7l","title":"mcg","value":"mcg","color":"#FF0000","bbox":{"top":13,"left":0,"height":187,"width":222}}],"classifications":[]},"Created By":"jokekeh773@etopmail.com","Project Name":"mcg","Created At":"2020-01-21T01:59:34.000Z","Updated At":"2020-01-21T04:48:23.000Z","Seconds to Label":5.884,"External ID":"mcg087.jpeg","Agreement":null,"Benchmark Agreement":null,"Benchmark ID":null,"Benchmark Reference ID":null,"Dataset Name":"mcg","Reviews":[],"View Label":"https://editor.labelbox.com?project=ck5mueh08twj008439xw6ojx9&label=ck5n8dbd07c5r0929emu8fqr4"},{"ID":"ck5n8dg46tepi0a56ees9wfgt","DataRow ID":"ck5mu9ht49qw00doq4br3dgan","Labeled Data":"https://storage.labelbox.com/ck5m7hol2ltok0843iolzs4yv%2Fcb39a594-d3a9-30da-755b-302db05d2858-mcg026.jpg?Expires=1580812524272&KeyName=labelbox-assets-key-1&Signature=g7YeGaitaPeotmAwlNn7YJr5hws","Label":{"objects":[{"featureId":"ck5n8dfs502f00x8rlpb9w4g5","schemaId":"ck5mufp1hic5x0835ibismw7l","title":"mcg","value":"mcg","color":"#FF0000","bbox":{"top":34,"left":17,"height":176,"width":182}}],"classifications":[]},"Created By":"jokekeh773@etopmail.com","Project Name":"mcg","Created At":"2020-01-21T01:59:40.000Z","Updated At":"2020-01-21T01:59:40.000Z","Seconds to Label":3.802,"External ID":"mcg026.jpg","Agreement":null,"Benchmark Agreement":null,"Benchmark ID":null,"Benchmark Reference ID":null,"Dataset Name":"mcg","Reviews":[],"View Label":"https://editor.labelbox.com?project=ck5mueh08twj008439xw6ojx9&label=ck5n8dg46tepi0a56ees9wfgt"},{"ID":"ck5n8dl9ijbad0770zje4hpt0","DataRow ID":"ck5mu9ht69qzk0doq1txfffn2","Labeled Data":"https://storage.labelbox.com/ck5m7hol2ltok0843iolzs4yv%2Fb5a72954-7899-0608-2938-2f15bf9aca4b-mcg058.jpeg?Expires=1580812524272&KeyName=labelbox-assets-key-1&Signature=Ya-V3hpvNsuZTAKg_L5Bw9dEamo","Label":{"objects":[{"featureId":"ck5n8djzd02j00x752gdcu5r7","schemaId":"ck5mufp1hic5x0835ibismw7l","title":"mcg","value":"mcg","color":"#FF0000","bbox":{"top":23,"left":0,"height":176,"width":211}}],"classifications":[]},"Created By":"jokekeh773@etopmail.com","Project Name":"mcg","Created At":"2020-01-21T01:59:47.000Z","Updated At":"2020-01-21T04:48:11.000Z","Seconds to Label":6.117,"External ID":"mcg058.jpeg","Agreement":null,"Benchmark Agreement":null,"Benchmark ID":null,"Benchmark Reference ID":null,"Dataset Name":"mcg","Reviews":[],"View Label":"https://editor.labelbox.com?project=ck5mueh08twj008439xw6ojx9&label=ck5n8dl9ijbad0770zje4hpt0"},{"ID":"ck5n8doxuters0a56dcvzv6o5","DataRow ID":"ck5mu9htb9r340doq4hwqghf4","Labeled Data":"https://storage.labelbox.com/ck5m7hol2ltok0843iolzs4yv%2Fe732c27b-1b5a-e641-e9a6-7b3ea876004b-mcg090.jpeg?Expires=1580812524272&KeyName=labelbox-assets-key-1&Signature=B3K0T1cQj3pG3VM2609OsNMGRCA","Label":{"objects":[{"featureId":"ck5n8dogj02j40x752xbomyqi","schemaId":"ck5mufp1hic5x0835ibismw7l","title":"mcg","value":"mcg","color":"#FF0000","bbox":{"top":37,"left":0,"height":154,"width":215}}],"classifications":[]},"Created By":"jokekeh773@etopmail.com","Project Name":"mcg","Created At":"2020-01-21T01:59:51.000Z","Updated At":"2020-01-21T04:48:03.000Z","Seconds to Label":3.89,"External ID":"mcg090.jpeg","Agreement":null,"Benchmark Agreement":null,"Benchmark ID":null,"Benchmark Reference ID":null,"Dataset Name":"mcg","Reviews":[],"View Label":"https://editor.labelbox.com?project=ck5mueh08twj008439xw6ojx9&label=ck5n8doxuters0a56dcvzv6o5"},{"ID":"ck5n8dt2779zw0952p8s7e3qn","DataRow ID":"ck5mu9ht49qwc0doqhwiu7zyv","Labeled Data":"https://storage.labelbox.com/ck5m7hol2ltok0843iolzs4yv%2F7a5dda92-c4d2-7e4b-a7dc-86db7d2bee8f-mcg029.jpg?Expires=1580812524272&KeyName=labelbox-assets-key-1&Signature=cw9XqVLBaR_GJmII6WLcqH5aLrU","Label":{"objects":[{"featureId":"ck5n8ds8702j50x756y2zm0s8","schemaId":"ck5mufp1hic5x0835ibismw7l","title":"mcg","value":"mcg","color":"#FF0000","bbox":{"top":61,"left":9,"height":100,"width":212}}],"classifications":[]},"Created By":"jokekeh773@etopmail.com","Project Name":"mcg","Created At":"2020-01-21T01:59:57.000Z","Updated At":"2020-01-21T04:47:00.000Z","Seconds to Label":4.9990000000000006,"External ID":"mcg029.jpg","Agreement":null,"Benchmark Agreement":null,"Benchmark ID":null,"Benchmark Reference ID":null,"Dataset Name":"mcg","Reviews":[],"View Label":"https://editor.labelbox.com?project=ck5mueh08twj008439xw6ojx9&label=ck5n8dt2779zw0952p8s7e3qn"},{"ID":"ck5n8dx5dn4e70835k191fxjy","DataRow ID":"ck5mu9ht69qzw0doq5wtafkm2","Labeled Data":"https://storage.labelbox.com/ck5m7hol2ltok0843iolzs4yv%2Faabcacfd-0943-1fc8-9ca4-f935043efd30-mcg061.jpeg?Expires=1580812524272&KeyName=labelbox-assets-key-1&Signature=lJ2WRvrM73Gt4RtVp4n_R7JY1UI","Label":{"objects":[{"featureId":"ck5n8dwl002gn0x8zs7hr1ymq","schemaId":"ck5mufp1hic5x0835ibismw7l","title":"mcg","value":"mcg","color":"#FF0000","bbox":{"top":20,"left":3,"height":187,"width":211}}],"classifications":[]},"Created By":"jokekeh773@etopmail.com","Project Name":"mcg","Created At":"2020-01-21T02:00:02.000Z","Updated At":"2020-01-21T04:46:51.000Z","Seconds to Label":5.085,"External ID":"mcg061.jpeg","Agreement":null,"Benchmark Agreement":null,"Benchmark ID":null,"Benchmark Reference ID":null,"Dataset Name":"mcg","Reviews":[],"View Label":"https://editor.labelbox.com?project=ck5mueh08twj008439xw6ojx9&label=ck5n8dx5dn4e70835k191fxjy"},{"ID":"ck5n8e17fn4fr0835v890472b","DataRow ID":"ck5mu9htc9r3g0doq2zza3zek","Labeled Data":"https://storage.labelbox.com/ck5m7hol2ltok0843iolzs4yv%2F8790bb07-c687-f04f-f4fc-fe4393c86e73-mcg093.jpeg?Expires=1580812524272&KeyName=labelbox-assets-key-1&Signature=lQw9T5hhS4qs5Bn5HqdxbNvY39k","Label":{"objects":[{"featureId":"ck5n8e0st02gr0x8z4ndsoy3n","schemaId":"ck5mufp1hic5x0835ibismw7l","title":"mcg","value":"mcg","color":"#FF0000","bbox":{"top":88,"left":42,"height":101,"width":128}}],"classifications":[]},"Created By":"jokekeh773@etopmail.com","Project Name":"mcg","Created At":"2020-01-21T02:00:07.000Z","Updated At":"2020-01-21T04:46:43.000Z","Seconds to Label":6.015000000000001,"External ID":"mcg093.jpeg","Agreement":null,"Benchmark Agreement":null,"Benchmark ID":null,"Benchmark Reference ID":null,"Dataset Name":"mcg","Reviews":[],"View Label":"https://editor.labelbox.com?project=ck5mueh08twj008439xw6ojx9&label=ck5n8e17fn4fr0835v890472b"},{"ID":"ck5n8e6cu7ccl0929ts08usg5","DataRow ID":"ck5mu9ht59qwo0doqeywl68a7","Labeled Data":"https://storage.labelbox.com/ck5m7hol2ltok0843iolzs4yv%2Ff616f662-8357-ed72-fc75-129aa05b29fe-mcg032.jpg?Expires=1580812524272&KeyName=labelbox-assets-key-1&Signature=3wWM-qzXx4rq4gXGWH4I14ynG-g","Label":{"objects":[{"featureId":"ck5n8e5ko02jh0x75cqgftiqp","schemaId":"ck5mufp1hic5x0835ibismw7l","title":"mcg","value":"mcg","color":"#FF0000","bbox":{"top":8,"left":5,"height":193,"width":214}}],"classifications":[]},"Created By":"jokekeh773@etopmail.com","Project Name":"mcg","Created At":"2020-01-21T02:00:14.000Z","Updated At":"2020-01-21T04:46:31.000Z","Seconds to Label":4.359,"External ID":"mcg032.jpg","Agreement":null,"Benchmark Agreement":null,"Benchmark ID":null,"Benchmark Reference ID":null,"Dataset Name":"mcg","Reviews":[],"View Label":"https://editor.labelbox.com?project=ck5mueh08twj008439xw6ojx9&label=ck5n8e6cu7ccl0929ts08usg5"},{"ID":"ck5n8eag6jbhd0770ijdupzsc","DataRow ID":"ck5mu9ht79r080doqbvx6ak9n","Labeled Data":"https://storage.labelbox.com/ck5m7hol2ltok0843iolzs4yv%2F734fcf2b-b17b-219f-60fe-b0be11f3eea7-mcg064.jpeg?Expires=1580812524272&KeyName=labelbox-assets-key-1&Signature=6YiPE8OejTr7nchn841nzmeQdvA","Label":{"objects":[{"featureId":"ck5n8ea6a02h00x8z8w53z1ed","schemaId":"ck5mufp1hic5x0835ibismw7l","title":"mcg","value":"mcg","color":"#FF0000","bbox":{"top":44,"left":0,"height":156,"width":224}}],"classifications":[]},"Created By":"jokekeh773@etopmail.com","Project Name":"mcg","Created At":"2020-01-21T02:00:19.000Z","Updated At":"2020-01-21T02:00:19.000Z","Seconds to Label":3.781,"External ID":"mcg064.jpeg","Agreement":null,"Benchmark Agreement":null,"Benchmark ID":null,"Benchmark Reference ID":null,"Dataset Name":"mcg","Reviews":[],"View Label":"https://editor.labelbox.com?project=ck5mueh08twj008439xw6ojx9&label=ck5n8eag6jbhd0770ijdupzsc"},{"ID":"ck5n8eejiz3p60978i3fwgl7r","DataRow ID":"ck5mu9htc9r3s0doqa1zlb0y3","Labeled Data":"https://storage.labelbox.com/ck5m7hol2ltok0843iolzs4yv%2F09310147-1e01-c806-386c-df60e6a08673-mcg096.jpeg?Expires=1580812524272&KeyName=labelbox-assets-key-1&Signature=5pDm0M6-cKsTh1MVDUC6jRpYOqI","Label":{"objects":[{"featureId":"ck5n8ee7o02fm0x8rco2gqi74","schemaId":"ck5mufp1hic5x0835ibismw7l","title":"mcg","value":"mcg","color":"#FF0000","bbox":{"top":29,"left":54,"height":186,"width":133}}],"classifications":[]},"Created By":"jokekeh773@etopmail.com","Project Name":"mcg","Created At":"2020-01-21T02:00:25.000Z","Updated At":"2020-01-21T04:46:20.000Z","Seconds to Label":6.917,"External ID":"mcg096.jpeg","Agreement":null,"Benchmark Agreement":null,"Benchmark ID":null,"Benchmark Reference ID":null,"Dataset Name":"mcg","Reviews":[],"View Label":"https://editor.labelbox.com?project=ck5mueh08twj008439xw6ojx9&label=ck5n8eejiz3p60978i3fwgl7r"},{"ID":"ck5n8ej81n4kb0835nulg3ijk","DataRow ID":"ck5mu9ht59qx00doq8o0i3qlh","Labeled Data":"https://storage.labelbox.com/ck5m7hol2ltok0843iolzs4yv%2Fc1eb1c1e-21d8-7fcd-5995-ad4fb7184df6-mcg035.jpg?Expires=1580812524272&KeyName=labelbox-assets-key-1&Signature=_RWD3zkPjvou8rSzTa1eorO2TMs","Label":{"objects":[{"featureId":"ck5n8ei7w02jo0x75tb7lfb64","schemaId":"ck5mufp1hic5x0835ibismw7l","title":"mcg","value":"mcg","color":"#FF0000","bbox":{"top":22,"left":4,"height":191,"width":212}}],"classifications":[]},"Created By":"jokekeh773@etopmail.com","Project Name":"mcg","Created At":"2020-01-21T02:00:31.000Z","Updated At":"2020-01-21T02:00:31.000Z","Seconds to Label":3.66,"External ID":"mcg035.jpg","Agreement":null,"Benchmark Agreement":null,"Benchmark ID":null,"Benchmark Reference ID":null,"Dataset Name":"mcg","Reviews":[],"View Label":"https://editor.labelbox.com?project=ck5mueh08twj008439xw6ojx9&label=ck5n8ej81n4kb0835nulg3ijk"},{"ID":"ck5n8enr6n4lx0835jtk1pdnq","DataRow ID":"ck5mu9ht79r0k0doqbwo28048","Labeled Data":"https://storage.labelbox.com/ck5m7hol2ltok0843iolzs4yv%2Fa5b0fdb7-674a-fe99-2bfc-a0fe169352c3-mcg067.jpeg?Expires=1580812524272&KeyName=labelbox-assets-key-1&Signature=nf6Ul3w8i3_tGXDTyPT2jCZdsDM","Label":{"objects":[{"featureId":"ck5n8enby02h80x8zixwi3cal","schemaId":"ck5mufp1hic5x0835ibismw7l","title":"mcg","value":"mcg","color":"#FF0000","bbox":{"top":42,"left":1,"height":154,"width":217}}],"classifications":[]},"Created By":"jokekeh773@etopmail.com","Project Name":"mcg","Created At":"2020-01-21T02:00:37.000Z","Updated At":"2020-01-21T02:00:37.000Z","Seconds to Label":4.351,"External ID":"mcg067.jpeg","Agreement":null,"Benchmark Agreement":null,"Benchmark ID":null,"Benchmark Reference ID":null,"Dataset Name":"mcg","Reviews":[],"View Label":"https://editor.labelbox.com?project=ck5mueh08twj008439xw6ojx9&label=ck5n8enr6n4lx0835jtk1pdnq"},{"ID":"ck5n8erk117jj09896yyjroxy","DataRow ID":"ck5mu9htc9r440doq4yck7cex","Labeled Data":"https://storage.labelbox.com/ck5m7hol2ltok0843iolzs4yv%2F8576974b-f659-18bf-2c4e-5791e29bf606-mcg099.jpeg?Expires=1580812524272&KeyName=labelbox-assets-key-1&Signature=FLLNeDf3pUwW6_l_MIq9SxMAaSM","Label":{"objects":[{"featureId":"ck5n8eqsq02h90x8zt5kiipt9","schemaId":"ck5mufp1hic5x0835ibismw7l","title":"mcg","value":"mcg","color":"#FF0000","bbox":{"top":42,"left":13,"height":133,"width":197}}],"classifications":[]},"Created By":"jokekeh773@etopmail.com","Project Name":"mcg","Created At":"2020-01-21T02:00:41.000Z","Updated At":"2020-01-21T02:00:42.000Z","Seconds to Label":2.901,"External ID":"mcg099.jpeg","Agreement":null,"Benchmark Agreement":null,"Benchmark ID":null,"Benchmark Reference ID":null,"Dataset Name":"mcg","Reviews":[],"View Label":"https://editor.labelbox.com?project=ck5mueh08twj008439xw6ojx9&label=ck5n8erk117jj09896yyjroxy"},{"ID":"ck5n8f5g4yppe0843qnbwlpmd","DataRow ID":"ck5mu9ht39qts0doqhlyafhku","Labeled Data":"https://storage.labelbox.com/ck5m7hol2ltok0843iolzs4yv%2F4fad8b0e-a17b-679e-e6ff-ec9fb5c05861-mcg006.jpg?Expires=1580812524272&KeyName=labelbox-assets-key-1&Signature=5PelYPERdbcbv8n04cckhvFgxg8","Label":{"objects":[{"featureId":"ck5n8f47r02hg0x8z6ito4vj6","schemaId":"ck5mufp1hic5x0835ibismw7l","title":"mcg","value":"mcg","color":"#FF0000","bbox":{"top":29,"left":6,"height":146,"width":215}}],"classifications":[]},"Created By":"jokekeh773@etopmail.com","Project Name":"mcg","Created At":"2020-01-21T02:00:59.000Z","Updated At":"2020-01-21T02:01:00.000Z","Seconds to Label":15.539,"External ID":"mcg006.jpg","Agreement":null,"Benchmark Agreement":null,"Benchmark ID":null,"Benchmark Reference ID":null,"Dataset Name":"mcg","Reviews":[],"View Label":"https://editor.labelbox.com?project=ck5mueh08twj008439xw6ojx9&label=ck5n8f5g4yppe0843qnbwlpmd"},{"ID":"ck5n8facdn4q10835kntz3ln9","DataRow ID":"ck5mu9ht59qxc0doq108l36do","Labeled Data":"https://storage.labelbox.com/ck5m7hol2ltok0843iolzs4yv%2Fcc4c0baa-5adc-7638-ffb3-1439af50158b-mcg038.jpg?Expires=1580812524272&KeyName=labelbox-assets-key-1&Signature=0HwGYzOUTo5fH3eUroQ_uQDuxWs","Label":{"objects":[{"featureId":"ck5n8f9ob02gd0x8r1ilkzgsb","schemaId":"ck5mufp1hic5x0835ibismw7l","title":"mcg","value":"mcg","color":"#FF0000","bbox":{"top":0,"left":0,"height":149,"width":130}}],"classifications":[]},"Created By":"jokekeh773@etopmail.com","Project Name":"mcg","Created At":"2020-01-21T02:01:06.000Z","Updated At":"2020-01-21T02:01:06.000Z","Seconds to Label":8.108,"External ID":"mcg038.jpg","Agreement":null,"Benchmark Agreement":null,"Benchmark ID":null,"Benchmark Reference ID":null,"Dataset Name":"mcg","Reviews":[],"View Label":"https://editor.labelbox.com?project=ck5mueh08twj008439xw6ojx9&label=ck5n8facdn4q10835kntz3ln9"},{"ID":"ck5n8fdi67aba0952v86lig8a","DataRow ID":"ck5mu9ht79r0w0doq2vnl0c9w","Labeled Data":"https://storage.labelbox.com/ck5m7hol2ltok0843iolzs4yv%2F901abb8e-cade-e076-b23a-1593650f46d2-mcg070.jpeg?Expires=1580812524273&KeyName=labelbox-assets-key-1&Signature=KNwo2tUU8mjcnMXcsPtaSseKaF0","Label":{"objects":[{"featureId":"ck5n8fcwq02hm0x8zul0bfn39","schemaId":"ck5mufp1hic5x0835ibismw7l","title":"mcg","value":"mcg","color":"#FF0000","bbox":{"top":51,"left":30,"height":114,"width":152}}],"classifications":[]},"Created By":"jokekeh773@etopmail.com","Project Name":"mcg","Created At":"2020-01-21T02:01:10.000Z","Updated At":"2020-01-21T04:45:55.000Z","Seconds to Label":4.948,"External ID":"mcg070.jpeg","Agreement":null,"Benchmark Agreement":null,"Benchmark ID":null,"Benchmark Reference ID":null,"Dataset Name":"mcg","Reviews":[],"View Label":"https://editor.labelbox.com?project=ck5mueh08twj008439xw6ojx9&label=ck5n8fdi67aba0952v86lig8a"},{"ID":"ck5n8fgh2tf4e0a56lrcb7afl","DataRow ID":"ck5mu9htc9r4g0doqbg0l6jo1","Labeled Data":"https://storage.labelbox.com/ck5m7hol2ltok0843iolzs4yv%2F401e34eb-40c8-27fd-0520-652c9419f41a-mcg002.jpg?Expires=1580812524273&KeyName=labelbox-assets-key-1&Signature=UQdsUPa76H4Eq9ZSoSDnXSQA9d8","Label":{"objects":[{"featureId":"ck5n8fg8902hp0x8zeaczegik","schemaId":"ck5mufp1hic5x0835ibismw7l","title":"mcg","value":"mcg","color":"#FF0000","bbox":{"top":54,"left":90,"height":116,"width":71}}],"classifications":[]},"Created By":"jokekeh773@etopmail.com","Project Name":"mcg","Created At":"2020-01-21T02:01:14.000Z","Updated At":"2020-01-21T04:45:44.000Z","Seconds to Label":3.032,"External ID":"mcg002.jpg","Agreement":null,"Benchmark Agreement":null,"Benchmark ID":null,"Benchmark Reference ID":null,"Dataset Name":"mcg","Reviews":[],"View Label":"https://editor.labelbox.com?project=ck5mueh08twj008439xw6ojx9&label=ck5n8fgh2tf4e0a56lrcb7afl"},{"ID":"ck5n8fk4in4u90835hj3u03i5","DataRow ID":"ck5mu9ht39qu40doqaoxk3628","Labeled Data":"https://storage.labelbox.com/ck5m7hol2ltok0843iolzs4yv%2F71b6a6b1-140c-9901-726c-eb79c9839ee4-mcg009.jpg?Expires=1580812524273&KeyName=labelbox-assets-key-1&Signature=Y0Hpj8ZVL7G9s5V56syfqc7BGq0","Label":{"objects":[{"featureId":"ck5n8fjed02gj0x8rg76791yq","schemaId":"ck5mufp1hic5x0835ibismw7l","title":"mcg","value":"mcg","color":"#FF0000","bbox":{"top":71,"left":24,"height":83,"width":178}}],"classifications":[]},"Created By":"jokekeh773@etopmail.com","Project Name":"mcg","Created At":"2020-01-21T02:01:18.000Z","Updated At":"2020-01-21T02:01:19.000Z","Seconds to Label":2.551,"External ID":"mcg009.jpg","Agreement":null,"Benchmark Agreement":null,"Benchmark ID":null,"Benchmark Reference ID":null,"Dataset Name":"mcg","Reviews":[],"View Label":"https://editor.labelbox.com?project=ck5mueh08twj008439xw6ojx9&label=ck5n8fk4in4u90835hj3u03i5"},{"ID":"ck5n8fo79n4v40835h2kilylg","DataRow ID":"ck5mu9ht59qxo0doq02fedgmj","Labeled Data":"https://storage.labelbox.com/ck5m7hol2ltok0843iolzs4yv%2F52588fb8-8592-cb1f-db8a-346308aeb834-mcg041.jpg?Expires=1580812524273&KeyName=labelbox-assets-key-1&Signature=78Acm4a_54Yk4TFqqZcLvkH7pCs","Label":{"objects":[{"featureId":"ck5n8fnkr02kf0x75vg8tw6ko","schemaId":"ck5mufp1hic5x0835ibismw7l","title":"mcg","value":"mcg","color":"#FF0000","bbox":{"top":64,"left":27,"height":120,"width":183}}],"classifications":[]},"Created By":"jokekeh773@etopmail.com","Project Name":"mcg","Created At":"2020-01-21T02:01:24.000Z","Updated At":"2020-01-21T04:45:33.000Z","Seconds to Label":5.641,"External ID":"mcg041.jpg","Agreement":null,"Benchmark Agreement":null,"Benchmark ID":null,"Benchmark Reference ID":null,"Dataset Name":"mcg","Reviews":[],"View Label":"https://editor.labelbox.com?project=ck5mueh08twj008439xw6ojx9&label=ck5n8fo79n4v40835h2kilylg"},{"ID":"ck5n8ft6vz40s09782lptyyb2","DataRow ID":"ck5mu9hta9r180doqe4xv17ti","Labeled Data":"https://storage.labelbox.com/ck5m7hol2ltok0843iolzs4yv%2F7fd5aef5-e8a5-5979-24c4-ab57aada0918-mcg073.jpeg?Expires=1580812524273&KeyName=labelbox-assets-key-1&Signature=J1U60MTr-cP2UuDxW_a8nj2IWXw","Label":{"objects":[{"featureId":"ck5n8fs7602i40x8z0l0phe0n","schemaId":"ck5mufp1hic5x0835ibismw7l","title":"mcg","value":"mcg","color":"#FF0000","bbox":{"top":6,"left":0,"height":217,"width":221}}],"classifications":[]},"Created By":"jokekeh773@etopmail.com","Project Name":"mcg","Created At":"2020-01-21T02:01:30.000Z","Updated At":"2020-01-21T02:01:30.000Z","Seconds to Label":4.181,"External ID":"mcg073.jpeg","Agreement":null,"Benchmark Agreement":null,"Benchmark ID":null,"Benchmark Reference ID":null,"Dataset Name":"mcg","Reviews":[],"View Label":"https://editor.labelbox.com?project=ck5mueh08twj008439xw6ojx9&label=ck5n8ft6vz40s09782lptyyb2"},{"ID":"ck5n8fxqmz42g0978192s4rkv","DataRow ID":"ck5mu9ht39qug0doqdj7igybi","Labeled Data":"https://storage.labelbox.com/ck5m7hol2ltok0843iolzs4yv%2F96d72592-a40c-75c0-4c6b-79b519937b75-mcg012.jpg?Expires=1580812524273&KeyName=labelbox-assets-key-1&Signature=SDKBTLlS_Vn6syCX2YkfzuzOArk","Label":{"objects":[{"featureId":"ck5n8fxib02gu0x8rdrxn6r7h","schemaId":"ck5mufp1hic5x0835ibismw7l","title":"mcg","value":"mcg","color":"#FF0000","bbox":{"top":6,"left":6,"height":215,"width":213}}],"classifications":[]},"Created By":"jokekeh773@etopmail.com","Project Name":"mcg","Created At":"2020-01-21T02:01:36.000Z","Updated At":"2020-01-21T02:01:36.000Z","Seconds to Label":4.77,"External ID":"mcg012.jpg","Agreement":null,"Benchmark Agreement":null,"Benchmark ID":null,"Benchmark Reference ID":null,"Dataset Name":"mcg","Reviews":[],"View Label":"https://editor.labelbox.com?project=ck5mueh08twj008439xw6ojx9&label=ck5n8fxqmz42g0978192s4rkv"},{"ID":"ck5n8g23617vm0989i265ped2","DataRow ID":"ck5mu9ht59qy00doqfk0rdldy","Labeled Data":"https://storage.labelbox.com/ck5m7hol2ltok0843iolzs4yv%2F80d84c1e-6451-317a-a157-9379072b3b35-mcg044.jpg?Expires=1580812524273&KeyName=labelbox-assets-key-1&Signature=li29RwGfnM4LaXN-HTap1eLTKfE","Label":{"objects":[{"featureId":"ck5n8g1r202gy0x8rzwriz9ww","schemaId":"ck5mufp1hic5x0835ibismw7l","title":"mcg","value":"mcg","color":"#FF0000","bbox":{"top":6,"left":8,"height":218,"width":214}}],"classifications":[]},"Created By":"jokekeh773@etopmail.com","Project Name":"mcg","Created At":"2020-01-21T02:01:42.000Z","Updated At":"2020-01-21T02:01:42.000Z","Seconds to Label":3.77,"External ID":"mcg044.jpg","Agreement":null,"Benchmark Agreement":null,"Benchmark ID":null,"Benchmark Reference ID":null,"Dataset Name":"mcg","Reviews":[],"View Label":"https://editor.labelbox.com?project=ck5mueh08twj008439xw6ojx9&label=ck5n8g23617vm0989i265ped2"},{"ID":"ck5n8g8v4jbx30770m7gm6q72","DataRow ID":"ck5mu9hta9r1k0doqf9fl98lh","Labeled Data":"https://storage.labelbox.com/ck5m7hol2ltok0843iolzs4yv%2Ff179de35-1c07-a93f-5daf-8a4916214dba-mcg076.jpeg?Expires=1580812524273&KeyName=labelbox-assets-key-1&Signature=RFDXTQpnl-HyWWIv77NaK7tpMVY","Label":{"objects":[{"featureId":"ck5n8g7zw02ig0x8zo4gmd1pj","schemaId":"ck5mufp1hic5x0835ibismw7l","title":"mcg","value":"mcg","color":"#FF0000","bbox":{"top":9,"left":5,"height":208,"width":219}}],"classifications":[]},"Created By":"jokekeh773@etopmail.com","Project Name":"mcg","Created At":"2020-01-21T02:01:51.000Z","Updated At":"2020-01-21T02:01:51.000Z","Seconds to Label":4.652,"External ID":"mcg076.jpeg","Agreement":null,"Benchmark Agreement":null,"Benchmark ID":null,"Benchmark Reference ID":null,"Dataset Name":"mcg","Reviews":[],"View Label":"https://editor.labelbox.com?project=ck5mueh08twj008439xw6ojx9&label=ck5n8g8v4jbx30770m7gm6q72"},{"ID":"ck5n8gcx6n51z0835lpw45sp3","DataRow ID":"ck5mu9ht39qus0doqdq6877pg","Labeled Data":"https://storage.labelbox.com/ck5m7hol2ltok0843iolzs4yv%2F7aeb43c3-c964-9a25-4b44-82a05503bb0d-mcg015.jpg?Expires=1580812524273&KeyName=labelbox-assets-key-1&Signature=WqQBnwFaUGj5tgLXsszYnsJELPQ","Label":{"objects":[{"featureId":"ck5n8gcox02ii0x8zfwspogvi","schemaId":"ck5mufp1hic5x0835ibismw7l","title":"mcg","value":"mcg","color":"#FF0000","bbox":{"top":53,"left":13,"height":122,"width":199}}],"classifications":[]},"Created By":"jokekeh773@etopmail.com","Project Name":"mcg","Created At":"2020-01-21T02:01:56.000Z","Updated At":"2020-01-21T02:01:56.000Z","Seconds to Label":3.731,"External ID":"mcg015.jpg","Agreement":null,"Benchmark Agreement":null,"Benchmark ID":null,"Benchmark Reference ID":null,"Dataset Name":"mcg","Reviews":[],"View Label":"https://editor.labelbox.com?project=ck5mueh08twj008439xw6ojx9&label=ck5n8gcx6n51z0835lpw45sp3"},{"ID":"ck5n8gt4p7aod0952iam7amz7","DataRow ID":"ck5mu9ht69qyc0doq2iaadrjv","Labeled Data":"https://storage.labelbox.com/ck5m7hol2ltok0843iolzs4yv%2Fe07cdf87-b240-39c7-fb12-01e3743c7e19-mcg047.jpeg?Expires=1580812524273&KeyName=labelbox-assets-key-1&Signature=iZDE0vwKxXHnCTLxzLjewx_J8A8","Label":{"objects":[{"featureId":"ck5n8gs2s02lb0x75xpsh27of","schemaId":"ck5mufp1hic5x0835ibismw7l","title":"mcg","value":"mcg","color":"#FF0000","bbox":{"top":0,"left":15,"height":224,"width":209}}],"classifications":[]},"Created By":"jokekeh773@etopmail.com","Project Name":"mcg","Created At":"2020-01-21T02:02:17.000Z","Updated At":"2020-01-21T02:02:17.000Z","Seconds to Label":18.594,"External ID":"mcg047.jpeg","Agreement":null,"Benchmark Agreement":null,"Benchmark ID":null,"Benchmark Reference ID":null,"Dataset Name":"mcg","Reviews":[],"View Label":"https://editor.labelbox.com?project=ck5mueh08twj008439xw6ojx9&label=ck5n8gt4p7aod0952iam7amz7"},{"ID":"ck5n8gxpfjc2o07700lnsdm6o","DataRow ID":"ck5mu9htb9r1w0doqgjas4obc","Labeled Data":"https://storage.labelbox.com/ck5m7hol2ltok0843iolzs4yv%2F4a269c31-e6fe-9713-dbfd-a6b85284c05c-mcg079.jpeg?Expires=1580812524273&KeyName=labelbox-assets-key-1&Signature=ey1V7ovO-dcwkEwldQHLUOrtciU","Label":{"objects":[{"featureId":"ck5n8gxft02iu0x8zotgqwfd2","schemaId":"ck5mufp1hic5x0835ibismw7l","title":"mcg","value":"mcg","color":"#FF0000","bbox":{"top":21,"left":0,"height":191,"width":220}}],"classifications":[]},"Created By":"jokekeh773@etopmail.com","Project Name":"mcg","Created At":"2020-01-21T02:02:23.000Z","Updated At":"2020-01-21T02:02:23.000Z","Seconds to Label":4.149,"External ID":"mcg079.jpeg","Agreement":null,"Benchmark Agreement":null,"Benchmark ID":null,"Benchmark Reference ID":null,"Dataset Name":"mcg","Reviews":[],"View Label":"https://editor.labelbox.com?project=ck5mueh08twj008439xw6ojx9&label=ck5n8gxpfjc2o07700lnsdm6o"},{"ID":"ck5n8h1pa7cwo0929ijx6vbis","DataRow ID":"ck5mu9ht49qv40doqcjmxctz1","Labeled Data":"https://storage.labelbox.com/ck5m7hol2ltok0843iolzs4yv%2Fb54bbc89-433c-8158-4d58-eedd3ac98b65-mcg018.jpg?Expires=1580812524273&KeyName=labelbox-assets-key-1&Signature=GsmAvdwNiWGrRuyM7-gCV1Iam5Q","Label":{"objects":[{"featureId":"ck5n8h16a02hj0x8r4wu9pezj","schemaId":"ck5mufp1hic5x0835ibismw7l","title":"mcg","value":"mcg","color":"#FF0000","bbox":{"top":8,"left":6,"height":216,"width":214}}],"classifications":[]},"Created By":"jokekeh773@etopmail.com","Project Name":"mcg","Created At":"2020-01-21T02:02:28.000Z","Updated At":"2020-01-21T02:02:28.000Z","Seconds to Label":3.781,"External ID":"mcg018.jpg","Agreement":null,"Benchmark Agreement":null,"Benchmark ID":null,"Benchmark Reference ID":null,"Dataset Name":"mcg","Reviews":[],"View Label":"https://editor.labelbox.com?project=ck5mueh08twj008439xw6ojx9&label=ck5n8h1pa7cwo0929ijx6vbis"},{"ID":"ck5n8h6cv7ar2095260nmrll2","DataRow ID":"ck5mu9ht69qyo0doq0nbl3uev","Labeled Data":"https://storage.labelbox.com/ck5m7hol2ltok0843iolzs4yv%2F8c7fd992-5bda-0763-6fa6-18d8effe0fe4-mcg050.jpg?Expires=1580812524273&KeyName=labelbox-assets-key-1&Signature=SaCGoCaM7cSY67XSI5UWlrqA_TQ","Label":{"objects":[{"featureId":"ck5n8h5ag02ln0x75b4ih3nfu","schemaId":"ck5mufp1hic5x0835ibismw7l","title":"mcg","value":"mcg","color":"#FF0000","bbox":{"top":51,"left":0,"height":166,"width":224}}],"classifications":[]},"Created By":"jokekeh773@etopmail.com","Project Name":"mcg","Created At":"2020-01-21T02:02:34.000Z","Updated At":"2020-01-21T02:02:34.000Z","Seconds to Label":3.797,"External ID":"mcg050.jpg","Agreement":null,"Benchmark Agreement":null,"Benchmark ID":null,"Benchmark Reference ID":null,"Dataset Name":"mcg","Reviews":[],"View Label":"https://editor.labelbox.com?project=ck5mueh08twj008439xw6ojx9&label=ck5n8h6cv7ar2095260nmrll2"},{"ID":"ck5n8hbnvyq7t0843qt2ixlwc","DataRow ID":"ck5mu9htb9r280doq2dpyg1pn","Labeled Data":"https://storage.labelbox.com/ck5m7hol2ltok0843iolzs4yv%2F54228eb9-8cf1-7b06-7708-9a4f73259c9e-mcg082.jpeg?Expires=1580812524273&KeyName=labelbox-assets-key-1&Signature=8WWCLS1Nm_zNWIlsawQlz0x9ZBc","Label":{"objects":[{"featureId":"ck5n8hb2702ho0x8rb0of5q09","schemaId":"ck5mufp1hic5x0835ibismw7l","title":"mcg","value":"mcg","color":"#FF0000","bbox":{"top":37,"left":6,"height":156,"width":212}}],"classifications":[]},"Created By":"jokekeh773@etopmail.com","Project Name":"mcg","Created At":"2020-01-21T02:02:41.000Z","Updated At":"2020-01-21T02:02:41.000Z","Seconds to Label":4.129,"External ID":"mcg082.jpeg","Agreement":null,"Benchmark Agreement":null,"Benchmark ID":null,"Benchmark Reference ID":null,"Dataset Name":"mcg","Reviews":[],"View Label":"https://editor.labelbox.com?project=ck5mueh08twj008439xw6ojx9&label=ck5n8hbnvyq7t0843qt2ixlwc"},{"ID":"ck5n8hftkyq9308436tmyhp0w","DataRow ID":"ck5mu9ht49qvg0doqegvu0d3w","Labeled Data":"https://storage.labelbox.com/ck5m7hol2ltok0843iolzs4yv%2F752e713c-6017-2f91-775d-cb32c3b45b71-mcg021.jpg?Expires=1580812524273&KeyName=labelbox-assets-key-1&Signature=IFbiRKTmohkSzmk1PJtkfzWvKHc","Label":{"objects":[{"featureId":"ck5n8hf5y02lw0x750hr8bymc","schemaId":"ck5mufp1hic5x0835ibismw7l","title":"mcg","value":"mcg","color":"#FF0000","bbox":{"top":0,"left":27,"height":224,"width":151}}],"classifications":[]},"Created By":"jokekeh773@etopmail.com","Project Name":"mcg","Created At":"2020-01-21T02:02:46.000Z","Updated At":"2020-01-21T04:44:19.000Z","Seconds to Label":4.922,"External ID":"mcg021.jpg","Agreement":null,"Benchmark Agreement":null,"Benchmark ID":null,"Benchmark Reference ID":null,"Dataset Name":"mcg","Reviews":[],"View Label":"https://editor.labelbox.com?project=ck5mueh08twj008439xw6ojx9&label=ck5n8hftkyq9308436tmyhp0w"},{"ID":"ck5n8hmnq7ato0952xg06d4jq","DataRow ID":"ck5mu9ht69qz00doqf2zqemyw","Labeled Data":"https://storage.labelbox.com/ck5m7hol2ltok0843iolzs4yv%2F0d44bf57-500b-0318-910d-ec02a6908b7e-mcg053.jpeg?Expires=1580812524273&KeyName=labelbox-assets-key-1&Signature=NLfxsDDQpRkqYSeDPVw41IhkL1c","Label":{"objects":[{"featureId":"ck5n8hmd102je0x8zftom634g","schemaId":"ck5mufp1hic5x0835ibismw7l","title":"mcg","value":"mcg","color":"#FF0000","bbox":{"top":38,"left":10,"height":179,"width":207}}],"classifications":[]},"Created By":"jokekeh773@etopmail.com","Project Name":"mcg","Created At":"2020-01-21T02:02:55.000Z","Updated At":"2020-01-21T04:44:12.000Z","Seconds to Label":5.562,"External ID":"mcg053.jpeg","Agreement":null,"Benchmark Agreement":null,"Benchmark ID":null,"Benchmark Reference ID":null,"Dataset Name":"mcg","Reviews":[],"View Label":"https://editor.labelbox.com?project=ck5mueh08twj008439xw6ojx9&label=ck5n8hmnq7ato0952xg06d4jq"},{"ID":"ck5n8hrde188l0989bqfvocou","DataRow ID":"ck5mu9htb9r2k0doq39vj098b","Labeled Data":"https://storage.labelbox.com/ck5m7hol2ltok0843iolzs4yv%2F83922bad-f476-e681-bb3c-39c2c4776e2e-mcg085.jpeg?Expires=1580812524273&KeyName=labelbox-assets-key-1&Signature=0lGUfBn-CWUFU0vmXiKv3NgMVuE","Label":{"objects":[{"featureId":"ck5n8hqs302i10x8rej7eiygf","schemaId":"ck5mufp1hic5x0835ibismw7l","title":"mcg","value":"mcg","color":"#FF0000","bbox":{"top":52,"left":0,"height":135,"width":218}}],"classifications":[]},"Created By":"jokekeh773@etopmail.com","Project Name":"mcg","Created At":"2020-01-21T02:03:01.000Z","Updated At":"2020-01-21T04:44:03.000Z","Seconds to Label":3.822,"External ID":"mcg085.jpeg","Agreement":null,"Benchmark Agreement":null,"Benchmark ID":null,"Benchmark Reference ID":null,"Dataset Name":"mcg","Reviews":[],"View Label":"https://editor.labelbox.com?project=ck5mueh08twj008439xw6ojx9&label=ck5n8hrde188l0989bqfvocou"},{"ID":"ck5n8hvnn7av60952h84uc796","DataRow ID":"ck5mu9ht49qvs0doq443fc42o","Labeled Data":"https://storage.labelbox.com/ck5m7hol2ltok0843iolzs4yv%2F0d4b6218-78ca-e6c9-a454-ccc60fb488b8-mcg024.jpg?Expires=1580812524274&KeyName=labelbox-assets-key-1&Signature=bt9A7IOmbQZzkNxbNUSuyNJylKU","Label":{"objects":[{"featureId":"ck5n8hve102m90x75l6n57mdp","schemaId":"ck5mufp1hic5x0835ibismw7l","title":"mcg","value":"mcg","color":"#FF0000","bbox":{"top":12,"left":51,"height":186,"width":172}}],"classifications":[]},"Created By":"jokekeh773@etopmail.com","Project Name":"mcg","Created At":"2020-01-21T02:03:07.000Z","Updated At":"2020-01-21T02:03:07.000Z","Seconds to Label":3.881,"External ID":"mcg024.jpg","Agreement":null,"Benchmark Agreement":null,"Benchmark ID":null,"Benchmark Reference ID":null,"Dataset Name":"mcg","Reviews":[],"View Label":"https://editor.labelbox.com?project=ck5mueh08twj008439xw6ojx9&label=ck5n8hvnn7av60952h84uc796"},{"ID":"ck5n8hzugtfnu0a56ttxkrheq","DataRow ID":"ck5mu9ht69qzc0doq7ot6fbbh","Labeled Data":"https://storage.labelbox.com/ck5m7hol2ltok0843iolzs4yv%2F83954f39-dbff-1d3b-fae5-8549076ce217-mcg056.jpeg?Expires=1580812524274&KeyName=labelbox-assets-key-1&Signature=bfDYJT8IWbtqHIzC9WPGYup-j5o","Label":{"objects":[{"featureId":"ck5n8hzk202mf0x75mkhiv12j","schemaId":"ck5mufp1hic5x0835ibismw7l","title":"mcg","value":"mcg","color":"#FF0000","bbox":{"top":22,"left":11,"height":183,"width":205}}],"classifications":[]},"Created By":"jokekeh773@etopmail.com","Project Name":"mcg","Created At":"2020-01-21T02:03:12.000Z","Updated At":"2020-01-21T02:03:12.000Z","Seconds to Label":4.063,"External ID":"mcg056.jpeg","Agreement":null,"Benchmark Agreement":null,"Benchmark ID":null,"Benchmark Reference ID":null,"Dataset Name":"mcg","Reviews":[],"View Label":"https://editor.labelbox.com?project=ck5mueh08twj008439xw6ojx9&label=ck5n8hzugtfnu0a56ttxkrheq"},{"ID":"ck5n8i32hn5eo0835xngb4l8z","DataRow ID":"ck5mu9htb9r2w0doq07ezehci","Labeled Data":"https://storage.labelbox.com/ck5m7hol2ltok0843iolzs4yv%2F07747bdb-785a-503e-3b14-20ce57815771-mcg088.jpeg?Expires=1580812524274&KeyName=labelbox-assets-key-1&Signature=wfbBg33Z1nCFnuhhJclvC7WgvLQ","Label":{"objects":[{"featureId":"ck5n8i2rk02mk0x75d4l7v6a0","schemaId":"ck5mufp1hic5x0835ibismw7l","title":"mcg","value":"mcg","color":"#FF0000","bbox":{"top":10,"left":0,"height":197,"width":214}}],"classifications":[]},"Created By":"jokekeh773@etopmail.com","Project Name":"mcg","Created At":"2020-01-21T02:03:16.000Z","Updated At":"2020-01-21T04:43:52.000Z","Seconds to Label":4.438,"External ID":"mcg088.jpeg","Agreement":null,"Benchmark Agreement":null,"Benchmark ID":null,"Benchmark Reference ID":null,"Dataset Name":"mcg","Reviews":[],"View Label":"https://editor.labelbox.com?project=ck5mueh08twj008439xw6ojx9&label=ck5n8i32hn5eo0835xngb4l8z"},{"ID":"ck5n8i6ow7awr09528jjt50rr","DataRow ID":"ck5mu9ht49qw40doq4cdobx3j","Labeled Data":"https://storage.labelbox.com/ck5m7hol2ltok0843iolzs4yv%2F5f3f4d2b-0f0d-79c9-850f-284cb2664b65-mcg027.jpg?Expires=1580812524274&KeyName=labelbox-assets-key-1&Signature=InRfl-vDte39XnFKY9z0jmLcmdU","Label":{"objects":[{"featureId":"ck5n8i61502jy0x8zg3oh59dg","schemaId":"ck5mufp1hic5x0835ibismw7l","title":"mcg","value":"mcg","color":"#FF0000","bbox":{"top":60,"left":7,"height":150,"width":212}}],"classifications":[]},"Created By":"jokekeh773@etopmail.com","Project Name":"mcg","Created At":"2020-01-21T02:03:21.000Z","Updated At":"2020-01-21T04:43:45.000Z","Seconds to Label":4.132,"External ID":"mcg027.jpg","Agreement":null,"Benchmark Agreement":null,"Benchmark ID":null,"Benchmark Reference ID":null,"Dataset Name":"mcg","Reviews":[],"View Label":"https://editor.labelbox.com?project=ck5mueh08twj008439xw6ojx9&label=ck5n8i6ow7awr09528jjt50rr"},{"ID":"ck5n8iadn7az30952ga4clpht","DataRow ID":"ck5mu9ht69qzo0doq3xh1ahch","Labeled Data":"https://storage.labelbox.com/ck5m7hol2ltok0843iolzs4yv%2Fe5b9c09f-51ac-cc90-60ae-9dec301e1d22-mcg059.jpeg?Expires=1580812524274&KeyName=labelbox-assets-key-1&Signature=cvQKF_qYLChMFklEXqjRtatNmjg","Label":{"objects":[{"featureId":"ck5n8ia4t02ii0x8r83krduq8","schemaId":"ck5mufp1hic5x0835ibismw7l","title":"mcg","value":"mcg","color":"#FF0000","bbox":{"top":48,"left":0,"height":158,"width":222}}],"classifications":[]},"Created By":"jokekeh773@etopmail.com","Project Name":"mcg","Created At":"2020-01-21T02:03:26.000Z","Updated At":"2020-01-21T04:43:37.000Z","Seconds to Label":4.7829999999999995,"External ID":"mcg059.jpeg","Agreement":null,"Benchmark Agreement":null,"Benchmark ID":null,"Benchmark Reference ID":null,"Dataset Name":"mcg","Reviews":[],"View Label":"https://editor.labelbox.com?project=ck5mueh08twj008439xw6ojx9&label=ck5n8iadn7az30952ga4clpht"},{"ID":"ck5n8ie0cz4mc09788mzu9w1v","DataRow ID":"ck5mu9htb9r380doq8z5tdhjh","Labeled Data":"https://storage.labelbox.com/ck5m7hol2ltok0843iolzs4yv%2Fb18208de-6905-18e6-9c42-5533ad33091f-mcg091.jpeg?Expires=1580812524274&KeyName=labelbox-assets-key-1&Signature=twgynEIm9BxyHS8ohnbG8oCE698","Label":{"objects":[{"featureId":"ck5n8idlk02ik0x8rnernxhtu","schemaId":"ck5mufp1hic5x0835ibismw7l","title":"mcg","value":"mcg","color":"#FF0000","bbox":{"top":56,"left":13,"height":117,"width":206}}],"classifications":[]},"Created By":"jokekeh773@etopmail.com","Project Name":"mcg","Created At":"2020-01-21T02:03:31.000Z","Updated At":"2020-01-21T02:03:31.000Z","Seconds to Label":3.481,"External ID":"mcg091.jpeg","Agreement":null,"Benchmark Agreement":null,"Benchmark ID":null,"Benchmark Reference ID":null,"Dataset Name":"mcg","Reviews":[],"View Label":"https://editor.labelbox.com?project=ck5mueh08twj008439xw6ojx9&label=ck5n8ie0cz4mc09788mzu9w1v"},{"ID":"ck5n8ihvgyqhu0843vz4nlgn5","DataRow ID":"ck5mu9ht49qwg0doqbhlh6y1d","Labeled Data":"https://storage.labelbox.com/ck5m7hol2ltok0843iolzs4yv%2F66b817b6-ad3e-0a3d-50bc-4a05ad20a8ea-mcg030.jpg?Expires=1580812524274&KeyName=labelbox-assets-key-1&Signature=I3oMAw16wnG5ofHiORbKKaQQrco","Label":{"objects":[{"featureId":"ck5n8ihen02k30x8zp6fdzzhi","schemaId":"ck5mufp1hic5x0835ibismw7l","title":"mcg","value":"mcg","color":"#FF0000","bbox":{"top":15,"left":6,"height":170,"width":205}}],"classifications":[]},"Created By":"jokekeh773@etopmail.com","Project Name":"mcg","Created At":"2020-01-21T02:03:36.000Z","Updated At":"2020-01-21T02:03:36.000Z","Seconds to Label":3.541,"External ID":"mcg030.jpg","Agreement":null,"Benchmark Agreement":null,"Benchmark ID":null,"Benchmark Reference ID":null,"Dataset Name":"mcg","Reviews":[],"View Label":"https://editor.labelbox.com?project=ck5mueh08twj008439xw6ojx9&label=ck5n8ihvgyqhu0843vz4nlgn5"},{"ID":"ck5n8is2dtftz0a56f3n0oxn7","DataRow ID":"ck5mu9ht69r000doqcuj9h8bk","Labeled Data":"https://storage.labelbox.com/ck5m7hol2ltok0843iolzs4yv%2F2791d2b8-456d-6925-9df8-11fc9f296073-mcg062.jpeg?Expires=1580812524274&KeyName=labelbox-assets-key-1&Signature=U46uJ1iEEtCz0IguHr2bbIyLMvw","Label":{"objects":[{"featureId":"ck5n8ip0g02k90x8z2q4ejor3","schemaId":"ck5mufp1hic5x0835ibismw7l","title":"mcg","value":"mcg","color":"#FF0000","bbox":{"top":8,"left":5,"height":212,"width":216}}],"classifications":[]},"Created By":"jokekeh773@etopmail.com","Project Name":"mcg","Created At":"2020-01-21T02:03:49.000Z","Updated At":"2020-01-21T04:43:25.000Z","Seconds to Label":17.956,"External ID":"mcg062.jpeg","Agreement":null,"Benchmark Agreement":null,"Benchmark ID":null,"Benchmark Reference ID":null,"Dataset Name":"mcg","Reviews":[],"View Label":"https://editor.labelbox.com?project=ck5mueh08twj008439xw6ojx9&label=ck5n8is2dtftz0a56f3n0oxn7"},{"ID":"ck5n8ixac7dad0929wikf56bt","DataRow ID":"ck5mu9htc9r3k0doq3r962pik","Labeled Data":"https://storage.labelbox.com/ck5m7hol2ltok0843iolzs4yv%2Ff8873d7d-de05-5ffc-071d-53b2a75f574c-mcg094.jpeg?Expires=1580812524274&KeyName=labelbox-assets-key-1&Signature=ROONze2CCa1d97M5Amc6z72uMUo","Label":{"objects":[{"featureId":"ck5n8iwmr02kn0x8zywvbo8jo","schemaId":"ck5mufp1hic5x0835ibismw7l","title":"mcg","value":"mcg","color":"#FF0000","bbox":{"top":52,"left":42,"height":150,"width":147}}],"classifications":[]},"Created By":"jokekeh773@etopmail.com","Project Name":"mcg","Created At":"2020-01-21T02:03:56.000Z","Updated At":"2020-01-21T02:03:56.000Z","Seconds to Label":4.054,"External ID":"mcg094.jpeg","Agreement":null,"Benchmark Agreement":null,"Benchmark ID":null,"Benchmark Reference ID":null,"Dataset Name":"mcg","Reviews":[],"View Label":"https://editor.labelbox.com?project=ck5mueh08twj008439xw6ojx9&label=ck5n8ixac7dad0929wikf56bt"},{"ID":"ck5n8j2duz4rh09787x9eotdj","DataRow ID":"ck5mu9ht59qws0doqb785g8sr","Labeled Data":"https://storage.labelbox.com/ck5m7hol2ltok0843iolzs4yv%2F17577769-97f7-cd3c-3e9e-396cd44ace82-mcg033.jpg?Expires=1580812524274&KeyName=labelbox-assets-key-1&Signature=0RlQwB-U4Xp_0HJBfKfpcj9Noo8","Label":{"objects":[{"featureId":"ck5n8j1z202nd0x75w85p5xeu","schemaId":"ck5mufp1hic5x0835ibismw7l","title":"mcg","value":"mcg","color":"#FF0000","bbox":{"top":53,"left":0,"height":164,"width":224}}],"classifications":[]},"Created By":"jokekeh773@etopmail.com","Project Name":"mcg","Created At":"2020-01-21T02:04:02.000Z","Updated At":"2020-01-21T04:43:15.000Z","Seconds to Label":4.792,"External ID":"mcg033.jpg","Agreement":null,"Benchmark Agreement":null,"Benchmark ID":null,"Benchmark Reference ID":null,"Dataset Name":"mcg","Reviews":[],"View Label":"https://editor.labelbox.com?project=ck5mueh08twj008439xw6ojx9&label=ck5n8j2duz4rh09787x9eotdj"},{"ID":"ck5n8j6qh18jr0989w0oxlrq0","DataRow ID":"ck5mu9ht79r0c0doq1ypvekxx","Labeled Data":"https://storage.labelbox.com/ck5m7hol2ltok0843iolzs4yv%2Fcbf1160b-84ed-42ad-3ece-48e556030830-mcg065.jpeg?Expires=1580812524274&KeyName=labelbox-assets-key-1&Signature=RnwiOrL26oxqdZss0OudVE6rsnw","Label":{"objects":[{"featureId":"ck5n8j6id02j40x8rdxgkjgvz","schemaId":"ck5mufp1hic5x0835ibismw7l","title":"mcg","value":"mcg","color":"#FF0000","bbox":{"top":31,"left":0,"height":176,"width":222}}],"classifications":[]},"Created By":"jokekeh773@etopmail.com","Project Name":"mcg","Created At":"2020-01-21T02:04:08.000Z","Updated At":"2020-01-21T04:42:48.000Z","Seconds to Label":110.02699999999999,"External ID":"mcg065.jpeg","Agreement":null,"Benchmark Agreement":null,"Benchmark ID":null,"Benchmark Reference ID":null,"Dataset Name":"mcg","Reviews":[],"View Label":"https://editor.labelbox.com?project=ck5mueh08twj008439xw6ojx9&label=ck5n8j6qh18jr0989w0oxlrq0"},{"ID":"ck5n8jamsjcep0770qs80s1fd","DataRow ID":"ck5mu9htc9r3w0doq6p9x3yq5","Labeled Data":"https://storage.labelbox.com/ck5m7hol2ltok0843iolzs4yv%2Ff16038ed-5867-cb20-e105-0321dbca83be-mcg097.jpeg?Expires=1580812524274&KeyName=labelbox-assets-key-1&Signature=70YNMioX3WWdS_yy0MlIMj2tgxA","Label":{"objects":[{"featureId":"ck5n8ja3u02j80x8rr0bk5a7p","schemaId":"ck5mufp1hic5x0835ibismw7l","title":"mcg","value":"mcg","color":"#FF0000","bbox":{"top":59,"left":14,"height":119,"width":192}}],"classifications":[]},"Created By":"jokekeh773@etopmail.com","Project Name":"mcg","Created At":"2020-01-21T02:04:13.000Z","Updated At":"2020-01-21T04:41:42.000Z","Seconds to Label":5.5280000000000005,"External ID":"mcg097.jpeg","Agreement":null,"Benchmark Agreement":null,"Benchmark ID":null,"Benchmark Reference ID":null,"Dataset Name":"mcg","Reviews":[],"View Label":"https://editor.labelbox.com?project=ck5mueh08twj008439xw6ojx9&label=ck5n8jamsjcep0770qs80s1fd"},{"ID":"ck5n8jfe9jcf90770o1gtlwis","DataRow ID":"ck5mu9ht59qx40doq95zd41g2","Labeled Data":"https://storage.labelbox.com/ck5m7hol2ltok0843iolzs4yv%2F5b1831bd-6baf-bf6d-b698-d1e4c03b2286-mcg036.jpg?Expires=1580812524274&KeyName=labelbox-assets-key-1&Signature=HdtETBF1QPcmhhkbTd35Sre2fj0","Label":{"objects":[{"featureId":"ck5n8jf3h02jd0x8r78bqlbon","schemaId":"ck5mufp1hic5x0835ibismw7l","title":"mcg","value":"mcg","color":"#FF0000","bbox":{"top":59,"left":12,"height":138,"width":194}}],"classifications":[]},"Created By":"jokekeh773@etopmail.com","Project Name":"mcg","Created At":"2020-01-21T02:04:19.000Z","Updated At":"2020-01-21T04:41:33.000Z","Seconds to Label":5.8,"External ID":"mcg036.jpg","Agreement":null,"Benchmark Agreement":null,"Benchmark ID":null,"Benchmark Reference ID":null,"Dataset Name":"mcg","Reviews":[],"View Label":"https://editor.labelbox.com?project=ck5mueh08twj008439xw6ojx9&label=ck5n8jfe9jcf90770o1gtlwis"},{"ID":"ck5n8jjayyqq708433c7zuzn6","DataRow ID":"ck5mu9ht79r0o0doq0oab6tpe","Labeled Data":"https://storage.labelbox.com/ck5m7hol2ltok0843iolzs4yv%2F38cc108c-9313-201b-9907-c5573ba18c4d-mcg068.jpeg?Expires=1580812524274&KeyName=labelbox-assets-key-1&Signature=ZqkwOS16L60KPxxBkXMFChMk4QI","Label":{"objects":[{"featureId":"ck5n8jipx02nn0x75jj3ooo3v","schemaId":"ck5mufp1hic5x0835ibismw7l","title":"mcg","value":"mcg","color":"#FF0000","bbox":{"top":25,"left":5,"height":177,"width":209}}],"classifications":[]},"Created By":"jokekeh773@etopmail.com","Project Name":"mcg","Created At":"2020-01-21T02:04:24.000Z","Updated At":"2020-01-21T02:04:24.000Z","Seconds to Label":3.169,"External ID":"mcg068.jpeg","Agreement":null,"Benchmark Agreement":null,"Benchmark ID":null,"Benchmark Reference ID":null,"Dataset Name":"mcg","Reviews":[],"View Label":"https://editor.labelbox.com?project=ck5mueh08twj008439xw6ojx9&label=ck5n8jjayyqq708433c7zuzn6"},{"ID":"ck5n8jn3e7b5u0952h0f9dfdk","DataRow ID":"ck5mu9htc9r480doqedxa7azj","Labeled Data":"https://storage.labelbox.com/ck5m7hol2ltok0843iolzs4yv%2F69eef63f-300d-604c-375b-c71956bfc09c-mcg100.jpeg?Expires=1580812524274&KeyName=labelbox-assets-key-1&Signature=U1DdDqvIO-lEzgt3lTKOV5A7FGE","Label":{"objects":[{"featureId":"ck5n8jmot02l30x8zb886fzhw","schemaId":"ck5mufp1hic5x0835ibismw7l","title":"mcg","value":"mcg","color":"#FF0000","bbox":{"top":26,"left":0,"height":164,"width":212}}],"classifications":[]},"Created By":"jokekeh773@etopmail.com","Project Name":"mcg","Created At":"2020-01-21T02:04:29.000Z","Updated At":"2020-01-21T04:41:22.000Z","Seconds to Label":11.689,"External ID":"mcg100.jpeg","Agreement":null,"Benchmark Agreement":null,"Benchmark ID":null,"Benchmark Reference ID":null,"Dataset Name":"mcg","Reviews":[],"View Label":"https://editor.labelbox.com?project=ck5mueh08twj008439xw6ojx9&label=ck5n8jn3e7b5u0952h0f9dfdk"},{"ID":"ck5n8jqx5tfzf0a568d1z3daj","DataRow ID":"ck5mu9ht39qtw0doqev4ta335","Labeled Data":"https://storage.labelbox.com/ck5m7hol2ltok0843iolzs4yv%2Fd9c7f6e4-8667-3f72-1dfa-8622cb0c6e36-mcg007.jpg?Expires=1580812524274&KeyName=labelbox-assets-key-1&Signature=nigCHR-ezgdDFc33G5d-eGenYRw","Label":{"objects":[{"featureId":"ck5n8jqeu02jm0x8remjev1as","schemaId":"ck5mufp1hic5x0835ibismw7l","title":"mcg","value":"mcg","color":"#FF0000","bbox":{"top":3,"left":36,"height":122,"width":185}}],"classifications":[]},"Created By":"jokekeh773@etopmail.com","Project Name":"mcg","Created At":"2020-01-21T02:04:34.000Z","Updated At":"2020-01-21T02:04:34.000Z","Seconds to Label":2.896,"External ID":"mcg007.jpg","Agreement":null,"Benchmark Agreement":null,"Benchmark ID":null,"Benchmark Reference ID":null,"Dataset Name":"mcg","Reviews":[],"View Label":"https://editor.labelbox.com?project=ck5mueh08twj008439xw6ojx9&label=ck5n8jqx5tfzf0a568d1z3daj"},{"ID":"ck5n8ju3kn5pb0835hd2zqs9n","DataRow ID":"ck5mu9ht59qxg0doq4kt291u1","Labeled Data":"https://storage.labelbox.com/ck5m7hol2ltok0843iolzs4yv%2F5e9b023a-eded-f209-8bff-85800e49aa7c-mcg039.jpg?Expires=1580812524274&KeyName=labelbox-assets-key-1&Signature=msOcJ_S0xDV-VlivGYNMk2lqmhM","Label":{"objects":[{"featureId":"ck5n8jttj02nu0x75tt22cjgp","schemaId":"ck5mufp1hic5x0835ibismw7l","title":"mcg","value":"mcg","color":"#FF0000","bbox":{"top":39,"left":22,"height":144,"width":161}}],"classifications":[]},"Created By":"jokekeh773@etopmail.com","Project Name":"mcg","Created At":"2020-01-21T02:04:38.000Z","Updated At":"2020-01-21T04:41:03.000Z","Seconds to Label":5.271,"External ID":"mcg039.jpg","Agreement":null,"Benchmark Agreement":null,"Benchmark ID":null,"Benchmark Reference ID":null,"Dataset Name":"mcg","Reviews":[],"View Label":"https://editor.labelbox.com?project=ck5mueh08twj008439xw6ojx9&label=ck5n8ju3kn5pb0835hd2zqs9n"},{"ID":"ck5n8jy317b830952xl37uvam","DataRow ID":"ck5mu9ht79r100doq85p3endy","Labeled Data":"https://storage.labelbox.com/ck5m7hol2ltok0843iolzs4yv%2Fb18fb49c-20de-8b8c-5e1e-ae3d13b61820-mcg071.jpeg?Expires=1580812524274&KeyName=labelbox-assets-key-1&Signature=T33ioQcGIUvppnZVarWPAY-TIio","Label":{"objects":[{"featureId":"ck5n8jxin02ld0x8zqsvhhefx","schemaId":"ck5mufp1hic5x0835ibismw7l","title":"mcg","value":"mcg","color":"#FF0000","bbox":{"top":22,"left":35,"height":184,"width":178}}],"classifications":[]},"Created By":"jokekeh773@etopmail.com","Project Name":"mcg","Created At":"2020-01-21T02:04:43.000Z","Updated At":"2020-01-21T04:40:47.000Z","Seconds to Label":8.54,"External ID":"mcg071.jpeg","Agreement":null,"Benchmark Agreement":null,"Benchmark ID":null,"Benchmark Reference ID":null,"Dataset Name":"mcg","Reviews":[],"View Label":"https://editor.labelbox.com?project=ck5mueh08twj008439xw6ojx9&label=ck5n8jy317b830952xl37uvam"},{"ID":"ck5n8k31cyqux0843a4hs1uua","DataRow ID":"ck5mu9htc9r4k0doqh47bdxhd","Labeled Data":"https://storage.labelbox.com/ck5m7hol2ltok0843iolzs4yv%2F018b72be-7c47-0804-3468-f93f31893870-mcg003.jpeg?Expires=1580812524275&KeyName=labelbox-assets-key-1&Signature=ou_xmCWT5todXV-1fmO_mC2LEvM","Label":{"objects":[{"featureId":"ck5n8k2sa02jy0x8ra0xoer7h","schemaId":"ck5mufp1hic5x0835ibismw7l","title":"mcg","value":"mcg","color":"#FF0000","bbox":{"top":28,"left":9,"height":143,"width":202}}],"classifications":[]},"Created By":"jokekeh773@etopmail.com","Project Name":"mcg","Created At":"2020-01-21T02:04:50.000Z","Updated At":"2020-01-21T02:04:50.000Z","Seconds to Label":5.15,"External ID":"mcg003.jpeg","Agreement":null,"Benchmark Agreement":null,"Benchmark ID":null,"Benchmark Reference ID":null,"Dataset Name":"mcg","Reviews":[],"View Label":"https://editor.labelbox.com?project=ck5mueh08twj008439xw6ojx9&label=ck5n8k31cyqux0843a4hs1uua"},{"ID":"ck5n8k7957bbd0952qwy0qa49","DataRow ID":"ck5mu9ht39qu80doqe7091orr","Labeled Data":"https://storage.labelbox.com/ck5m7hol2ltok0843iolzs4yv%2Fdb8947ab-4244-b1f0-0bbd-ee42fc89aa34-mcg010.jpg?Expires=1580812524275&KeyName=labelbox-assets-key-1&Signature=UTUA-AlExaMSCVXVYpd7Rpye5o4","Label":{"objects":[{"featureId":"ck5n8k6z602lu0x8z1676hthx","schemaId":"ck5mufp1hic5x0835ibismw7l","title":"mcg","value":"mcg","color":"#FF0000","bbox":{"top":19,"left":13,"height":171,"width":145}}],"classifications":[]},"Created By":"jokekeh773@etopmail.com","Project Name":"mcg","Created At":"2020-01-21T02:04:55.000Z","Updated At":"2020-01-21T04:40:28.000Z","Seconds to Label":5.848,"External ID":"mcg010.jpg","Agreement":null,"Benchmark Agreement":null,"Benchmark ID":null,"Benchmark Reference ID":null,"Dataset Name":"mcg","Reviews":[],"View Label":"https://editor.labelbox.com?project=ck5mueh08twj008439xw6ojx9&label=ck5n8k7957bbd0952qwy0qa49"},{"ID":"ck5n8kb1h18qj0989gtxttjr5","DataRow ID":"ck5mu9ht59qxs0doqhm93clr0","Labeled Data":"https://storage.labelbox.com/ck5m7hol2ltok0843iolzs4yv%2Ffc09c6ff-c802-1201-8c8c-75cab177e509-mcg042.jpg?Expires=1580812524275&KeyName=labelbox-assets-key-1&Signature=JQvWQoLs5B5L1If_iazmSjlSjUo","Label":{"objects":[{"featureId":"ck5n8kaen02lw0x8zn7jjbhzq","schemaId":"ck5mufp1hic5x0835ibismw7l","title":"mcg","value":"mcg","color":"#FF0000","bbox":{"top":16,"left":0,"height":193,"width":223}}],"classifications":[]},"Created By":"jokekeh773@etopmail.com","Project Name":"mcg","Created At":"2020-01-21T02:05:00.000Z","Updated At":"2020-01-21T04:40:18.000Z","Seconds to Label":5.281000000000001,"External ID":"mcg042.jpg","Agreement":null,"Benchmark Agreement":null,"Benchmark ID":null,"Benchmark Reference ID":null,"Dataset Name":"mcg","Reviews":[],"View Label":"https://editor.labelbox.com?project=ck5mueh08twj008439xw6ojx9&label=ck5n8kb1h18qj0989gtxttjr5"},{"ID":"ck5n8ke5itg4k0a56ase8sqj4","DataRow ID":"ck5mu9hta9r1c0doqh19agp43","Labeled Data":"https://storage.labelbox.com/ck5m7hol2ltok0843iolzs4yv%2F8a077bca-b833-165a-5d1a-35e16a93108f-mcg074.jpeg?Expires=1580812524275&KeyName=labelbox-assets-key-1&Signature=ebCcT5q-Qqm4wGRmgviVrM-lQTw","Label":{"objects":[{"featureId":"ck5n8kdv802m00x8zuutacur9","schemaId":"ck5mufp1hic5x0835ibismw7l","title":"mcg","value":"mcg","color":"#FF0000","bbox":{"top":48,"left":7,"height":129,"width":210}}],"classifications":[]},"Created By":"jokekeh773@etopmail.com","Project Name":"mcg","Created At":"2020-01-21T02:05:04.000Z","Updated At":"2020-01-21T04:40:10.000Z","Seconds to Label":6.431000000000001,"External ID":"mcg074.jpeg","Agreement":null,"Benchmark Agreement":null,"Benchmark ID":null,"Benchmark Reference ID":null,"Dataset Name":"mcg","Reviews":[],"View Label":"https://editor.labelbox.com?project=ck5mueh08twj008439xw6ojx9&label=ck5n8ke5itg4k0a56ase8sqj4"},{"ID":"ck5n8kjbu7dkn0929zf1geiaq","DataRow ID":"ck5mu9ht39quk0doq9aud1cuj","Labeled Data":"https://storage.labelbox.com/ck5m7hol2ltok0843iolzs4yv%2Fed810eb2-e56d-3512-f0dd-6f582e10420c-mcg013.jpg?Expires=1580812524275&KeyName=labelbox-assets-key-1&Signature=ms3eB9YL587Soa1Qrykn945hsJs","Label":{"objects":[{"featureId":"ck5n8ki2i02oe0x75wzyl8can","schemaId":"ck5mufp1hic5x0835ibismw7l","title":"mcg","value":"mcg","color":"#FF0000","bbox":{"top":30,"left":10,"height":148,"width":209}}],"classifications":[]},"Created By":"jokekeh773@etopmail.com","Project Name":"mcg","Created At":"2020-01-21T02:05:11.000Z","Updated At":"2020-01-21T02:05:11.000Z","Seconds to Label":3.882,"External ID":"mcg013.jpg","Agreement":null,"Benchmark Agreement":null,"Benchmark ID":null,"Benchmark Reference ID":null,"Dataset Name":"mcg","Reviews":[],"View Label":"https://editor.labelbox.com?project=ck5mueh08twj008439xw6ojx9&label=ck5n8kjbu7dkn0929zf1geiaq"},{"ID":"ck5n8kq6z18sv0989fmz7g0dd","DataRow ID":"ck5mu9ht59qy40doq13urhw80","Labeled Data":"https://storage.labelbox.com/ck5m7hol2ltok0843iolzs4yv%2Ff84c8a45-0cb5-8bd9-6a4a-053d8bbedc1c-mcg045.jpeg?Expires=1580812524275&KeyName=labelbox-assets-key-1&Signature=_g8JgwRIbNnBKKciMZUXt5SgGZg","Label":{"objects":[{"featureId":"ck5n8kpje02k90x8r0w2d4o5h","schemaId":"ck5mufp1hic5x0835ibismw7l","title":"mcg","value":"mcg","color":"#FF0000","bbox":{"top":12,"left":3,"height":205,"width":216}}],"classifications":[]},"Created By":"jokekeh773@etopmail.com","Project Name":"mcg","Created At":"2020-01-21T02:05:20.000Z","Updated At":"2020-01-21T04:39:59.000Z","Seconds to Label":7.638999999999999,"External ID":"mcg045.jpeg","Agreement":null,"Benchmark Agreement":null,"Benchmark ID":null,"Benchmark Reference ID":null,"Dataset Name":"mcg","Reviews":[],"View Label":"https://editor.labelbox.com?project=ck5mueh08twj008439xw6ojx9&label=ck5n8kq6z18sv0989fmz7g0dd"},{"ID":"ck5n8kt8n18ts0989wgzebjsf","DataRow ID":"ck5mu9htb9r1o0doq513hfn2w","Labeled Data":"https://storage.labelbox.com/ck5m7hol2ltok0843iolzs4yv%2Fec555c3c-1697-ceff-7504-148828c3bba6-mcg077.jpeg?Expires=1580812524275&KeyName=labelbox-assets-key-1&Signature=Ns7R1IMs9_NDFmprm4oarr23HN8","Label":{"objects":[{"featureId":"ck5n8ksx302mb0x8zcw110w2q","schemaId":"ck5mufp1hic5x0835ibismw7l","title":"mcg","value":"mcg","color":"#FF0000","bbox":{"top":26,"left":0,"height":171,"width":219}}],"classifications":[]},"Created By":"jokekeh773@etopmail.com","Project Name":"mcg","Created At":"2020-01-21T02:05:24.000Z","Updated At":"2020-01-21T02:05:24.000Z","Seconds to Label":2.41,"External ID":"mcg077.jpeg","Agreement":null,"Benchmark Agreement":null,"Benchmark ID":null,"Benchmark Reference ID":null,"Dataset Name":"mcg","Reviews":[],"View Label":"https://editor.labelbox.com?project=ck5mueh08twj008439xw6ojx9&label=ck5n8kt8n18ts0989wgzebjsf"},{"ID":"ck5n8kx4jtg8z0a56nmspvqh3","DataRow ID":"ck5mu9ht39quw0doq9b4lazqf","Labeled Data":"https://storage.labelbox.com/ck5m7hol2ltok0843iolzs4yv%2Fc8d43d92-26de-fca1-4768-499a2ae8f813-mcg016.jpg?Expires=1580812524275&KeyName=labelbox-assets-key-1&Signature=yhEyzz0uyy5jPgJvVesGxtcfLd0","Label":{"objects":[{"featureId":"ck5n8kwqj02mc0x8zn5u4044l","schemaId":"ck5mufp1hic5x0835ibismw7l","title":"mcg","value":"mcg","color":"#FF0000","bbox":{"top":48,"left":4,"height":154,"width":218}}],"classifications":[]},"Created By":"jokekeh773@etopmail.com","Project Name":"mcg","Created At":"2020-01-21T02:05:29.000Z","Updated At":"2020-01-21T04:39:44.000Z","Seconds to Label":8.569,"External ID":"mcg016.jpg","Agreement":null,"Benchmark Agreement":null,"Benchmark ID":null,"Benchmark Reference ID":null,"Dataset Name":"mcg","Reviews":[],"View Label":"https://editor.labelbox.com?project=ck5mueh08twj008439xw6ojx9&label=ck5n8kx4jtg8z0a56nmspvqh3"},{"ID":"ck5n8l2h7n5x60835ozm26075","DataRow ID":"ck5mu9ht69qyg0doq76x70mnl","Labeled Data":"https://storage.labelbox.com/ck5m7hol2ltok0843iolzs4yv%2Ff579d79f-2ada-44ff-1547-ca0897a42b58-mcg048.jpg?Expires=1580812524275&KeyName=labelbox-assets-key-1&Signature=crL_jHnC9a1mekmTFu_KY354-iY","Label":{"objects":[{"featureId":"ck5n8l29c02oq0x75uei95hh0","schemaId":"ck5mufp1hic5x0835ibismw7l","title":"mcg","value":"mcg","color":"#FF0000","bbox":{"top":5,"left":2,"height":214,"width":218}}],"classifications":[]},"Created By":"jokekeh773@etopmail.com","Project Name":"mcg","Created At":"2020-01-21T02:05:36.000Z","Updated At":"2020-01-21T02:05:36.000Z","Seconds to Label":5.341,"External ID":"mcg048.jpg","Agreement":null,"Benchmark Agreement":null,"Benchmark ID":null,"Benchmark Reference ID":null,"Dataset Name":"mcg","Reviews":[],"View Label":"https://editor.labelbox.com?project=ck5mueh08twj008439xw6ojx9&label=ck5n8l2h7n5x60835ozm26075"},{"ID":"ck5n8l5mmtgae0a56om0x69iz","DataRow ID":"ck5mu9htb9r200doq7no274n2","Labeled Data":"https://storage.labelbox.com/ck5m7hol2ltok0843iolzs4yv%2F2493cb5b-309c-723b-f1cc-9b57e69f25af-mcg080.jpeg?Expires=1580812524275&KeyName=labelbox-assets-key-1&Signature=C18whktribkz_Ry-E2X3KCFbz54","Label":{"objects":[{"featureId":"ck5n8l58602mm0x8z3mzr7o1c","schemaId":"ck5mufp1hic5x0835ibismw7l","title":"mcg","value":"mcg","color":"#FF0000","bbox":{"top":61,"left":2,"height":135,"width":202}}],"classifications":[]},"Created By":"jokekeh773@etopmail.com","Project Name":"mcg","Created At":"2020-01-21T02:05:40.000Z","Updated At":"2020-01-21T04:39:23.000Z","Seconds to Label":4.4270000000000005,"External ID":"mcg080.jpeg","Agreement":null,"Benchmark Agreement":null,"Benchmark ID":null,"Benchmark Reference ID":null,"Dataset Name":"mcg","Reviews":[],"View Label":"https://editor.labelbox.com?project=ck5mueh08twj008439xw6ojx9&label=ck5n8l5mmtgae0a56om0x69iz"},{"ID":"ck5n8l9f9n5za0835zwdmv4ai","DataRow ID":"ck5mu9ht49qv80doq2nhb4h0v","Labeled Data":"https://storage.labelbox.com/ck5m7hol2ltok0843iolzs4yv%2F265b558c-1489-8117-437e-6b13c498ed64-mcg019.jpg?Expires=1580812524275&KeyName=labelbox-assets-key-1&Signature=Isc1v7V18YCnD6C2PI8eug5xA2Y","Label":{"objects":[{"featureId":"ck5n8l95f02kv0x8rzhoctdmk","schemaId":"ck5mufp1hic5x0835ibismw7l","title":"mcg","value":"mcg","color":"#FF0000","bbox":{"top":30,"left":17,"height":159,"width":191}}],"classifications":[]},"Created By":"jokekeh773@etopmail.com","Project Name":"mcg","Created At":"2020-01-21T02:05:45.000Z","Updated At":"2020-01-21T02:05:45.000Z","Seconds to Label":3.525,"External ID":"mcg019.jpg","Agreement":null,"Benchmark Agreement":null,"Benchmark ID":null,"Benchmark Reference ID":null,"Dataset Name":"mcg","Reviews":[],"View Label":"https://editor.labelbox.com?project=ck5mueh08twj008439xw6ojx9&label=ck5n8l9f9n5za0835zwdmv4ai"},{"ID":"ck5n8lcxz7bk509520ukt7bzz","DataRow ID":"ck5mu9ht69qys0doq3kymg0vk","Labeled Data":"https://storage.labelbox.com/ck5m7hol2ltok0843iolzs4yv%2F2a00d18d-a16e-c785-4e2f-ea5eb0dc14f7-mcg051.jpg?Expires=1580812524275&KeyName=labelbox-assets-key-1&Signature=23AJ9bemfo7xBvotwg2ue5VRvSw","Label":{"objects":[{"featureId":"ck5n8lc9c02kx0x8r5yj5021b","schemaId":"ck5mufp1hic5x0835ibismw7l","title":"mcg","value":"mcg","color":"#FF0000","bbox":{"top":35,"left":5,"height":140,"width":186}}],"classifications":[]},"Created By":"jokekeh773@etopmail.com","Project Name":"mcg","Created At":"2020-01-21T02:05:49.000Z","Updated At":"2020-01-21T02:05:49.000Z","Seconds to Label":5.458,"External ID":"mcg051.jpg","Agreement":null,"Benchmark Agreement":null,"Benchmark ID":null,"Benchmark Reference ID":null,"Dataset Name":"mcg","Reviews":[],"View Label":"https://editor.labelbox.com?project=ck5mueh08twj008439xw6ojx9&label=ck5n8lcxz7bk509520ukt7bzz"},{"ID":"ck5n8lhhutgcp0a56cr6cdq7e","DataRow ID":"ck5mu9htb9r2c0doq06cxbls2","Labeled Data":"https://storage.labelbox.com/ck5m7hol2ltok0843iolzs4yv%2F62e37f33-b370-a26f-a28c-c1b556367cc3-mcg083.jpeg?Expires=1580812524275&KeyName=labelbox-assets-key-1&Signature=Oy-jMTt3c2xz7Gbq2wCMXIYBTmA","Label":{"objects":[{"featureId":"ck5n8lgyv02p70x75uu10xv7b","schemaId":"ck5mufp1hic5x0835ibismw7l","title":"mcg","value":"mcg","color":"#FF0000","bbox":{"top":6,"left":7,"height":174,"width":213}}],"classifications":[]},"Created By":"jokekeh773@etopmail.com","Project Name":"mcg","Created At":"2020-01-21T02:05:55.000Z","Updated At":"2020-01-21T04:39:08.000Z","Seconds to Label":5.127000000000001,"External ID":"mcg083.jpeg","Agreement":null,"Benchmark Agreement":null,"Benchmark ID":null,"Benchmark Reference ID":null,"Dataset Name":"mcg","Reviews":[],"View Label":"https://editor.labelbox.com?project=ck5mueh08twj008439xw6ojx9&label=ck5n8lhhutgcp0a56cr6cdq7e"},{"ID":"ck5n8lll818zs0989te9hnysn","DataRow ID":"ck5mu9ht49qvk0doq6skvf70h","Labeled Data":"https://storage.labelbox.com/ck5m7hol2ltok0843iolzs4yv%2F7c4c4dba-0e07-15e6-b44f-bf27d0e5f94b-mcg022.jpg?Expires=1580812524275&KeyName=labelbox-assets-key-1&Signature=k0ckLeTpHfXWzN6CuqPAsiaOdeE","Label":{"objects":[{"featureId":"ck5n8ll7u02pc0x750btnpv17","schemaId":"ck5mufp1hic5x0835ibismw7l","title":"mcg","value":"mcg","color":"#FF0000","bbox":{"top":37,"left":14,"height":154,"width":203}}],"classifications":[]},"Created By":"jokekeh773@etopmail.com","Project Name":"mcg","Created At":"2020-01-21T02:06:00.000Z","Updated At":"2020-01-21T02:06:00.000Z","Seconds to Label":3.494,"External ID":"mcg022.jpg","Agreement":null,"Benchmark Agreement":null,"Benchmark ID":null,"Benchmark Reference ID":null,"Dataset Name":"mcg","Reviews":[],"View Label":"https://editor.labelbox.com?project=ck5mueh08twj008439xw6ojx9&label=ck5n8lll818zs0989te9hnysn"},{"ID":"ck5n8lp9lz5bl0978a2kf9miu","DataRow ID":"ck5mu9ht69qz40doqgharco5p","Labeled Data":"https://storage.labelbox.com/ck5m7hol2ltok0843iolzs4yv%2Ff8e4800d-e3f6-f3b4-c06b-a8537e578f7b-mcg054.jpeg?Expires=1580812524275&KeyName=labelbox-assets-key-1&Signature=BepSU76Q-cJGbVwh_f8sIg6BZYs","Label":{"objects":[{"featureId":"ck5n8loys02pf0x75603h6eu4","schemaId":"ck5mufp1hic5x0835ibismw7l","title":"mcg","value":"mcg","color":"#FF0000","bbox":{"top":56,"left":79,"height":95,"width":108}}],"classifications":[]},"Created By":"jokekeh773@etopmail.com","Project Name":"mcg","Created At":"2020-01-21T02:06:05.000Z","Updated At":"2020-01-21T02:06:05.000Z","Seconds to Label":3.551,"External ID":"mcg054.jpeg","Agreement":null,"Benchmark Agreement":null,"Benchmark ID":null,"Benchmark Reference ID":null,"Dataset Name":"mcg","Reviews":[],"View Label":"https://editor.labelbox.com?project=ck5mueh08twj008439xw6ojx9&label=ck5n8lp9lz5bl0978a2kf9miu"},{"ID":"ck5n8ltjq7bno0952r0ljxnkg","DataRow ID":"ck5mu9htb9r2o0doqapoz47ip","Labeled Data":"https://storage.labelbox.com/ck5m7hol2ltok0843iolzs4yv%2Ff156b587-a864-3c0e-db82-dc59ee3e9b66-mcg086.jpeg?Expires=1580812524275&KeyName=labelbox-assets-key-1&Signature=CHMFMU2oDW-3EyaGUJXma1MlGt8","Label":{"objects":[{"featureId":"ck5n8lt6h02pk0x75398chlnw","schemaId":"ck5mufp1hic5x0835ibismw7l","title":"mcg","value":"mcg","color":"#FF0000","bbox":{"top":12,"left":0,"height":204,"width":216}}],"classifications":[]},"Created By":"jokekeh773@etopmail.com","Project Name":"mcg","Created At":"2020-01-21T02:06:11.000Z","Updated At":"2020-01-21T02:06:11.000Z","Seconds to Label":3.84,"External ID":"mcg086.jpeg","Agreement":null,"Benchmark Agreement":null,"Benchmark ID":null,"Benchmark Reference ID":null,"Dataset Name":"mcg","Reviews":[],"View Label":"https://editor.labelbox.com?project=ck5mueh08twj008439xw6ojx9&label=ck5n8ltjq7bno0952r0ljxnkg"}]