[{"ID":"ck5n844mf7a2h0929rud1tgwm","DataRow ID":"ck5mua79v9r700doq2vrw57rs","Labeled Data":"https://storage.labelbox.com/ck5m7hol2ltok0843iolzs4yv%2Fd4654534-6e2f-057a-636b-835aa2c8980a-mgt021.jpg?Expires=1580812147500&KeyName=labelbox-assets-key-1&Signature=lbEcf6M5zIUNHZYkGHAX_qb-wO0","Label":{"objects":[{"featureId":"ck5n83mnk02920x8zds2mq9i5","schemaId":"ck5mujd1kuamn0978cdze444s","title":"mgt","value":"mgt","color":"#FF0000","bbox":{"top":11,"left":31,"height":201,"width":151}}],"classifications":[]},"Created By":"jokekeh773@etopmail.com","Project Name":"mgt","Created At":"2020-01-21T01:52:25.000Z","Updated At":"2020-01-21T01:52:25.000Z","Seconds to Label":25.263,"External ID":"mgt021.jpg","Agreement":null,"Benchmark Agreement":null,"Benchmark ID":null,"Benchmark Reference ID":null,"Dataset Name":"mgt","Reviews":[],"View Label":"https://editor.labelbox.com?project=ck5muiyam2jtt0929rxyj8tv8&label=ck5n844mf7a2h0929rud1tgwm"},{"ID":"ck5n84vp715i20989wnwrf747","DataRow ID":"ck5mua7a19rak0doq9g3g19f2","Labeled Data":"https://storage.labelbox.com/ck5m7hol2ltok0843iolzs4yv%2F85d7406d-c670-7018-b1bd-a0f2d8146345-mgt053.jpg?Expires=1580812147500&KeyName=labelbox-assets-key-1&Signature=xae1p1KSSFI75DRNN6ww09x1BA0","Label":{"objects":[{"featureId":"ck5n84utf02bn0x75zwxtamvb","schemaId":"ck5mujd1kuamn0978cdze444s","title":"mgt","value":"mgt","color":"#FF0000","bbox":{"top":39,"left":137,"height":185,"width":39}}],"classifications":[]},"Created By":"jokekeh773@etopmail.com","Project Name":"mgt","Created At":"2020-01-21T01:53:00.000Z","Updated At":"2020-01-21T01:53:00.000Z","Seconds to Label":27.637,"External ID":"mgt053.jpg","Agreement":null,"Benchmark Agreement":null,"Benchmark ID":null,"Benchmark Reference ID":null,"Dataset Name":"mgt","Reviews":[],"View Label":"https://editor.labelbox.com?project=ck5muiyam2jtt0929rxyj8tv8&label=ck5n84vp715i20989wnwrf747"},{"ID":"ck5n858gvn2jf0835753492eg","DataRow ID":"ck5mua7a49re40doqat2d5egt","Labeled Data":"https://storage.labelbox.com/ck5m7hol2ltok0843iolzs4yv%2F7319eee1-97db-ac82-5b6f-8d37332c9c3c-mgt085.jpg?Expires=1580812147500&KeyName=labelbox-assets-key-1&Signature=Kjhc4HDlw7BdQpzlZIj70uFw0c0","Label":{"objects":[{"featureId":"ck5n856ys029k0x8rxi4nv6m5","schemaId":"ck5mujd1kuamn0978cdze444s","title":"mgt","value":"mgt","color":"#FF0000","bbox":{"top":83,"left":5,"height":85,"width":217}}],"classifications":[]},"Created By":"jokekeh773@etopmail.com","Project Name":"mgt","Created At":"2020-01-21T01:53:17.000Z","Updated At":"2020-01-21T01:53:17.000Z","Seconds to Label":10.167,"External ID":"mgt085.jpg","Agreement":null,"Benchmark Agreement":null,"Benchmark ID":null,"Benchmark Reference ID":null,"Dataset Name":"mgt","Reviews":[],"View Label":"https://editor.labelbox.com?project=ck5muiyam2jtt0929rxyj8tv8&label=ck5n858gvn2jf0835753492eg"},{"ID":"ck5n85l1wtcxc0a56om791bdi","DataRow ID":"ck5mua79v9r7c0doqgcmk5dcq","Labeled Data":"https://storage.labelbox.com/ck5m7hol2ltok0843iolzs4yv%2Fbab7e0e1-d17f-3f72-5eab-c9223f6c1329-mgt024.jpg?Expires=1580812147500&KeyName=labelbox-assets-key-1&Signature=Lq5hzxT9VZPb9kJLkvzOChO3reU","Label":{"objects":[{"featureId":"ck5n85km3029x0x8r4xezys6n","schemaId":"ck5mujd1kuamn0978cdze444s","title":"mgt","value":"mgt","color":"#FF0000","bbox":{"top":9,"left":3,"height":208,"width":219}}],"classifications":[]},"Created By":"jokekeh773@etopmail.com","Project Name":"mgt","Created At":"2020-01-21T01:53:33.000Z","Updated At":"2020-01-21T01:53:33.000Z","Seconds to Label":12.033,"External ID":"mgt024.jpg","Agreement":null,"Benchmark Agreement":null,"Benchmark ID":null,"Benchmark Reference ID":null,"Dataset Name":"mgt","Reviews":[],"View Label":"https://editor.labelbox.com?project=ck5muiyam2jtt0929rxyj8tv8&label=ck5n85l1wtcxc0a56om791bdi"},{"ID":"ck5n85u75ynmb08434o8sg6cl","DataRow ID":"ck5mua7a19raw0doqaimy3fje","Labeled Data":"https://storage.labelbox.com/ck5m7hol2ltok0843iolzs4yv%2F1820c90e-df4b-4c98-9128-bb444c48269b-mgt056.jpg?Expires=1580812147500&KeyName=labelbox-assets-key-1&Signature=qs3Sq9kOXqWn44k6FL3vv4v_hlI","Label":{"objects":[{"featureId":"ck5n85tx602az0x8z1ffgrnk2","schemaId":"ck5mujd1kuamn0978cdze444s","title":"mgt","value":"mgt","color":"#FF0000","bbox":{"top":10,"left":1,"height":199,"width":121}}],"classifications":[]},"Created By":"jokekeh773@etopmail.com","Project Name":"mgt","Created At":"2020-01-21T01:53:45.000Z","Updated At":"2020-01-21T01:53:45.000Z","Seconds to Label":6.894,"External ID":"mgt056.jpg","Agreement":null,"Benchmark Agreement":null,"Benchmark ID":null,"Benchmark Reference ID":null,"Dataset Name":"mgt","Reviews":[],"View Label":"https://editor.labelbox.com?project=ck5muiyam2jtt0929rxyj8tv8&label=ck5n85u75ynmb08434o8sg6cl"},{"ID":"ck5n861jq7ale09296uubc51w","DataRow ID":"ck5mua7a49reg0doqb6006yjx","Labeled Data":"https://storage.labelbox.com/ck5m7hol2ltok0843iolzs4yv%2F834554b2-64b3-5ab5-e2b0-dc067f3d5190-mgt088.jpg?Expires=1580812147500&KeyName=labelbox-assets-key-1&Signature=hEnGuKSZASUf4glYxgbYUbHh0gY","Label":{"objects":[{"featureId":"ck5n8614702ac0x8r56y8jlrr","schemaId":"ck5mujd1kuamn0978cdze444s","title":"mgt","value":"mgt","color":"#FF0000","bbox":{"top":57,"left":44,"height":167,"width":169}}],"classifications":[]},"Created By":"jokekeh773@etopmail.com","Project Name":"mgt","Created At":"2020-01-21T01:53:55.000Z","Updated At":"2020-01-21T01:53:55.000Z","Seconds to Label":6.119,"External ID":"mgt088.jpg","Agreement":null,"Benchmark Agreement":null,"Benchmark ID":null,"Benchmark Reference ID":null,"Dataset Name":"mgt","Reviews":[],"View Label":"https://editor.labelbox.com?project=ck5muiyam2jtt0929rxyj8tv8&label=ck5n861jq7ale09296uubc51w"},{"ID":"ck5n86cb4n2t90835890vcz2r","DataRow ID":"ck5mua79v9r7o0doq6s7w8ocb","Labeled Data":"https://storage.labelbox.com/ck5m7hol2ltok0843iolzs4yv%2F65b653ab-8062-2e8b-5845-5fd39db764ef-mgt027.jpg?Expires=1580812147500&KeyName=labelbox-assets-key-1&Signature=JcYAaI7aUqGW4rJ_O5r6dbB1zf0","Label":{"objects":[{"featureId":"ck5n86bxh02cq0x75hs8ca0br","schemaId":"ck5mujd1kuamn0978cdze444s","title":"mgt","value":"mgt","color":"#FF0000","bbox":{"top":67,"left":11,"height":65,"width":207}}],"classifications":[]},"Created By":"jokekeh773@etopmail.com","Project Name":"mgt","Created At":"2020-01-21T01:54:08.000Z","Updated At":"2020-01-21T01:54:09.000Z","Seconds to Label":11.477,"External ID":"mgt027.jpg","Agreement":null,"Benchmark Agreement":null,"Benchmark ID":null,"Benchmark Reference ID":null,"Dataset Name":"mgt","Reviews":[],"View Label":"https://editor.labelbox.com?project=ck5muiyam2jtt0929rxyj8tv8&label=ck5n86cb4n2t90835890vcz2r"},{"ID":"ck5n86n6qn2xa0835llij7dcl","DataRow ID":"ck5mua7a19rb80doq6ya5dkc0","Labeled Data":"https://storage.labelbox.com/ck5m7hol2ltok0843iolzs4yv%2F97d9b8f1-9aa9-b711-5e1f-6f8061db6363-mgt059.jpg?Expires=1580812147500&KeyName=labelbox-assets-key-1&Signature=B34lt5bUXIEJZGhLBk56_FdXHOs","Label":{"objects":[{"featureId":"ck5n86mpn02e40x75upfbtusy","schemaId":"ck5mujd1kuamn0978cdze444s","title":"mgt","value":"mgt","color":"#FF0000","bbox":{"top":55,"left":22,"height":81,"width":179}}],"classifications":[]},"Created By":"jokekeh773@etopmail.com","Project Name":"mgt","Created At":"2020-01-21T01:54:23.000Z","Updated At":"2020-01-21T01:54:23.000Z","Seconds to Label":11.618,"External ID":"mgt059.jpg","Agreement":null,"Benchmark Agreement":null,"Benchmark ID":null,"Benchmark Reference ID":null,"Dataset Name":"mgt","Reviews":[],"View Label":"https://editor.labelbox.com?project=ck5muiyam2jtt0929rxyj8tv8&label=ck5n86n6qn2xa0835llij7dcl"},{"ID":"ck5n86zff160b0989sgl4l7x2","DataRow ID":"ck5mua7a59res0doq2mqphn7r","Labeled Data":"https://storage.labelbox.com/ck5m7hol2ltok0843iolzs4yv%2Fafe86e24-dbfd-8c42-0d6e-37e74b40318e-mgt091.jpg?Expires=1580812147500&KeyName=labelbox-assets-key-1&Signature=inod7AOoUJqnLJ4G3rmquXppOs4","Label":{"objects":[{"featureId":"ck5n86xk002bt0x8ztjo4xt66","schemaId":"ck5mujd1kuamn0978cdze444s","title":"mgt","value":"mgt","color":"#FF0000","bbox":{"top":60,"left":45,"height":164,"width":170}}],"classifications":[]},"Created By":"jokekeh773@etopmail.com","Project Name":"mgt","Created At":"2020-01-21T01:54:38.000Z","Updated At":"2020-01-21T01:54:38.000Z","Seconds to Label":10.181,"External ID":"mgt091.jpg","Agreement":null,"Benchmark Agreement":null,"Benchmark ID":null,"Benchmark Reference ID":null,"Dataset Name":"mgt","Reviews":[],"View Label":"https://editor.labelbox.com?project=ck5muiyam2jtt0929rxyj8tv8&label=ck5n86zff160b0989sgl4l7x2"},{"ID":"ck5n897tgjaa10770i5l00gmo","DataRow ID":"ck5mua79w9r800doq34ovbz95","Labeled Data":"https://storage.labelbox.com/ck5m7hol2ltok0843iolzs4yv%2Fdcef0530-af5d-d9bf-b9f0-d0d90434fd51-mgt030.jpg?Expires=1580812147500&KeyName=labelbox-assets-key-1&Signature=ZdyD3SNq48vPAwftcPa2zQy2qDk","Label":{"objects":[{"featureId":"ck5n895io02fw0x75frkyobz8","schemaId":"ck5mujd1kuamn0978cdze444s","title":"mgt","value":"mgt","color":"#FF0000","bbox":{"top":26,"left":116,"height":169,"width":44}}],"classifications":[]},"Created By":"jokekeh773@etopmail.com","Project Name":"mgt","Created At":"2020-01-21T01:56:23.000Z","Updated At":"2020-01-21T01:56:23.000Z","Seconds to Label":11.996,"External ID":"mgt030.jpg","Agreement":null,"Benchmark Agreement":null,"Benchmark ID":null,"Benchmark Reference ID":null,"Dataset Name":"mgt","Reviews":[],"View Label":"https://editor.labelbox.com?project=ck5muiyam2jtt0929rxyj8tv8&label=ck5n897tgjaa10770i5l00gmo"},{"ID":"ck5n89hvsn3ir0835bd8hfl3a","DataRow ID":"ck5mua7a29rbk0doqcr2h68hp","Labeled Data":"https://storage.labelbox.com/ck5m7hol2ltok0843iolzs4yv%2F92b4c2e9-aab4-fcce-0ad9-4b4b6c39ba28-mgt062.jpg?Expires=1580812147500&KeyName=labelbox-assets-key-1&Signature=1OztePsgPwoG2ieQFNRVPqYnIrk","Label":{"objects":[{"featureId":"ck5n89fgr02dr0x8znb0dkiji","schemaId":"ck5mujd1kuamn0978cdze444s","title":"mgt","value":"mgt","color":"#FF0000","bbox":{"top":16,"left":5,"height":190,"width":206}}],"classifications":[]},"Created By":"jokekeh773@etopmail.com","Project Name":"mgt","Created At":"2020-01-21T01:56:36.000Z","Updated At":"2020-01-21T01:56:36.000Z","Seconds to Label":7.776,"External ID":"mgt062.jpg","Agreement":null,"Benchmark Agreement":null,"Benchmark ID":null,"Benchmark Reference ID":null,"Dataset Name":"mgt","Reviews":[],"View Label":"https://editor.labelbox.com?project=ck5muiyam2jtt0929rxyj8tv8&label=ck5n89hvsn3ir0835bd8hfl3a"},{"ID":"ck5n89se3yoo60843kb90feae","DataRow ID":"ck5mua7a59rf40doqa84kbel0","Labeled Data":"https://storage.labelbox.com/ck5m7hol2ltok0843iolzs4yv%2Fa4b1c505-d1cf-8dc0-4e21-c0ed690c7a12-mgt094.jpg?Expires=1580812147500&KeyName=labelbox-assets-key-1&Signature=eGYXduHvSRlY55uczbfyWNyf6F4","Label":{"objects":[{"featureId":"ck5n89pd802cr0x8rshm8t1w4","schemaId":"ck5mujd1kuamn0978cdze444s","title":"mgt","value":"mgt","color":"#FF0000","bbox":{"top":79,"left":9,"height":79,"width":215}}],"classifications":[]},"Created By":"jokekeh773@etopmail.com","Project Name":"mgt","Created At":"2020-01-21T01:56:49.000Z","Updated At":"2020-01-21T01:56:49.000Z","Seconds to Label":7.631,"External ID":"mgt094.jpg","Agreement":null,"Benchmark Agreement":null,"Benchmark ID":null,"Benchmark Reference ID":null,"Dataset Name":"mgt","Reviews":[],"View Label":"https://editor.labelbox.com?project=ck5muiyam2jtt0929rxyj8tv8&label=ck5n89se3yoo60843kb90feae"},{"ID":"ck5n8a0l5n3o50835yxrha132","DataRow ID":"ck5mua79p9r4s0doqbd0s3p94","Labeled Data":"https://storage.labelbox.com/ck5m7hol2ltok0843iolzs4yv%2F6481278e-26fc-0e8f-6411-164a02d785f9-mgt001.jpg?Expires=1580812147500&KeyName=labelbox-assets-key-1&Signature=Nm5wUctFezLogaWGBiqEFDNwrU8","Label":{"objects":[{"featureId":"ck5n89zwx02e60x8zl05f37rk","schemaId":"ck5mujd1kuamn0978cdze444s","title":"mgt","value":"mgt","color":"#FF0000","bbox":{"top":52,"left":0,"height":80,"width":224}}],"classifications":[]},"Created By":"jokekeh773@etopmail.com","Project Name":"mgt","Created At":"2020-01-21T01:57:00.000Z","Updated At":"2020-01-21T05:00:09.000Z","Seconds to Label":11.756,"External ID":"mgt001.jpg","Agreement":null,"Benchmark Agreement":null,"Benchmark ID":null,"Benchmark Reference ID":null,"Dataset Name":"mgt","Reviews":[],"View Label":"https://editor.labelbox.com?project=ck5muiyam2jtt0929rxyj8tv8&label=ck5n8a0l5n3o50835yxrha132"},{"ID":"ck5n8a8n7z2uf0978xevydw4e","DataRow ID":"ck5mua79w9r8c0doq7lk4bhid","Labeled Data":"https://storage.labelbox.com/ck5m7hol2ltok0843iolzs4yv%2F9e5cfe55-285b-3536-5de4-188d768d860d-mgt033.jpg?Expires=1580812147500&KeyName=labelbox-assets-key-1&Signature=EsuDxntN27-8IBwNOyoOtRcVLUE","Label":{"objects":[{"featureId":"ck5n8a8e202da0x8rjs5lh2h7","schemaId":"ck5mujd1kuamn0978cdze444s","title":"mgt","value":"mgt","color":"#FF0000","bbox":{"top":64,"left":10,"height":111,"width":208}}],"classifications":[]},"Created By":"jokekeh773@etopmail.com","Project Name":"mgt","Created At":"2020-01-21T01:57:10.000Z","Updated At":"2020-01-21T01:57:10.000Z","Seconds to Label":8.592,"External ID":"mgt033.jpg","Agreement":null,"Benchmark Agreement":null,"Benchmark ID":null,"Benchmark Reference ID":null,"Dataset Name":"mgt","Reviews":[],"View Label":"https://editor.labelbox.com?project=ck5muiyam2jtt0929rxyj8tv8&label=ck5n8a8n7z2uf0978xevydw4e"},{"ID":"ck5n8adxcjakf0770yg8phk2q","DataRow ID":"ck5mua7a29rbw0doq7qfxgznh","Labeled Data":"https://storage.labelbox.com/ck5m7hol2ltok0843iolzs4yv%2F1db16112-1681-41ac-79fa-08ee440efa5f-mgt065.jpg?Expires=1580812147500&KeyName=labelbox-assets-key-1&Signature=xKlVIPfJJrga60VjczXbr8LTn8s","Label":{"objects":[{"featureId":"ck5n8adhr02de0x8rxuunzn5r","schemaId":"ck5mujd1kuamn0978cdze444s","title":"mgt","value":"mgt","color":"#FF0000","bbox":{"top":47,"left":65,"height":177,"width":28}}],"classifications":[]},"Created By":"jokekeh773@etopmail.com","Project Name":"mgt","Created At":"2020-01-21T01:57:17.000Z","Updated At":"2020-01-21T01:57:17.000Z","Seconds to Label":4.549,"External ID":"mgt065.jpg","Agreement":null,"Benchmark Agreement":null,"Benchmark ID":null,"Benchmark Reference ID":null,"Dataset Name":"mgt","Reviews":[],"View Label":"https://editor.labelbox.com?project=ck5muiyam2jtt0929rxyj8tv8&label=ck5n8adxcjakf0770yg8phk2q"},{"ID":"ck5n8ap4x79gf09524va1yxzn","DataRow ID":"ck5mua7a59rfg0doqfdtf4wsv","Labeled Data":"https://storage.labelbox.com/ck5m7hol2ltok0843iolzs4yv%2Fa1bf7a55-d235-9c14-a4ed-27c3183811b0-mgt097.jpg?Expires=1580812147501&KeyName=labelbox-assets-key-1&Signature=H1oSzOo2AIsBajShqy0AdYZY1dM","Label":{"objects":[{"featureId":"ck5n8annc02do0x8rjht1wtqk","schemaId":"ck5mujd1kuamn0978cdze444s","title":"mgt","value":"mgt","color":"#FF0000","bbox":{"top":51,"left":17,"height":104,"width":197}}],"classifications":[]},"Created By":"jokekeh773@etopmail.com","Project Name":"mgt","Created At":"2020-01-21T01:57:32.000Z","Updated At":"2020-01-21T04:59:52.000Z","Seconds to Label":12.792,"External ID":"mgt097.jpg","Agreement":null,"Benchmark Agreement":null,"Benchmark ID":null,"Benchmark Reference ID":null,"Dataset Name":"mgt","Reviews":[],"View Label":"https://editor.labelbox.com?project=ck5muiyam2jtt0929rxyj8tv8&label=ck5n8ap4x79gf09524va1yxzn"},{"ID":"ck5n8awud7bo3092950e28bjr","DataRow ID":"ck5mua79p9r540doq4jqg6nlg","Labeled Data":"https://storage.labelbox.com/ck5m7hol2ltok0843iolzs4yv%2Fa2e270f9-34c6-6867-ab40-fbf8ca39189a-mgt004.jpg?Expires=1580812147501&KeyName=labelbox-assets-key-1&Signature=ynYZMb8YiSUvINPrpgYZP7vzuC8","Label":{"objects":[{"featureId":"ck5n8awkh02h80x75kygpyvxk","schemaId":"ck5mujd1kuamn0978cdze444s","title":"mgt","value":"mgt","color":"#FF0000","bbox":{"top":76,"left":2,"height":83,"width":221}}],"classifications":[]},"Created By":"jokekeh773@etopmail.com","Project Name":"mgt","Created At":"2020-01-21T01:57:42.000Z","Updated At":"2020-01-21T01:57:42.000Z","Seconds to Label":8.154,"External ID":"mgt004.jpg","Agreement":null,"Benchmark Agreement":null,"Benchmark ID":null,"Benchmark Reference ID":null,"Dataset Name":"mgt","Reviews":[],"View Label":"https://editor.labelbox.com?project=ck5muiyam2jtt0929rxyj8tv8&label=ck5n8awud7bo3092950e28bjr"},{"ID":"ck5n8b6whn3z10835z6mea8pw","DataRow ID":"ck5mua79w9r8o0doq9tak60hl","Labeled Data":"https://storage.labelbox.com/ck5m7hol2ltok0843iolzs4yv%2F00197cea-7e6d-dc15-68c9-d8437045d4da-mgt036.jpg?Expires=1580812147501&KeyName=labelbox-assets-key-1&Signature=O5-XWYp086mgWqkyazykSuRrbmY","Label":{"objects":[{"featureId":"ck5n8b61k02f90x8zlgvnb5tq","schemaId":"ck5mujd1kuamn0978cdze444s","title":"mgt","value":"mgt","color":"#FF0000","bbox":{"top":4,"left":1,"height":216,"width":223}}],"classifications":[]},"Created By":"jokekeh773@etopmail.com","Project Name":"mgt","Created At":"2020-01-21T01:57:55.000Z","Updated At":"2020-01-21T01:57:55.000Z","Seconds to Label":8.19,"External ID":"mgt036.jpg","Agreement":null,"Benchmark Agreement":null,"Benchmark ID":null,"Benchmark Reference ID":null,"Dataset Name":"mgt","Reviews":[],"View Label":"https://editor.labelbox.com?project=ck5muiyam2jtt0929rxyj8tv8&label=ck5n8b6whn3z10835z6mea8pw"},{"ID":"ck5n8bp3r7bux09294bu7mdlo","DataRow ID":"ck5mua7a29rc80doq4bsua1w4","Labeled Data":"https://storage.labelbox.com/ck5m7hol2ltok0843iolzs4yv%2Fdfaf514c-a6c5-8b92-0e73-4dbe15f7bb0c-mgt068.jpg?Expires=1580812147501&KeyName=labelbox-assets-key-1&Signature=8ok6ZwlKXD4CDqH0p7Tr_Amrn3Q","Label":{"objects":[{"featureId":"ck5n8bng302i30x7547w9v6ai","schemaId":"ck5mujd1kuamn0978cdze444s","title":"mgt","value":"mgt","color":"#FF0000","bbox":{"top":14,"left":4,"height":200,"width":216}}],"classifications":[]},"Created By":"jokekeh773@etopmail.com","Project Name":"mgt","Created At":"2020-01-21T01:58:18.000Z","Updated At":"2020-01-21T01:58:18.000Z","Seconds to Label":19.743,"External ID":"mgt068.jpg","Agreement":null,"Benchmark Agreement":null,"Benchmark ID":null,"Benchmark Reference ID":null,"Dataset Name":"mgt","Reviews":[],"View Label":"https://editor.labelbox.com?project=ck5muiyam2jtt0929rxyj8tv8&label=ck5n8bp3r7bux09294bu7mdlo"},{"ID":"ck5n8bw9kz36i0978hszzfskr","DataRow ID":"ck5mua7a69rfs0doqebbq6nc7","Labeled Data":"https://storage.labelbox.com/ck5m7hol2ltok0843iolzs4yv%2Fe0054cd2-174b-b605-1e77-9dee80d0fc8c-mgt100.jpg?Expires=1580812147501&KeyName=labelbox-assets-key-1&Signature=WmQ_TMeyGHw8agfl5Bac8ElWvt8","Label":{"objects":[{"featureId":"ck5n8bw0302fq0x8zc5znjo19","schemaId":"ck5mujd1kuamn0978cdze444s","title":"mgt","value":"mgt","color":"#FF0000","bbox":{"top":16,"left":69,"height":195,"width":106}}],"classifications":[]},"Created By":"jokekeh773@etopmail.com","Project Name":"mgt","Created At":"2020-01-21T01:58:28.000Z","Updated At":"2020-01-21T04:59:25.000Z","Seconds to Label":9.149,"External ID":"mgt100.jpg","Agreement":null,"Benchmark Agreement":null,"Benchmark ID":null,"Benchmark Reference ID":null,"Dataset Name":"mgt","Reviews":[],"View Label":"https://editor.labelbox.com?project=ck5muiyam2jtt0929rxyj8tv8&label=ck5n8bw9kz36i0978hszzfskr"},{"ID":"ck5n8cnw279t60952218x2riz","DataRow ID":"ck5mua79q9r5g0doq6l6sh7f2","Labeled Data":"https://storage.labelbox.com/ck5m7hol2ltok0843iolzs4yv%2Fc3d37cca-caa3-aac8-d7bc-af67470c0f62-mgt007.jpg?Expires=1580812147501&KeyName=labelbox-assets-key-1&Signature=gmsqWsUs3xnqX_Xm_MPaMN32VbI","Label":{"objects":[{"featureId":"ck5n8cno302g20x8zze07aues","schemaId":"ck5mujd1kuamn0978cdze444s","title":"mgt","value":"mgt","color":"#FF0000","bbox":{"top":31,"left":10,"height":170,"width":209}}],"classifications":[]},"Created By":"jokekeh773@etopmail.com","Project Name":"mgt","Created At":"2020-01-21T01:59:03.000Z","Updated At":"2020-01-21T01:59:03.000Z","Seconds to Label":33.778,"External ID":"mgt007.jpg","Agreement":null,"Benchmark Agreement":null,"Benchmark ID":null,"Benchmark Reference ID":null,"Dataset Name":"mgt","Reviews":[],"View Label":"https://editor.labelbox.com?project=ck5muiyam2jtt0929rxyj8tv8&label=ck5n8cnw279t60952218x2riz"},{"ID":"ck5n8d0y2z3es09784pczgfs0","DataRow ID":"ck5mua79w9r900doq7qmbbdfb","Labeled Data":"https://storage.labelbox.com/ck5m7hol2ltok0843iolzs4yv%2Fce886305-ddc3-3be0-83d3-afdcc0d32c78-mgt039.jpg?Expires=1580812147501&KeyName=labelbox-assets-key-1&Signature=VG5Q9ZZUtSynTVqXZbdKF_Y67mw","Label":{"objects":[{"featureId":"ck5n8d0lb02g90x8z6dy4lapb","schemaId":"ck5mujd1kuamn0978cdze444s","title":"mgt","value":"mgt","color":"#FF0000","bbox":{"top":6,"left":1,"height":204,"width":221}}],"classifications":[]},"Created By":"jokekeh773@etopmail.com","Project Name":"mgt","Created At":"2020-01-21T01:59:20.000Z","Updated At":"2020-01-21T04:59:13.000Z","Seconds to Label":16.012999999999998,"External ID":"mgt039.jpg","Agreement":null,"Benchmark Agreement":null,"Benchmark ID":null,"Benchmark Reference ID":null,"Dataset Name":"mgt","Reviews":[],"View Label":"https://editor.labelbox.com?project=ck5muiyam2jtt0929rxyj8tv8&label=ck5n8d0y2z3es09784pczgfs0"},{"ID":"ck5n8dfa3179u0989i40tzh7j","DataRow ID":"ck5mua7a39rck0doq7ypl77me","Labeled Data":"https://storage.labelbox.com/ck5m7hol2ltok0843iolzs4yv%2F14486d1a-35fb-d9eb-5875-d49907a84726-mgt071.jpg?Expires=1580812147501&KeyName=labelbox-assets-key-1&Signature=wJmwjjQPoHEF8gUtZiw3dM6torM","Label":{"objects":[{"featureId":"ck5n8dey802iy0x75pgjio3e5","schemaId":"ck5mujd1kuamn0978cdze444s","title":"mgt","value":"mgt","color":"#FF0000","bbox":{"top":59,"left":15,"height":90,"width":202}}],"classifications":[]},"Created By":"jokekeh773@etopmail.com","Project Name":"mgt","Created At":"2020-01-21T01:59:39.000Z","Updated At":"2020-01-21T04:59:03.000Z","Seconds to Label":29.025,"External ID":"mgt071.jpg","Agreement":null,"Benchmark Agreement":null,"Benchmark ID":null,"Benchmark Reference ID":null,"Dataset Name":"mgt","Reviews":[],"View Label":"https://editor.labelbox.com?project=ck5muiyam2jtt0929rxyj8tv8&label=ck5n8dfa3179u0989i40tzh7j"},{"ID":"ck5n8dmgjjbb007706w6vt3c8","DataRow ID":"ck5mua79q9r5s0doqd6njcvk6","Labeled Data":"https://storage.labelbox.com/ck5m7hol2ltok0843iolzs4yv%2F32c4d65f-a19c-b79f-3baf-eb5cfcbec6ab-mgt010.jpg?Expires=1580812147501&KeyName=labelbox-assets-key-1&Signature=eZ7KuafOGdyxQb3aMCO--8rbMB4","Label":{"objects":[{"featureId":"ck5n8dlfn02f20x8rueidi6rc","schemaId":"ck5mujd1kuamn0978cdze444s","title":"mgt","value":"mgt","color":"#FF0000","bbox":{"top":12,"left":105,"height":212,"width":117}}],"classifications":[]},"Created By":"jokekeh773@etopmail.com","Project Name":"mgt","Created At":"2020-01-21T01:59:48.000Z","Updated At":"2020-01-21T01:59:48.000Z","Seconds to Label":5.835,"External ID":"mgt010.jpg","Agreement":null,"Benchmark Agreement":null,"Benchmark ID":null,"Benchmark Reference ID":null,"Dataset Name":"mgt","Reviews":[],"View Label":"https://editor.labelbox.com?project=ck5muiyam2jtt0929rxyj8tv8&label=ck5n8dmgjjbb007706w6vt3c8"},{"ID":"ck5n8dwk8tesl0a56w0invee5","DataRow ID":"ck5mua79w9r9c0doq44i7cqo8","Labeled Data":"https://storage.labelbox.com/ck5m7hol2ltok0843iolzs4yv%2F0c859516-f842-9c60-660d-ac7f3ee4f6b0-mgt042.jpg?Expires=1580812147501&KeyName=labelbox-assets-key-1&Signature=zCB79C2ymMCfgQJ8A7rJchZUW7E","Label":{"objects":[{"featureId":"ck5n8dw2002j80x75k26bcwee","schemaId":"ck5mujd1kuamn0978cdze444s","title":"mgt","value":"mgt","color":"#FF0000","bbox":{"top":2,"left":7,"height":212,"width":215}}],"classifications":[]},"Created By":"jokekeh773@etopmail.com","Project Name":"mgt","Created At":"2020-01-21T02:00:01.000Z","Updated At":"2020-01-21T02:00:01.000Z","Seconds to Label":10.538,"External ID":"mgt042.jpg","Agreement":null,"Benchmark Agreement":null,"Benchmark ID":null,"Benchmark Reference ID":null,"Dataset Name":"mgt","Reviews":[],"View Label":"https://editor.labelbox.com?project=ck5muiyam2jtt0929rxyj8tv8&label=ck5n8dwk8tesl0a56w0invee5"},{"ID":"ck5n8e38gn4h00835thzl2tps","DataRow ID":"ck5mua7a39rcw0doq4xhw0hi4","Labeled Data":"https://storage.labelbox.com/ck5m7hol2ltok0843iolzs4yv%2F2b7b26ea-534b-7547-995d-83175c32b98b-mgt074.jpg?Expires=1580812147501&KeyName=labelbox-assets-key-1&Signature=gw-3gRnE53q1EnBliuTpNHwM3FI","Label":{"objects":[{"featureId":"ck5n8e2vw02fe0x8rdnwvmda4","schemaId":"ck5mujd1kuamn0978cdze444s","title":"mgt","value":"mgt","color":"#FF0000","bbox":{"top":46,"left":1,"height":92,"width":221}}],"classifications":[]},"Created By":"jokekeh773@etopmail.com","Project Name":"mgt","Created At":"2020-01-21T02:00:10.000Z","Updated At":"2020-01-21T02:00:10.000Z","Seconds to Label":6.581,"External ID":"mgt074.jpg","Agreement":null,"Benchmark Agreement":null,"Benchmark ID":null,"Benchmark Reference ID":null,"Dataset Name":"mgt","Reviews":[],"View Label":"https://editor.labelbox.com?project=ck5muiyam2jtt0929rxyj8tv8&label=ck5n8e38gn4h00835thzl2tps"},{"ID":"ck5n8edwtjbj00770hpd1dv1x","DataRow ID":"ck5mua79u9r640doq14uhbtth","Labeled Data":"https://storage.labelbox.com/ck5m7hol2ltok0843iolzs4yv%2Fd9aee9ae-fc9b-4e95-c85c-825cfef2a110-mgt013.jpg?Expires=1580812147501&KeyName=labelbox-assets-key-1&Signature=ZdGWltB8keKlHeYJ85yO65TQ0X0","Label":{"objects":[{"featureId":"ck5n8edee02jm0x75wnvaffb6","schemaId":"ck5mujd1kuamn0978cdze444s","title":"mgt","value":"mgt","color":"#FF0000","bbox":{"top":69,"left":13,"height":82,"width":206}}],"classifications":[]},"Created By":"jokekeh773@etopmail.com","Project Name":"mgt","Created At":"2020-01-21T02:00:24.000Z","Updated At":"2020-01-21T04:58:29.000Z","Seconds to Label":10.798000000000002,"External ID":"mgt013.jpg","Agreement":null,"Benchmark Agreement":null,"Benchmark ID":null,"Benchmark Reference ID":null,"Dataset Name":"mgt","Reviews":[],"View Label":"https://editor.labelbox.com?project=ck5muiyam2jtt0929rxyj8tv8&label=ck5n8edwtjbj00770hpd1dv1x"},{"ID":"ck5n8em3rn4ld0835k260wehw","DataRow ID":"ck5mua7a09r9o0doq47clb7ja","Labeled Data":"https://storage.labelbox.com/ck5m7hol2ltok0843iolzs4yv%2Fe4be2376-fbca-beb5-4531-234d934ab985-mgt045.jpg?Expires=1580812147501&KeyName=labelbox-assets-key-1&Signature=59cfF0J0td215SWvJfQjl82BVtg","Label":{"objects":[{"featureId":"ck5n8elpp02h70x8zynu5an9o","schemaId":"ck5mujd1kuamn0978cdze444s","title":"mgt","value":"mgt","color":"#FF0000","bbox":{"top":68,"left":15,"height":156,"width":158}}],"classifications":[]},"Created By":"jokekeh773@etopmail.com","Project Name":"mgt","Created At":"2020-01-21T02:00:34.000Z","Updated At":"2020-01-21T02:00:34.000Z","Seconds to Label":8.837,"External ID":"mgt045.jpg","Agreement":null,"Benchmark Agreement":null,"Benchmark ID":null,"Benchmark Reference ID":null,"Dataset Name":"mgt","Reviews":[],"View Label":"https://editor.labelbox.com?project=ck5muiyam2jtt0929rxyj8tv8&label=ck5n8em3rn4ld0835k260wehw"},{"ID":"ck5n8ertwn4mq0835301qo948","DataRow ID":"ck5mua7a39rd80doq6o698kzy","Labeled Data":"https://storage.labelbox.com/ck5m7hol2ltok0843iolzs4yv%2Ffa27a905-715a-4f5d-9970-f4fb7c004bc8-mgt077.jpg?Expires=1580812147501&KeyName=labelbox-assets-key-1&Signature=7pmkUZus0MiurGeXgIm2oMIsetE","Label":{"objects":[{"featureId":"ck5n8equv02fw0x8ri0avh6hu","schemaId":"ck5mujd1kuamn0978cdze444s","title":"mgt","value":"mgt","color":"#FF0000","bbox":{"top":25,"left":108,"height":185,"width":99}}],"classifications":[]},"Created By":"jokekeh773@etopmail.com","Project Name":"mgt","Created At":"2020-01-21T02:00:42.000Z","Updated At":"2020-01-21T04:58:17.000Z","Seconds to Label":6.255,"External ID":"mgt077.jpg","Agreement":null,"Benchmark Agreement":null,"Benchmark ID":null,"Benchmark Reference ID":null,"Dataset Name":"mgt","Reviews":[],"View Label":"https://editor.labelbox.com?project=ck5muiyam2jtt0929rxyj8tv8&label=ck5n8ertwn4mq0835301qo948"},{"ID":"ck5n8f7h117mq0989kqzj0tqr","DataRow ID":"ck5mua79u9r6g0doqd7w01t3w","Labeled Data":"https://storage.labelbox.com/ck5m7hol2ltok0843iolzs4yv%2Fb1b2d5c3-2f61-ab56-45e5-287def833cc2-mgt016.jpg?Expires=1580812147501&KeyName=labelbox-assets-key-1&Signature=vJh5Vj1fhLwUBq9pi-4F-pIL3SQ","Label":{"objects":[{"featureId":"ck5n8f6wz02hi0x8z2xmv9viv","schemaId":"ck5mujd1kuamn0978cdze444s","title":"mgt","value":"mgt","color":"#FF0000","bbox":{"top":107,"left":73,"height":96,"width":151}}],"classifications":[]},"Created By":"jokekeh773@etopmail.com","Project Name":"mgt","Created At":"2020-01-21T02:01:02.000Z","Updated At":"2020-01-21T04:58:06.000Z","Seconds to Label":21.107000000000003,"External ID":"mgt016.jpg","Agreement":null,"Benchmark Agreement":null,"Benchmark ID":null,"Benchmark Reference ID":null,"Dataset Name":"mgt","Reviews":[],"View Label":"https://editor.labelbox.com?project=ck5muiyam2jtt0929rxyj8tv8&label=ck5n8f7h117mq0989kqzj0tqr"},{"ID":"ck5n8fda27aau09524mmxvw7w","DataRow ID":"ck5mua7a09ra00doqdnnegper","Labeled Data":"https://storage.labelbox.com/ck5m7hol2ltok0843iolzs4yv%2F41b2c07c-d6bb-17fb-c4f4-b831878f7f5f-mgt048.jpg?Expires=1580812147501&KeyName=labelbox-assets-key-1&Signature=LYdXt3mWJ5TgV8VU8I8kZhpZrNs","Label":{"objects":[{"featureId":"ck5n8fd0402hn0x8zv6np0ac4","schemaId":"ck5mujd1kuamn0978cdze444s","title":"mgt","value":"mgt","color":"#FF0000","bbox":{"top":36,"left":87,"height":131,"width":89}}],"classifications":[]},"Created By":"jokekeh773@etopmail.com","Project Name":"mgt","Created At":"2020-01-21T02:01:10.000Z","Updated At":"2020-01-21T04:57:57.000Z","Seconds to Label":5.619,"External ID":"mgt048.jpg","Agreement":null,"Benchmark Agreement":null,"Benchmark ID":null,"Benchmark Reference ID":null,"Dataset Name":"mgt","Reviews":[],"View Label":"https://editor.labelbox.com?project=ck5muiyam2jtt0929rxyj8tv8&label=ck5n8fda27aau09524mmxvw7w"},{"ID":"ck5n8ftvmjbt50770q27sijxe","DataRow ID":"ck5mua7a49rdk0doq1d1ten1n","Labeled Data":"https://storage.labelbox.com/ck5m7hol2ltok0843iolzs4yv%2Fc4830412-7ad0-2272-63c2-9de9a8699bcb-mgt080.jpg?Expires=1580812147501&KeyName=labelbox-assets-key-1&Signature=hDoc6DFP-dOzkFAoBoOp2bIlqag","Label":{"objects":[{"featureId":"ck5n8fspg02gq0x8r04bg3vyw","schemaId":"ck5mujd1kuamn0978cdze444s","title":"mgt","value":"mgt","color":"#FF0000","bbox":{"top":69,"left":93,"height":37,"width":72}}],"classifications":[]},"Created By":"jokekeh773@etopmail.com","Project Name":"mgt","Created At":"2020-01-21T02:01:31.000Z","Updated At":"2020-01-21T04:57:51.000Z","Seconds to Label":11.236,"External ID":"mgt080.jpg","Agreement":null,"Benchmark Agreement":null,"Benchmark ID":null,"Benchmark Reference ID":null,"Dataset Name":"mgt","Reviews":[],"View Label":"https://editor.labelbox.com?project=ck5muiyam2jtt0929rxyj8tv8&label=ck5n8ftvmjbt50770q27sijxe"},{"ID":"ck5n8g1557cpe0929bdb8mhcs","DataRow ID":"ck5mua79v9r6s0doqcmvjd0p5","Labeled Data":"https://storage.labelbox.com/ck5m7hol2ltok0843iolzs4yv%2F663c7efc-525c-c7f6-ff54-4219c8721693-mgt019.jpg?Expires=1580812147502&KeyName=labelbox-assets-key-1&Signature=tmofUsHnWXbU--RS1RdxaL_h8Dc","Label":{"objects":[{"featureId":"ck5n8g0qh02i90x8z59z8xgg6","schemaId":"ck5mujd1kuamn0978cdze444s","title":"mgt","value":"mgt","color":"#FF0000","bbox":{"top":67,"left":0,"height":80,"width":224}}],"classifications":[]},"Created By":"jokekeh773@etopmail.com","Project Name":"mgt","Created At":"2020-01-21T02:01:41.000Z","Updated At":"2020-01-21T02:01:41.000Z","Seconds to Label":6.92,"External ID":"mgt019.jpg","Agreement":null,"Benchmark Agreement":null,"Benchmark ID":null,"Benchmark Reference ID":null,"Dataset Name":"mgt","Reviews":[],"View Label":"https://editor.labelbox.com?project=ck5muiyam2jtt0929rxyj8tv8&label=ck5n8g1557cpe0929bdb8mhcs"},{"ID":"ck5n8gqsh7an70952fyaniy3n","DataRow ID":"ck5mua7a19rac0doq8gde5yal","Labeled Data":"https://storage.labelbox.com/ck5m7hol2ltok0843iolzs4yv%2F617f2378-0774-eb1a-0755-ee4e726abe38-mgt051.jpg?Expires=1580812147502&KeyName=labelbox-assets-key-1&Signature=qOWaeZX7k899wg1CIisTbLbZo_E","Label":{"objects":[{"featureId":"ck5n8gqec02ip0x8zoo183m3e","schemaId":"ck5mujd1kuamn0978cdze444s","title":"mgt","value":"mgt","color":"#FF0000","bbox":{"top":59,"left":47,"height":107,"width":38}}],"classifications":[]},"Created By":"jokekeh773@etopmail.com","Project Name":"mgt","Created At":"2020-01-21T02:02:14.000Z","Updated At":"2020-01-21T04:57:41.000Z","Seconds to Label":9.39,"External ID":"mgt051.jpg","Agreement":null,"Benchmark Agreement":null,"Benchmark ID":null,"Benchmark Reference ID":null,"Dataset Name":"mgt","Reviews":[],"View Label":"https://editor.labelbox.com?project=ck5muiyam2jtt0929rxyj8tv8&label=ck5n8gqsh7an70952fyaniy3n"},{"ID":"ck5n8gvguz4au09784mv2b2rr","DataRow ID":"ck5mua7a49rdw0doq9436c6rl","Labeled Data":"https://storage.labelbox.com/ck5m7hol2ltok0843iolzs4yv%2F439055a3-3d50-e453-3387-6eb60772944f-mgt083.jpg?Expires=1580812147502&KeyName=labelbox-assets-key-1&Signature=hQRYO26tjAZcReorRzjNsHsIm04","Label":{"objects":[{"featureId":"ck5n8guxy02lc0x754n41v6sx","schemaId":"ck5mujd1kuamn0978cdze444s","title":"mgt","value":"mgt","color":"#FF0000","bbox":{"top":42,"left":63,"height":147,"width":161}}],"classifications":[]},"Created By":"jokekeh773@etopmail.com","Project Name":"mgt","Created At":"2020-01-21T02:02:20.000Z","Updated At":"2020-01-21T02:02:20.000Z","Seconds to Label":3.593,"External ID":"mgt083.jpg","Agreement":null,"Benchmark Agreement":null,"Benchmark ID":null,"Benchmark Reference ID":null,"Dataset Name":"mgt","Reviews":[],"View Label":"https://editor.labelbox.com?project=ck5muiyam2jtt0929rxyj8tv8&label=ck5n8gvguz4au09784mv2b2rr"},{"ID":"ck5n8h1u6z4cx0978jawhcjfr","DataRow ID":"ck5mua79v9r740doqfu319myq","Labeled Data":"https://storage.labelbox.com/ck5m7hol2ltok0843iolzs4yv%2F5ac90f8d-4e70-e198-e1d0-ef0fbfac0f84-mgt022.jpg?Expires=1580812147502&KeyName=labelbox-assets-key-1&Signature=h9m2YcHlXOAeTdDK5VBM47sFl8A","Label":{"objects":[{"featureId":"ck5n8h1jt02lg0x75i6kt6ote","schemaId":"ck5mujd1kuamn0978cdze444s","title":"mgt","value":"mgt","color":"#FF0000","bbox":{"top":60,"left":69,"height":91,"width":32}}],"classifications":[]},"Created By":"jokekeh773@etopmail.com","Project Name":"mgt","Created At":"2020-01-21T02:02:28.000Z","Updated At":"2020-01-21T02:02:28.000Z","Seconds to Label":6.208,"External ID":"mgt022.jpg","Agreement":null,"Benchmark Agreement":null,"Benchmark ID":null,"Benchmark Reference ID":null,"Dataset Name":"mgt","Reviews":[],"View Label":"https://editor.labelbox.com?project=ck5muiyam2jtt0929rxyj8tv8&label=ck5n8h1u6z4cx0978jawhcjfr"},{"ID":"ck5n8hbdon58a0835cha15tbv","DataRow ID":"ck5mua7a19rao0doq2kei7pbg","Labeled Data":"https://storage.labelbox.com/ck5m7hol2ltok0843iolzs4yv%2Fe40d4aea-d038-1a0d-2517-7d18638e3058-mgt054.jpg?Expires=1580812147502&KeyName=labelbox-assets-key-1&Signature=vqUl6Y1aFUkovlxJ0PI4KHEfTOY","Label":{"objects":[{"featureId":"ck5n8hb4n02hp0x8rqy1bgfi7","schemaId":"ck5mujd1kuamn0978cdze444s","title":"mgt","value":"mgt","color":"#FF0000","bbox":{"top":5,"left":106,"height":75,"width":118}}],"classifications":[]},"Created By":"jokekeh773@etopmail.com","Project Name":"mgt","Created At":"2020-01-21T02:02:40.000Z","Updated At":"2020-01-21T02:02:41.000Z","Seconds to Label":3.242,"External ID":"mgt054.jpg","Agreement":null,"Benchmark Agreement":null,"Benchmark ID":null,"Benchmark Reference ID":null,"Dataset Name":"mgt","Reviews":[],"View Label":"https://editor.labelbox.com?project=ck5muiyam2jtt0929rxyj8tv8&label=ck5n8hbdon58a0835cha15tbv"},{"ID":"ck5n8hhncz4fv0978ldoosnk2","DataRow ID":"ck5mua7a49re80doqdagyff2x","Labeled Data":"https://storage.labelbox.com/ck5m7hol2ltok0843iolzs4yv%2F632298e7-8075-5379-1ac8-20ac7010b8e7-mgt086.jpg?Expires=1580812147502&KeyName=labelbox-assets-key-1&Signature=nbZFsOIHTUKowkSTTsYPvFrya9w","Label":{"objects":[{"featureId":"ck5n8hhbq02hu0x8rwzdg1n81","schemaId":"ck5mujd1kuamn0978cdze444s","title":"mgt","value":"mgt","color":"#FF0000","bbox":{"top":82,"left":0,"height":100,"width":144}}],"classifications":[]},"Created By":"jokekeh773@etopmail.com","Project Name":"mgt","Created At":"2020-01-21T02:02:49.000Z","Updated At":"2020-01-21T04:57:24.000Z","Seconds to Label":7.266,"External ID":"mgt086.jpg","Agreement":null,"Benchmark Agreement":null,"Benchmark ID":null,"Benchmark Reference ID":null,"Dataset Name":"mgt","Reviews":[],"View Label":"https://editor.labelbox.com?project=ck5muiyam2jtt0929rxyj8tv8&label=ck5n8hhncz4fv0978ldoosnk2"},{"ID":"ck5n8iit4yqif0843jmpf4rd9","DataRow ID":"ck5mua79v9r7g0doq6w2abh7x","Labeled Data":"https://storage.labelbox.com/ck5m7hol2ltok0843iolzs4yv%2Ff4b3334d-83af-3ecf-879d-421a7ba1ce42-mgt025.jpg?Expires=1580812147502&KeyName=labelbox-assets-key-1&Signature=Addvv07tbUu7EBxX5HsWUGzaI7E","Label":{"objects":[{"featureId":"ck5n8iiep02ip0x8rhp4kshii","schemaId":"ck5mujd1kuamn0978cdze444s","title":"mgt","value":"mgt","color":"#FF0000","bbox":{"top":16,"left":7,"height":172,"width":212}}],"classifications":[]},"Created By":"jokekeh773@etopmail.com","Project Name":"mgt","Created At":"2020-01-21T02:03:37.000Z","Updated At":"2020-01-21T02:03:37.000Z","Seconds to Label":12.505,"External ID":"mgt025.jpg","Agreement":null,"Benchmark Agreement":null,"Benchmark ID":null,"Benchmark Reference ID":null,"Dataset Name":"mgt","Reviews":[],"View Label":"https://editor.labelbox.com?project=ck5muiyam2jtt0929rxyj8tv8&label=ck5n8iit4yqif0843jmpf4rd9"},{"ID":"ck5n8iso6n5ja08357jlul2z2","DataRow ID":"ck5mua7a19rb00doqeeaj7te7","Labeled Data":"https://storage.labelbox.com/ck5m7hol2ltok0843iolzs4yv%2Fb3e01cea-c2ba-e654-1244-94a42f4e0c10-mgt057.jpg?Expires=1580812147502&KeyName=labelbox-assets-key-1&Signature=ipbOQFz1pdTQhHyetxuommst5UE","Label":{"objects":[{"featureId":"ck5n8isb202n40x75vr3atwbs","schemaId":"ck5mujd1kuamn0978cdze444s","title":"mgt","value":"mgt","color":"#FF0000","bbox":{"top":60,"left":16,"height":90,"width":188}}],"classifications":[]},"Created By":"jokekeh773@etopmail.com","Project Name":"mgt","Created At":"2020-01-21T02:03:50.000Z","Updated At":"2020-01-21T02:03:50.000Z","Seconds to Label":9.56,"External ID":"mgt057.jpg","Agreement":null,"Benchmark Agreement":null,"Benchmark ID":null,"Benchmark Reference ID":null,"Dataset Name":"mgt","Reviews":[],"View Label":"https://editor.labelbox.com?project=ck5muiyam2jtt0929rxyj8tv8&label=ck5n8iso6n5ja08357jlul2z2"},{"ID":"ck5n8iz2rtfvc0a5697zlp3rd","DataRow ID":"ck5mua7a49rek0doqdw5ef96p","Labeled Data":"https://storage.labelbox.com/ck5m7hol2ltok0843iolzs4yv%2F0b606b89-bb92-2f71-6013-bd3fd79d8650-mgt089.jpg?Expires=1580812147502&KeyName=labelbox-assets-key-1&Signature=5lMFxqwrwI6gg1QVwilxQ4M1amw","Label":{"objects":[{"featureId":"ck5n8iytb02j00x8rbmpvqvlc","schemaId":"ck5mujd1kuamn0978cdze444s","title":"mgt","value":"mgt","color":"#FF0000","bbox":{"top":83,"left":3,"height":70,"width":214}}],"classifications":[]},"Created By":"jokekeh773@etopmail.com","Project Name":"mgt","Created At":"2020-01-21T02:03:58.000Z","Updated At":"2020-01-21T02:03:58.000Z","Seconds to Label":6.311,"External ID":"mgt089.jpg","Agreement":null,"Benchmark Agreement":null,"Benchmark ID":null,"Benchmark Reference ID":null,"Dataset Name":"mgt","Reviews":[],"View Label":"https://editor.labelbox.com?project=ck5muiyam2jtt0929rxyj8tv8&label=ck5n8iz2rtfvc0a5697zlp3rd"},{"ID":"ck5n8j52gyqnd08433vucznb8","DataRow ID":"ck5mua79v9r7s0doq3gg03klq","Labeled Data":"https://storage.labelbox.com/ck5m7hol2ltok0843iolzs4yv%2Ff7d60839-8353-abb0-886c-ca584e312b24-mgt028.jpg?Expires=1580812147502&KeyName=labelbox-assets-key-1&Signature=wBUfOmsvJW4ngQJNe7U8XogmJtE","Label":{"objects":[{"featureId":"ck5n8j4gh02kt0x8z2r84r013","schemaId":"ck5mujd1kuamn0978cdze444s","title":"mgt","value":"mgt","color":"#FF0000","bbox":{"top":1,"left":57,"height":206,"width":67}}],"classifications":[]},"Created By":"jokekeh773@etopmail.com","Project Name":"mgt","Created At":"2020-01-21T02:04:06.000Z","Updated At":"2020-01-21T04:57:06.000Z","Seconds to Label":7.573,"External ID":"mgt028.jpg","Agreement":null,"Benchmark Agreement":null,"Benchmark ID":null,"Benchmark Reference ID":null,"Dataset Name":"mgt","Reviews":[],"View Label":"https://editor.labelbox.com?project=ck5muiyam2jtt0929rxyj8tv8&label=ck5n8j52gyqnd08433vucznb8"},{"ID":"ck5n8jd4818kl0989hvpw96jd","DataRow ID":"ck5mua7a29rbc0doq8zk6gpb4","Labeled Data":"https://storage.labelbox.com/ck5m7hol2ltok0843iolzs4yv%2F146944e8-37fd-2d89-25f1-eccbd9858c1e-mgt060.jpg?Expires=1580812147502&KeyName=labelbox-assets-key-1&Signature=Q0bMVnSdu84aqQe79XjM-rM5OqE","Label":{"objects":[{"featureId":"ck5n8jcsy02jb0x8rm83w2p5u","schemaId":"ck5mujd1kuamn0978cdze444s","title":"mgt","value":"mgt","color":"#FF0000","bbox":{"top":65,"left":11,"height":82,"width":206}}],"classifications":[]},"Created By":"jokekeh773@etopmail.com","Project Name":"mgt","Created At":"2020-01-21T02:04:16.000Z","Updated At":"2020-01-21T04:56:53.000Z","Seconds to Label":9.763,"External ID":"mgt060.jpg","Agreement":null,"Benchmark Agreement":null,"Benchmark ID":null,"Benchmark Reference ID":null,"Dataset Name":"mgt","Reviews":[],"View Label":"https://editor.labelbox.com?project=ck5muiyam2jtt0929rxyj8tv8&label=ck5n8jd4818kl0989hvpw96jd"},{"ID":"ck5n8jjt118md0989ditjbyb3","DataRow ID":"ck5mua7a59rew0doq8j0scfjk","Labeled Data":"https://storage.labelbox.com/ck5m7hol2ltok0843iolzs4yv%2Fef02e126-5121-2aac-cc10-4dcf0b4f292b-mgt092.jpg?Expires=1580812147502&KeyName=labelbox-assets-key-1&Signature=1T_hTFo453jSi7vlyP9-JzczFMU","Label":{"objects":[{"featureId":"ck5n8jj8o02jh0x8rxaw2qbjj","schemaId":"ck5mujd1kuamn0978cdze444s","title":"mgt","value":"mgt","color":"#FF0000","bbox":{"top":100,"left":20,"height":82,"width":204}}],"classifications":[]},"Created By":"jokekeh773@etopmail.com","Project Name":"mgt","Created At":"2020-01-21T02:04:25.000Z","Updated At":"2020-01-21T02:04:25.000Z","Seconds to Label":5.179,"External ID":"mgt092.jpg","Agreement":null,"Benchmark Agreement":null,"Benchmark ID":null,"Benchmark Reference ID":null,"Dataset Name":"mgt","Reviews":[],"View Label":"https://editor.labelbox.com?project=ck5muiyam2jtt0929rxyj8tv8&label=ck5n8jjt118md0989ditjbyb3"},{"ID":"ck5n8xx04tj6p0a56vwiyqbxw","DataRow ID":"ck5mua79w9r840doqekua6wl5","Labeled Data":"https://storage.labelbox.com/ck5m7hol2ltok0843iolzs4yv%2F5d3f249c-54f8-488a-4798-5616601c0e10-mgt031.jpg?Expires=1580812147502&KeyName=labelbox-assets-key-1&Signature=QwefMUpbPRB-PaEC9zFB71TQi6I","Label":{"objects":[{"featureId":"ck5n8xvv802vo0x8z5djs7kiz","schemaId":"ck5mujd1kuamn0978cdze444s","title":"mgt","value":"mgt","color":"#FF0000","bbox":{"top":0,"left":32,"height":196,"width":90}}],"classifications":[]},"Created By":"jokekeh773@etopmail.com","Project Name":"mgt","Created At":"2020-01-21T02:15:35.000Z","Updated At":"2020-01-21T04:56:43.000Z","Seconds to Label":666.1080000000001,"External ID":"mgt031.jpg","Agreement":null,"Benchmark Agreement":null,"Benchmark ID":null,"Benchmark Reference ID":null,"Dataset Name":"mgt","Reviews":[],"View Label":"https://editor.labelbox.com?project=ck5muiyam2jtt0929rxyj8tv8&label=ck5n8xx04tj6p0a56vwiyqbxw"},{"ID":"ck5n8y2dan8qf08358fnn3s93","DataRow ID":"ck5mua7a29rbo0doqeo2yhpto","Labeled Data":"https://storage.labelbox.com/ck5m7hol2ltok0843iolzs4yv%2Fe05e8f96-a770-0f84-7b7d-76f3ab9c3459-mgt063.jpg?Expires=1580812147502&KeyName=labelbox-assets-key-1&Signature=je8GlDk_5IJVDeMAR-JTyvrwOUk","Label":{"objects":[{"featureId":"ck5n8y23r02tt0x8rp7nd4ual","schemaId":"ck5mujd1kuamn0978cdze444s","title":"mgt","value":"mgt","color":"#FF0000","bbox":{"top":81,"left":3,"height":63,"width":211}}],"classifications":[]},"Created By":"jokekeh773@etopmail.com","Project Name":"mgt","Created At":"2020-01-21T02:15:42.000Z","Updated At":"2020-01-21T04:56:37.000Z","Seconds to Label":5.8340000000000005,"External ID":"mgt063.jpg","Agreement":null,"Benchmark Agreement":null,"Benchmark ID":null,"Benchmark Reference ID":null,"Dataset Name":"mgt","Reviews":[],"View Label":"https://editor.labelbox.com?project=ck5muiyam2jtt0929rxyj8tv8&label=ck5n8y2dan8qf08358fnn3s93"},{"ID":"ck5n8y9inytyy0843w8odbuek","DataRow ID":"ck5mua7a59rf80doqck894epv","Labeled Data":"https://storage.labelbox.com/ck5m7hol2ltok0843iolzs4yv%2Ff9cdc1b2-34b8-98a4-260b-da52374eaea7-mgt095.jpeg?Expires=1580812147502&KeyName=labelbox-assets-key-1&Signature=DqgahfaEeGE_ZhpvJErwOutYd04","Label":{"objects":[{"featureId":"ck5n8y98402vu0x8zalm1ghk3","schemaId":"ck5mujd1kuamn0978cdze444s","title":"mgt","value":"mgt","color":"#FF0000","bbox":{"top":53,"left":21,"height":108,"width":191}}],"classifications":[]},"Created By":"jokekeh773@etopmail.com","Project Name":"mgt","Created At":"2020-01-21T02:15:51.000Z","Updated At":"2020-01-21T04:56:29.000Z","Seconds to Label":8.672,"External ID":"mgt095.jpeg","Agreement":null,"Benchmark Agreement":null,"Benchmark ID":null,"Benchmark Reference ID":null,"Dataset Name":"mgt","Reviews":[],"View Label":"https://editor.labelbox.com?project=ck5muiyam2jtt0929rxyj8tv8&label=ck5n8y9inytyy0843w8odbuek"},{"ID":"ck5n8yfap1bto098965h797zp","DataRow ID":"ck5mua79p9r4w0doqc5i0gk50","Labeled Data":"https://storage.labelbox.com/ck5m7hol2ltok0843iolzs4yv%2F416a1a24-85e3-c236-769f-6555c1d33019-mgt002.jpg?Expires=1580812147502&KeyName=labelbox-assets-key-1&Signature=FD_OjLdwIqa_LeaYL04YRdDUxhk","Label":{"objects":[{"featureId":"ck5n8yet002xw0x752ziz1cm6","schemaId":"ck5mujd1kuamn0978cdze444s","title":"mgt","value":"mgt","color":"#FF0000","bbox":{"top":32,"left":5,"height":180,"width":210}}],"classifications":[]},"Created By":"jokekeh773@etopmail.com","Project Name":"mgt","Created At":"2020-01-21T02:15:59.000Z","Updated At":"2020-01-21T02:15:59.000Z","Seconds to Label":5.185,"External ID":"mgt002.jpg","Agreement":null,"Benchmark Agreement":null,"Benchmark ID":null,"Benchmark Reference ID":null,"Dataset Name":"mgt","Reviews":[],"View Label":"https://editor.labelbox.com?project=ck5muiyam2jtt0929rxyj8tv8&label=ck5n8yfap1bto098965h797zp"},{"ID":"ck5n8ykt47ej80952tpp6sgv3","DataRow ID":"ck5mua79w9r8g0doqaqjff1tc","Labeled Data":"https://storage.labelbox.com/ck5m7hol2ltok0843iolzs4yv%2Fd3e4c574-55f2-4f76-32df-9c1d90f2015e-mgt034.jpg?Expires=1580812147502&KeyName=labelbox-assets-key-1&Signature=FCZOneCn_6_XIYAFvoMgRPNq9ts","Label":{"objects":[{"featureId":"ck5n8ykjk02vz0x8z86rqkjn9","schemaId":"ck5mujd1kuamn0978cdze444s","title":"mgt","value":"mgt","color":"#FF0000","bbox":{"top":97,"left":14,"height":69,"width":192}}],"classifications":[]},"Created By":"jokekeh773@etopmail.com","Project Name":"mgt","Created At":"2020-01-21T02:16:06.000Z","Updated At":"2020-01-21T04:56:14.000Z","Seconds to Label":5.579,"External ID":"mgt034.jpg","Agreement":null,"Benchmark Agreement":null,"Benchmark ID":null,"Benchmark Reference ID":null,"Dataset Name":"mgt","Reviews":[],"View Label":"https://editor.labelbox.com?project=ck5muiyam2jtt0929rxyj8tv8&label=ck5n8ykt47ej80952tpp6sgv3"},{"ID":"ck5n8yotvjfon0770gyrq7cxe","DataRow ID":"ck5mua7a29rc00doq71zf2rh8","Labeled Data":"https://storage.labelbox.com/ck5m7hol2ltok0843iolzs4yv%2F826ca21f-0313-65e2-8055-c42d8d3ce0a3-mgt066.jpg?Expires=1580812147502&KeyName=labelbox-assets-key-1&Signature=0sqSLzk0zX2yu7BDL2MDhPLFP7Y","Label":{"objects":[{"featureId":"ck5n8yoas02w10x8zj8mitjog","schemaId":"ck5mujd1kuamn0978cdze444s","title":"mgt","value":"mgt","color":"#FF0000","bbox":{"top":20,"left":70,"height":135,"width":154}}],"classifications":[]},"Created By":"jokekeh773@etopmail.com","Project Name":"mgt","Created At":"2020-01-21T02:16:11.000Z","Updated At":"2020-01-21T04:56:07.000Z","Seconds to Label":6.6080000000000005,"External ID":"mgt066.jpg","Agreement":null,"Benchmark Agreement":null,"Benchmark ID":null,"Benchmark Reference ID":null,"Dataset Name":"mgt","Reviews":[],"View Label":"https://editor.labelbox.com?project=ck5muiyam2jtt0929rxyj8tv8&label=ck5n8yotvjfon0770gyrq7cxe"},{"ID":"ck5n8yut1z8740978lillke7k","DataRow ID":"ck5mua7a59rfk0doq7h021fpo","Labeled Data":"https://storage.labelbox.com/ck5m7hol2ltok0843iolzs4yv%2F2bf61b86-dd3a-0759-e6de-e6394a105805-mgt098.jpg?Expires=1580812147502&KeyName=labelbox-assets-key-1&Signature=PtrDsvFLDSOvevS_dbcbXLQ7hNE","Label":{"objects":[{"featureId":"ck5n8yuhd02w50x8zu5bu789p","schemaId":"ck5mujd1kuamn0978cdze444s","title":"mgt","value":"mgt","color":"#FF0000","bbox":{"top":54,"left":30,"height":124,"width":194}}],"classifications":[]},"Created By":"jokekeh773@etopmail.com","Project Name":"mgt","Created At":"2020-01-21T02:16:19.000Z","Updated At":"2020-01-21T04:55:58.000Z","Seconds to Label":8.105,"External ID":"mgt098.jpg","Agreement":null,"Benchmark Agreement":null,"Benchmark ID":null,"Benchmark Reference ID":null,"Dataset Name":"mgt","Reviews":[],"View Label":"https://editor.labelbox.com?project=ck5muiyam2jtt0929rxyj8tv8&label=ck5n8yut1z8740978lillke7k"},{"ID":"ck5n8z2rs1byv0989qhluntvo","DataRow ID":"ck5mua79p9r580doq46r5h5h0","Labeled Data":"https://storage.labelbox.com/ck5m7hol2ltok0843iolzs4yv%2Ff9f4bda8-d0ef-2c60-9f3e-63cf7f6aac09-mgt005.jpg?Expires=1580812147502&KeyName=labelbox-assets-key-1&Signature=-kpVCPwX15-f55SAXRsnx4J8Xzs","Label":{"objects":[{"featureId":"ck5n8z2jn02wc0x8zfoicvoqo","schemaId":"ck5mujd1kuamn0978cdze444s","title":"mgt","value":"mgt","color":"#FF0000","bbox":{"top":107,"left":9,"height":71,"width":209}}],"classifications":[]},"Created By":"jokekeh773@etopmail.com","Project Name":"mgt","Created At":"2020-01-21T02:16:29.000Z","Updated At":"2020-01-21T04:55:51.000Z","Seconds to Label":9.986999999999998,"External ID":"mgt005.jpg","Agreement":null,"Benchmark Agreement":null,"Benchmark ID":null,"Benchmark Reference ID":null,"Dataset Name":"mgt","Reviews":[],"View Label":"https://editor.labelbox.com?project=ck5muiyam2jtt0929rxyj8tv8&label=ck5n8z2rs1byv0989qhluntvo"},{"ID":"ck5n8z7si1bzq0989ju4hy254","DataRow ID":"ck5mua79w9r8s0doqa1rqcl76","Labeled Data":"https://storage.labelbox.com/ck5m7hol2ltok0843iolzs4yv%2F74ebdd78-4fa1-bc38-0036-2dc8aed77fcc-mgt037.jpg?Expires=1580812147503&KeyName=labelbox-assets-key-1&Signature=2v7xfnnpLK6UfM1StqrlQ3nBykQ","Label":{"objects":[{"featureId":"ck5n8z7gd02y80x75pgarewy7","schemaId":"ck5mujd1kuamn0978cdze444s","title":"mgt","value":"mgt","color":"#FF0000","bbox":{"top":19,"left":39,"height":185,"width":105}}],"classifications":[]},"Created By":"jokekeh773@etopmail.com","Project Name":"mgt","Created At":"2020-01-21T02:16:36.000Z","Updated At":"2020-01-21T04:55:45.000Z","Seconds to Label":6.475,"External ID":"mgt037.jpg","Agreement":null,"Benchmark Agreement":null,"Benchmark ID":null,"Benchmark Reference ID":null,"Dataset Name":"mgt","Reviews":[],"View Label":"https://editor.labelbox.com?project=ck5muiyam2jtt0929rxyj8tv8&label=ck5n8z7si1bzq0989ju4hy254"},{"ID":"ck5n8ze607eq40952fk4lvurg","DataRow ID":"ck5mua7a29rcc0doq1fm21jc1","Labeled Data":"https://storage.labelbox.com/ck5m7hol2ltok0843iolzs4yv%2Fb653c6a9-225f-5609-0b57-f72c004b85bc-mgt069.jpg?Expires=1580812147503&KeyName=labelbox-assets-key-1&Signature=wpXU-fvcsW9tJ2wpVIqfL0O4-40","Label":{"objects":[{"featureId":"ck5n8zdu102wh0x8zcadnabu2","schemaId":"ck5mujd1kuamn0978cdze444s","title":"mgt","value":"mgt","color":"#FF0000","bbox":{"top":68,"left":14,"height":84,"width":207}}],"classifications":[]},"Created By":"jokekeh773@etopmail.com","Project Name":"mgt","Created At":"2020-01-21T02:16:44.000Z","Updated At":"2020-01-21T02:16:44.000Z","Seconds to Label":6.371,"External ID":"mgt069.jpg","Agreement":null,"Benchmark Agreement":null,"Benchmark ID":null,"Benchmark Reference ID":null,"Dataset Name":"mgt","Reviews":[],"View Label":"https://editor.labelbox.com?project=ck5muiyam2jtt0929rxyj8tv8&label=ck5n8ze607eq40952fk4lvurg"},{"ID":"ck5n8zj6uyu7i08432pgx764g","DataRow ID":"ck5mua79q9r5k0doqb4m20pgu","Labeled Data":"https://storage.labelbox.com/ck5m7hol2ltok0843iolzs4yv%2F092914a7-c6e2-ab99-fc1d-8f3c950a4ba5-mgt008.jpg?Expires=1580812147503&KeyName=labelbox-assets-key-1&Signature=xLwaQcVcRsUlQCOHYoYJHEsDWBI","Label":{"objects":[{"featureId":"ck5n8zid002ut0x8riox9pwjk","schemaId":"ck5mujd1kuamn0978cdze444s","title":"mgt","value":"mgt","color":"#FF0000","bbox":{"top":26,"left":11,"height":198,"width":127}}],"classifications":[]},"Created By":"jokekeh773@etopmail.com","Project Name":"mgt","Created At":"2020-01-21T02:16:50.000Z","Updated At":"2020-01-21T04:55:35.000Z","Seconds to Label":6.2829999999999995,"External ID":"mgt008.jpg","Agreement":null,"Benchmark Agreement":null,"Benchmark ID":null,"Benchmark Reference ID":null,"Dataset Name":"mgt","Reviews":[],"View Label":"https://editor.labelbox.com?project=ck5muiyam2jtt0929rxyj8tv8&label=ck5n8zj6uyu7i08432pgx764g"},{"ID":"ck5n8zpvfjfyj07709se4dbzu","DataRow ID":"ck5mua79w9r940doqfj7d1c4q","Labeled Data":"https://storage.labelbox.com/ck5m7hol2ltok0843iolzs4yv%2Fed1d9a23-5c10-2662-1829-606043b2cfec-mgt040.jpg?Expires=1580812147503&KeyName=labelbox-assets-key-1&Signature=T9xWUpO83uL4YfaK1rJTsHWahWk","Label":{"objects":[{"featureId":"ck5n8zpd102uy0x8riiy3krcg","schemaId":"ck5mujd1kuamn0978cdze444s","title":"mgt","value":"mgt","color":"#FF0000","bbox":{"top":77,"left":62,"height":84,"width":129}}],"classifications":[]},"Created By":"jokekeh773@etopmail.com","Project Name":"mgt","Created At":"2020-01-21T02:16:59.000Z","Updated At":"2020-01-21T02:16:59.000Z","Seconds to Label":6.371,"External ID":"mgt040.jpg","Agreement":null,"Benchmark Agreement":null,"Benchmark ID":null,"Benchmark Reference ID":null,"Dataset Name":"mgt","Reviews":[],"View Label":"https://editor.labelbox.com?project=ck5muiyam2jtt0929rxyj8tv8&label=ck5n8zpvfjfyj07709se4dbzu"},{"ID":"ck5n8zwerjfzv0770snll545a","DataRow ID":"ck5mua7a39rco0doq9e3g2uxv","Labeled Data":"https://storage.labelbox.com/ck5m7hol2ltok0843iolzs4yv%2Feb3057d0-7b7e-2b08-f1fa-528c878788e6-mgt072.jpg?Expires=1580812147503&KeyName=labelbox-assets-key-1&Signature=6aGGE0wP9TeNz7Bp-5BITEMqdKg","Label":{"objects":[{"featureId":"ck5n8zw6x02yl0x75e34lgr0w","schemaId":"ck5mujd1kuamn0978cdze444s","title":"mgt","value":"mgt","color":"#FF0000","bbox":{"top":3,"left":1,"height":217,"width":223}}],"classifications":[]},"Created By":"jokekeh773@etopmail.com","Project Name":"mgt","Created At":"2020-01-21T02:17:08.000Z","Updated At":"2020-01-21T02:17:08.000Z","Seconds to Label":5.985,"External ID":"mgt072.jpg","Agreement":null,"Benchmark Agreement":null,"Benchmark ID":null,"Benchmark Reference ID":null,"Dataset Name":"mgt","Reviews":[],"View Label":"https://editor.labelbox.com?project=ck5muiyam2jtt0929rxyj8tv8&label=ck5n8zwerjfzv0770snll545a"},{"ID":"ck5n900uyyubq08434q4jcnc9","DataRow ID":"ck5mua79q9r5w0doqdb4chtpj","Labeled Data":"https://storage.labelbox.com/ck5m7hol2ltok0843iolzs4yv%2Fc2d9e616-f10a-9f46-6c98-4ddb676cf3c0-mgt011.jpg?Expires=1580812147503&KeyName=labelbox-assets-key-1&Signature=y-uea-oHPcMqmzzqCx4oEt1tdvk","Label":{"objects":[{"featureId":"ck5n8zzz202yn0x75m1lc8x1a","schemaId":"ck5mujd1kuamn0978cdze444s","title":"mgt","value":"mgt","color":"#FF0000","bbox":{"top":106,"left":57,"height":29,"width":71}}],"classifications":[]},"Created By":"jokekeh773@etopmail.com","Project Name":"mgt","Created At":"2020-01-21T02:17:13.000Z","Updated At":"2020-01-21T04:55:17.000Z","Seconds to Label":6.364999999999999,"External ID":"mgt011.jpg","Agreement":null,"Benchmark Agreement":null,"Benchmark ID":null,"Benchmark Reference ID":null,"Dataset Name":"mgt","Reviews":[],"View Label":"https://editor.labelbox.com?project=ck5muiyam2jtt0929rxyj8tv8&label=ck5n900uyyubq08434q4jcnc9"},{"ID":"ck5n908z47ezm09525pg3atrh","DataRow ID":"ck5mua79w9r9g0doqhvix48z3","Labeled Data":"https://storage.labelbox.com/ck5m7hol2ltok0843iolzs4yv%2F91901dab-dc5f-c2c8-2923-a688fe2e06b8-mgt043.jpg?Expires=1580812147503&KeyName=labelbox-assets-key-1&Signature=RjXs9MSWyXydIZO_Lar3xRisnHI","Label":{"objects":[{"featureId":"ck5n908p202yq0x75mxzjlw2t","schemaId":"ck5mujd1kuamn0978cdze444s","title":"mgt","value":"mgt","color":"#FF0000","bbox":{"top":2,"left":22,"height":220,"width":179}}],"classifications":[]},"Created By":"jokekeh773@etopmail.com","Project Name":"mgt","Created At":"2020-01-21T02:17:24.000Z","Updated At":"2020-01-21T04:55:07.000Z","Seconds to Label":10.953,"External ID":"mgt043.jpg","Agreement":null,"Benchmark Agreement":null,"Benchmark ID":null,"Benchmark Reference ID":null,"Dataset Name":"mgt","Reviews":[],"View Label":"https://editor.labelbox.com?project=ck5muiyam2jtt0929rxyj8tv8&label=ck5n908z47ezm09525pg3atrh"},{"ID":"ck5n90mzxtjvo0a563meom94k","DataRow ID":"ck5mua7a39rd00doqg68ub302","Labeled Data":"https://storage.labelbox.com/ck5m7hol2ltok0843iolzs4yv%2Fc7dab6e1-0a12-a650-c9e3-958baf75641a-mgt075.jpg?Expires=1580812147503&KeyName=labelbox-assets-key-1&Signature=hcKwy1oFfvV1zypBwSmBVZuaaJE","Label":{"objects":[{"featureId":"ck5n90mgp02yw0x75u680eqde","schemaId":"ck5mujd1kuamn0978cdze444s","title":"mgt","value":"mgt","color":"#FF0000","bbox":{"top":54,"left":29,"height":125,"width":195}}],"classifications":[]},"Created By":"jokekeh773@etopmail.com","Project Name":"mgt","Created At":"2020-01-21T02:17:42.000Z","Updated At":"2020-01-21T02:17:42.000Z","Seconds to Label":15.925,"External ID":"mgt075.jpg","Agreement":null,"Benchmark Agreement":null,"Benchmark ID":null,"Benchmark Reference ID":null,"Dataset Name":"mgt","Reviews":[],"View Label":"https://editor.labelbox.com?project=ck5muiyam2jtt0929rxyj8tv8&label=ck5n90mzxtjvo0a563meom94k"},{"ID":"ck5n91ou6tk4w0a569kngeohu","DataRow ID":"ck5mua79u9r680doqehefazsm","Labeled Data":"https://storage.labelbox.com/ck5m7hol2ltok0843iolzs4yv%2F6e669d0f-ed7b-293e-7a45-2b3ef7a7b4dd-mgt014.jpg?Expires=1580812147504&KeyName=labelbox-assets-key-1&Signature=1EovS-wTaUiF4BI37KKDmAnz-Ps","Label":{"objects":[{"featureId":"ck5n91ofx02zj0x754bziob8i","schemaId":"ck5mujd1kuamn0978cdze444s","title":"mgt","value":"mgt","color":"#FF0000","bbox":{"top":38,"left":21,"height":136,"width":142}}],"classifications":[]},"Created By":"jokekeh773@etopmail.com","Project Name":"mgt","Created At":"2020-01-21T02:18:31.000Z","Updated At":"2020-01-21T04:54:51.000Z","Seconds to Label":6.1659999999999995,"External ID":"mgt014.jpg","Agreement":null,"Benchmark Agreement":null,"Benchmark ID":null,"Benchmark Reference ID":null,"Dataset Name":"mgt","Reviews":[],"View Label":"https://editor.labelbox.com?project=ck5muiyam2jtt0929rxyj8tv8&label=ck5n91ou6tk4w0a569kngeohu"},{"ID":"ck5n91vcptk6g0a56t7ee7wvi","DataRow ID":"ck5mua7a09r9s0doqfwk8hxfz","Labeled Data":"https://storage.labelbox.com/ck5m7hol2ltok0843iolzs4yv%2F13b75f61-a836-abe9-6c4f-008916c675de-mgt046.jpg?Expires=1580812147504&KeyName=labelbox-assets-key-1&Signature=oKR8RLGLGws3fiaDM__5noVNcg0","Label":{"objects":[{"featureId":"ck5n91v2e02zo0x75mjwqjeep","schemaId":"ck5mujd1kuamn0978cdze444s","title":"mgt","value":"mgt","color":"#FF0000","bbox":{"top":98,"left":16,"height":58,"width":187}}],"classifications":[]},"Created By":"jokekeh773@etopmail.com","Project Name":"mgt","Created At":"2020-01-21T02:18:39.000Z","Updated At":"2020-01-21T04:54:44.000Z","Seconds to Label":7.119,"External ID":"mgt046.jpg","Agreement":null,"Benchmark Agreement":null,"Benchmark ID":null,"Benchmark Reference ID":null,"Dataset Name":"mgt","Reviews":[],"View Label":"https://editor.labelbox.com?project=ck5muiyam2jtt0929rxyj8tv8&label=ck5n91vcptk6g0a56t7ee7wvi"},{"ID":"ck5n920umyure0843ti5q1n8h","DataRow ID":"ck5mua7a39rdc0doq18pa90sg","Labeled Data":"https://storage.labelbox.com/ck5m7hol2ltok0843iolzs4yv%2F75862544-98cc-d683-e8e1-30af4a03aafc-mgt078.jpg?Expires=1580812147505&KeyName=labelbox-assets-key-1&Signature=xRldRUYW0aeCAz-km6h0EmqKM-s","Label":{"objects":[{"featureId":"ck5n920lr02wa0x8rlmddpydb","schemaId":"ck5mujd1kuamn0978cdze444s","title":"mgt","value":"mgt","color":"#FF0000","bbox":{"top":62,"left":15,"height":112,"width":201}}],"classifications":[]},"Created By":"jokekeh773@etopmail.com","Project Name":"mgt","Created At":"2020-01-21T02:18:47.000Z","Updated At":"2020-01-21T04:54:38.000Z","Seconds to Label":6.789000000000001,"External ID":"mgt078.jpg","Agreement":null,"Benchmark Agreement":null,"Benchmark ID":null,"Benchmark Reference ID":null,"Dataset Name":"mgt","Reviews":[],"View Label":"https://editor.labelbox.com?project=ck5muiyam2jtt0929rxyj8tv8&label=ck5n920umyure0843ti5q1n8h"},{"ID":"ck5n929zv7haw09296doeb1iw","DataRow ID":"ck5mua79v9r6k0doqab331bka","Labeled Data":"https://storage.labelbox.com/ck5m7hol2ltok0843iolzs4yv%2Ff05dc2eb-cc7d-0ab9-ba17-0c893ad80a6f-mgt017.jpg?Expires=1580812147505&KeyName=labelbox-assets-key-1&Signature=86GYV2eVnladlGL05IuhTI2Zfw8","Label":{"objects":[{"featureId":"ck5n929pq02z10x8zwl8a57qt","schemaId":"ck5mujd1kuamn0978cdze444s","title":"mgt","value":"mgt","color":"#FF0000","bbox":{"top":6,"left":36,"height":129,"width":174}}],"classifications":[]},"Created By":"jokekeh773@etopmail.com","Project Name":"mgt","Created At":"2020-01-21T02:18:58.000Z","Updated At":"2020-01-21T04:54:30.000Z","Seconds to Label":8.714,"External ID":"mgt017.jpg","Agreement":null,"Benchmark Agreement":null,"Benchmark ID":null,"Benchmark Reference ID":null,"Dataset Name":"mgt","Reviews":[],"View Label":"https://editor.labelbox.com?project=ck5muiyam2jtt0929rxyj8tv8&label=ck5n929zv7haw09296doeb1iw"},{"ID":"ck5n92i7cyuxq0843kryirnqu","DataRow ID":"ck5mua7a09ra40doq6ozx4f57","Labeled Data":"https://storage.labelbox.com/ck5m7hol2ltok0843iolzs4yv%2Fc5c49616-2cb1-8f0e-ed5a-6d75ed68f45b-mgt049.jpg?Expires=1580812147505&KeyName=labelbox-assets-key-1&Signature=XCf2jub6Zcvro3hv1zjXfvh42vo","Label":{"objects":[{"featureId":"ck5n92h6g02wk0x8rqvfbf1ur","schemaId":"ck5mujd1kuamn0978cdze444s","title":"mgt","value":"mgt","color":"#FF0000","bbox":{"top":171,"left":77,"height":20,"width":54}}],"classifications":[]},"Created By":"jokekeh773@etopmail.com","Project Name":"mgt","Created At":"2020-01-21T02:19:09.000Z","Updated At":"2020-01-21T04:54:22.000Z","Seconds to Label":2.579,"External ID":"mgt049.jpg","Agreement":null,"Benchmark Agreement":null,"Benchmark ID":null,"Benchmark Reference ID":null,"Dataset Name":"mgt","Reviews":[],"View Label":"https://editor.labelbox.com?project=ck5muiyam2jtt0929rxyj8tv8&label=ck5n92i7cyuxq0843kryirnqu"},{"ID":"ck5n92pe2z8yg0978ywgz3sn1","DataRow ID":"ck5mua7a49rdo0doqaogk5agh","Labeled Data":"https://storage.labelbox.com/ck5m7hol2ltok0843iolzs4yv%2F264b0d9e-2cd5-e314-2fd2-a4293cf4bd7c-mgt081.jpg?Expires=1580812147505&KeyName=labelbox-assets-key-1&Signature=Q9AHwVuq0O8eUTUi6xAxZtAEowk","Label":{"objects":[{"featureId":"ck5n92p4g02za0x8zdncdzarj","schemaId":"ck5mujd1kuamn0978cdze444s","title":"mgt","value":"mgt","color":"#FF0000","bbox":{"top":163,"left":27,"height":16,"width":39}}],"classifications":[]},"Created By":"jokekeh773@etopmail.com","Project Name":"mgt","Created At":"2020-01-21T02:19:18.000Z","Updated At":"2020-01-21T04:54:16.000Z","Seconds to Label":7.75,"External ID":"mgt081.jpg","Agreement":null,"Benchmark Agreement":null,"Benchmark ID":null,"Benchmark Reference ID":null,"Dataset Name":"mgt","Reviews":[],"View Label":"https://editor.labelbox.com?project=ck5muiyam2jtt0929rxyj8tv8&label=ck5n92pe2z8yg0978ywgz3sn1"},{"ID":"ck5n92sstn9v20835zxp3fqfb","DataRow ID":"ck5mua79v9r6w0doq0yfd5ml7","Labeled Data":"https://storage.labelbox.com/ck5m7hol2ltok0843iolzs4yv%2Fc55c0c1a-5195-cae9-b84e-c923b95992e3-mgt020.jpg?Expires=1580812147505&KeyName=labelbox-assets-key-1&Signature=JKnV8xQV9NyvDCVh18n6ERZ5dZ0","Label":{"objects":[{"featureId":"ck5n92si9030i0x75zpgy8su0","schemaId":"ck5mujd1kuamn0978cdze444s","title":"mgt","value":"mgt","color":"#FF0000","bbox":{"top":52,"left":99,"height":168,"width":34}}],"classifications":[]},"Created By":"jokekeh773@etopmail.com","Project Name":"mgt","Created At":"2020-01-21T02:19:23.000Z","Updated At":"2020-01-21T04:54:07.000Z","Seconds to Label":4.255,"External ID":"mgt020.jpg","Agreement":null,"Benchmark Agreement":null,"Benchmark ID":null,"Benchmark Reference ID":null,"Dataset Name":"mgt","Reviews":[],"View Label":"https://editor.labelbox.com?project=ck5muiyam2jtt0929rxyj8tv8&label=ck5n92sstn9v20835zxp3fqfb"},{"ID":"ck5n92xe17fl209521pxvi6ab","DataRow ID":"ck5mua7a19rag0doq855nd8ex","Labeled Data":"https://storage.labelbox.com/ck5m7hol2ltok0843iolzs4yv%2F7081eaae-0e1b-822f-d906-789eae908474-mgt052.jpg?Expires=1580812147505&KeyName=labelbox-assets-key-1&Signature=0N08jIfxF6ptVxC86EhNWORsAXc","Label":{"objects":[{"featureId":"ck5n92wwu030l0x750papin0u","schemaId":"ck5mujd1kuamn0978cdze444s","title":"mgt","value":"mgt","color":"#FF0000","bbox":{"top":99,"left":35,"height":89,"width":71}}],"classifications":[]},"Created By":"jokekeh773@etopmail.com","Project Name":"mgt","Created At":"2020-01-21T02:19:29.000Z","Updated At":"2020-01-21T02:19:29.000Z","Seconds to Label":2.646,"External ID":"mgt052.jpg","Agreement":null,"Benchmark Agreement":null,"Benchmark ID":null,"Benchmark Reference ID":null,"Dataset Name":"mgt","Reviews":[],"View Label":"https://editor.labelbox.com?project=ck5muiyam2jtt0929rxyj8tv8&label=ck5n92xe17fl209521pxvi6ab"},{"ID":"ck5n934vajh7p0770tdp1q46r","DataRow ID":"ck5mua7a49re00doq3sh93zy6","Labeled Data":"https://storage.labelbox.com/ck5m7hol2ltok0843iolzs4yv%2F3681b78e-1e13-867b-e0db-1bba9fda3e03-mgt084.jpg?Expires=1580812147505&KeyName=labelbox-assets-key-1&Signature=1HZGURcvIvakB-wwk0xjM2xJ99g","Label":{"objects":[{"featureId":"ck5n933vt02zo0x8z8h8g1dui","schemaId":"ck5mujd1kuamn0978cdze444s","title":"mgt","value":"mgt","color":"#FF0000","bbox":{"top":114,"left":36,"height":34,"width":114}}],"classifications":[]},"Created By":"jokekeh773@etopmail.com","Project Name":"mgt","Created At":"2020-01-21T02:19:38.000Z","Updated At":"2020-01-21T02:19:39.000Z","Seconds to Label":6.569,"External ID":"mgt084.jpg","Agreement":null,"Benchmark Agreement":null,"Benchmark ID":null,"Benchmark Reference ID":null,"Dataset Name":"mgt","Reviews":[],"View Label":"https://editor.labelbox.com?project=ck5muiyam2jtt0929rxyj8tv8&label=ck5n934vajh7p0770tdp1q46r"},{"ID":"ck5n938uv7hio09295526qg65","DataRow ID":"ck5mua79v9r780doq3pvwhb7v","Labeled Data":"https://storage.labelbox.com/ck5m7hol2ltok0843iolzs4yv%2Feca82628-99db-c021-afe2-2f111dc28b99-mgt023.jpg?Expires=1580812147505&KeyName=labelbox-assets-key-1&Signature=H9BXZgkA2lVdaUtt5DMXmp3V4A0","Label":{"objects":[{"featureId":"ck5n938k0030t0x75g560t0t9","schemaId":"ck5mujd1kuamn0978cdze444s","title":"mgt","value":"mgt","color":"#FF0000","bbox":{"top":90,"left":0,"height":81,"width":224}}],"classifications":[]},"Created By":"jokekeh773@etopmail.com","Project Name":"mgt","Created At":"2020-01-21T02:19:44.000Z","Updated At":"2020-01-21T04:53:51.000Z","Seconds to Label":3.281,"External ID":"mgt023.jpg","Agreement":null,"Benchmark Agreement":null,"Benchmark ID":null,"Benchmark Reference ID":null,"Dataset Name":"mgt","Reviews":[],"View Label":"https://editor.labelbox.com?project=ck5muiyam2jtt0929rxyj8tv8&label=ck5n938uv7hio09295526qg65"},{"ID":"ck5n93eab1cyg0989ju5yni8f","DataRow ID":"ck5mua7a19ras0doq73ule7vr","Labeled Data":"https://storage.labelbox.com/ck5m7hol2ltok0843iolzs4yv%2F2d99b374-1c3d-46cd-8692-2940d7567160-mgt055.jpg?Expires=1580812147505&KeyName=labelbox-assets-key-1&Signature=3AMhEGE3I1w1UID6yGnSV6-ovj0","Label":{"objects":[{"featureId":"ck5n93e0303010x8zs14g6xya","schemaId":"ck5mujd1kuamn0978cdze444s","title":"mgt","value":"mgt","color":"#FF0000","bbox":{"top":7,"left":4,"height":190,"width":205}}],"classifications":[]},"Created By":"jokekeh773@etopmail.com","Project Name":"mgt","Created At":"2020-01-21T02:19:51.000Z","Updated At":"2020-01-21T02:19:51.000Z","Seconds to Label":5.331,"External ID":"mgt055.jpg","Agreement":null,"Benchmark Agreement":null,"Benchmark ID":null,"Benchmark Reference ID":null,"Dataset Name":"mgt","Reviews":[],"View Label":"https://editor.labelbox.com?project=ck5muiyam2jtt0929rxyj8tv8&label=ck5n93eab1cyg0989ju5yni8f"},{"ID":"ck5n93k757hln09298lar6ow6","DataRow ID":"ck5mua7a49rec0doqgiawho7u","Labeled Data":"https://storage.labelbox.com/ck5m7hol2ltok0843iolzs4yv%2F9f8a0eb2-13ad-4b7a-226b-e17487e81b82-mgt087.jpg?Expires=1580812147505&KeyName=labelbox-assets-key-1&Signature=AtmCoOH7cFKJvXQrlwrZKaCrKbo","Label":{"objects":[{"featureId":"ck5n93jwp02x60x8rmscgl2ja","schemaId":"ck5mujd1kuamn0978cdze444s","title":"mgt","value":"mgt","color":"#FF0000","bbox":{"top":104,"left":16,"height":67,"width":128}}],"classifications":[]},"Created By":"jokekeh773@etopmail.com","Project Name":"mgt","Created At":"2020-01-21T02:19:58.000Z","Updated At":"2020-01-21T04:53:36.000Z","Seconds to Label":7.568,"External ID":"mgt087.jpg","Agreement":null,"Benchmark Agreement":null,"Benchmark ID":null,"Benchmark Reference ID":null,"Dataset Name":"mgt","Reviews":[],"View Label":"https://editor.labelbox.com?project=ck5muiyam2jtt0929rxyj8tv8&label=ck5n93k757hln09298lar6ow6"},{"ID":"ck5n93r8xna2z0835ltxiyh0q","DataRow ID":"ck5mua79v9r7k0doqh31eceqp","Labeled Data":"https://storage.labelbox.com/ck5m7hol2ltok0843iolzs4yv%2Fae4bd581-4499-4f9d-3440-c7e439548b7a-mgt026.jpg?Expires=1580812147505&KeyName=labelbox-assets-key-1&Signature=AYElRYjHBURxzM4JIrj7a9N_6v8","Label":{"objects":[{"featureId":"ck5n93r0503090x8zj5zklfk5","schemaId":"ck5mujd1kuamn0978cdze444s","title":"mgt","value":"mgt","color":"#FF0000","bbox":{"top":10,"left":2,"height":212,"width":169}}],"classifications":[]},"Created By":"jokekeh773@etopmail.com","Project Name":"mgt","Created At":"2020-01-21T02:20:07.000Z","Updated At":"2020-01-21T04:53:26.000Z","Seconds to Label":7.441,"External ID":"mgt026.jpg","Agreement":null,"Benchmark Agreement":null,"Benchmark ID":null,"Benchmark Reference ID":null,"Dataset Name":"mgt","Reviews":[],"View Label":"https://editor.labelbox.com?project=ck5muiyam2jtt0929rxyj8tv8&label=ck5n93r8xna2z0835ltxiyh0q"},{"ID":"ck5n93x69tkqj0a56mjcuep6x","DataRow ID":"ck5mua7a19rb40doqcobyb517","Labeled Data":"https://storage.labelbox.com/ck5m7hol2ltok0843iolzs4yv%2F6febee38-c83f-9b5d-7606-d201184730fa-mgt058.jpg?Expires=1580812147505&KeyName=labelbox-assets-key-1&Signature=Mzhe3zxDuFO3saVHUBRkuXKn7xE","Label":{"objects":[{"featureId":"ck5n93wwh031a0x8zsry4qmob","schemaId":"ck5mujd1kuamn0978cdze444s","title":"mgt","value":"mgt","color":"#FF0000","bbox":{"top":60,"left":27,"height":92,"width":159}}],"classifications":[]},"Created By":"jokekeh773@etopmail.com","Project Name":"mgt","Created At":"2020-01-21T02:20:15.000Z","Updated At":"2020-01-21T04:53:10.000Z","Seconds to Label":9.796,"External ID":"mgt058.jpg","Agreement":null,"Benchmark Agreement":null,"Benchmark ID":null,"Benchmark Reference ID":null,"Dataset Name":"mgt","Reviews":[],"View Label":"https://editor.labelbox.com?project=ck5muiyam2jtt0929rxyj8tv8&label=ck5n93x69tkqj0a56mjcuep6x"},{"ID":"ck5n943747fvb09521tidmteg","DataRow ID":"ck5mua7a59reo0doq1fzb1w8q","Labeled Data":"https://storage.labelbox.com/ck5m7hol2ltok0843iolzs4yv%2F97a8efda-7c3a-cec9-ae13-6c5353077043-mgt090.jpg?Expires=1580812147505&KeyName=labelbox-assets-key-1&Signature=h9DqS9oVzdoYeLs2AB7M4LQ8sbE","Label":{"objects":[{"featureId":"ck5n942wb031j0x8zh3k7mn3m","schemaId":"ck5mujd1kuamn0978cdze444s","title":"mgt","value":"mgt","color":"#FF0000","bbox":{"top":92,"left":11,"height":58,"width":213}}],"classifications":[]},"Created By":"jokekeh773@etopmail.com","Project Name":"mgt","Created At":"2020-01-21T02:20:23.000Z","Updated At":"2020-01-21T04:53:00.000Z","Seconds to Label":8.9,"External ID":"mgt090.jpg","Agreement":null,"Benchmark Agreement":null,"Benchmark ID":null,"Benchmark Reference ID":null,"Dataset Name":"mgt","Reviews":[],"View Label":"https://editor.labelbox.com?project=ck5muiyam2jtt0929rxyj8tv8&label=ck5n943747fvb09521tidmteg"},{"ID":"ck5n947w7naco0835vxmdmd72","DataRow ID":"ck5mua79v9r7w0doq99jybbsy","Labeled Data":"https://storage.labelbox.com/ck5m7hol2ltok0843iolzs4yv%2F1fda90bc-0bc2-22a1-0841-81e0c7040ecb-mgt029.jpg?Expires=1580812147505&KeyName=labelbox-assets-key-1&Signature=OzbbeONt_ZHdqgKyTqXK7i79Omw","Label":{"objects":[{"featureId":"ck5n947o2031f0x751jd3rv49","schemaId":"ck5mujd1kuamn0978cdze444s","title":"mgt","value":"mgt","color":"#FF0000","bbox":{"top":115,"left":15,"height":14,"width":58}}],"classifications":[]},"Created By":"jokekeh773@etopmail.com","Project Name":"mgt","Created At":"2020-01-21T02:20:29.000Z","Updated At":"2020-01-21T04:52:51.000Z","Seconds to Label":6.752,"External ID":"mgt029.jpg","Agreement":null,"Benchmark Agreement":null,"Benchmark ID":null,"Benchmark Reference ID":null,"Dataset Name":"mgt","Reviews":[],"View Label":"https://editor.labelbox.com?project=ck5muiyam2jtt0929rxyj8tv8&label=ck5n947w7naco0835vxmdmd72"},{"ID":"ck5n94copjhh20770wwy004i9","DataRow ID":"ck5mua7a29rbg0doq2ncl428n","Labeled Data":"https://storage.labelbox.com/ck5m7hol2ltok0843iolzs4yv%2Fc0f494ee-42ed-d8fd-5a85-a00770a6f8a8-mgt061.jpg?Expires=1580812147505&KeyName=labelbox-assets-key-1&Signature=iqo_-RT13sAF72IhcPZNlotbDZQ","Label":{"objects":[{"featureId":"ck5n94cfu031k0x75ul8uzqp3","schemaId":"ck5mujd1kuamn0978cdze444s","title":"mgt","value":"mgt","color":"#FF0000","bbox":{"top":41,"left":55,"height":178,"width":169}}],"classifications":[]},"Created By":"jokekeh773@etopmail.com","Project Name":"mgt","Created At":"2020-01-21T02:20:35.000Z","Updated At":"2020-01-21T04:52:42.000Z","Seconds to Label":5.229,"External ID":"mgt061.jpg","Agreement":null,"Benchmark Agreement":null,"Benchmark ID":null,"Benchmark Reference ID":null,"Dataset Name":"mgt","Reviews":[],"View Label":"https://editor.labelbox.com?project=ck5muiyam2jtt0929rxyj8tv8&label=ck5n94copjhh20770wwy004i9"},{"ID":"ck5n94jeljhit07703r8yllv8","DataRow ID":"ck5mua7a59rf00doqen4keabf","Labeled Data":"https://storage.labelbox.com/ck5m7hol2ltok0843iolzs4yv%2F335277a9-3313-2e75-5053-a2a82bf67efe-mgt093.jpg?Expires=1580812147505&KeyName=labelbox-assets-key-1&Signature=hZ2MPeB-mgH7cV_xh1TNeqd7T-A","Label":{"objects":[{"featureId":"ck5n94j5o02xy0x8rtn73lufx","schemaId":"ck5mujd1kuamn0978cdze444s","title":"mgt","value":"mgt","color":"#FF0000","bbox":{"top":71,"left":39,"height":73,"width":172}}],"classifications":[]},"Created By":"jokekeh773@etopmail.com","Project Name":"mgt","Created At":"2020-01-21T02:20:44.000Z","Updated At":"2020-01-21T02:20:44.000Z","Seconds to Label":6.806,"External ID":"mgt093.jpg","Agreement":null,"Benchmark Agreement":null,"Benchmark ID":null,"Benchmark Reference ID":null,"Dataset Name":"mgt","Reviews":[],"View Label":"https://editor.labelbox.com?project=ck5muiyam2jtt0929rxyj8tv8&label=ck5n94jeljhit07703r8yllv8"},{"ID":"ck5n94ph0z9fo0978luvewk9o","DataRow ID":"ck5mua79w9r880doq9w7w1xsb","Labeled Data":"https://storage.labelbox.com/ck5m7hol2ltok0843iolzs4yv%2F57889703-e707-d0d7-1339-b5432c4e0a3f-mgt032.jpg?Expires=1580812147506&KeyName=labelbox-assets-key-1&Signature=JKvkranPnDKczcx2nWkEd5xd_r4","Label":{"objects":[{"featureId":"ck5n94ohh02y50x8rkapo8hob","schemaId":"ck5mujd1kuamn0978cdze444s","title":"mgt","value":"mgt","color":"#FF0000","bbox":{"top":3,"left":63,"height":221,"width":161}}],"classifications":[]},"Created By":"jokekeh773@etopmail.com","Project Name":"mgt","Created At":"2020-01-21T02:20:52.000Z","Updated At":"2020-01-21T02:20:52.000Z","Seconds to Label":3.936,"External ID":"mgt032.jpg","Agreement":null,"Benchmark Agreement":null,"Benchmark ID":null,"Benchmark Reference ID":null,"Dataset Name":"mgt","Reviews":[],"View Label":"https://editor.labelbox.com?project=ck5muiyam2jtt0929rxyj8tv8&label=ck5n94ph0z9fo0978luvewk9o"},{"ID":"ck5n94v2ntkz10a56pnglial6","DataRow ID":"ck5mua7a29rbs0doqdokyb0a0","Labeled Data":"https://storage.labelbox.com/ck5m7hol2ltok0843iolzs4yv%2F46994607-44a4-0621-16c3-fad3c8c44d71-mgt064.jpg?Expires=1580812147506&KeyName=labelbox-assets-key-1&Signature=zzN_mh1BWKuCGJWCM6FYZFyphIU","Label":{"objects":[{"featureId":"ck5n94up903210x752iirdvhw","schemaId":"ck5mujd1kuamn0978cdze444s","title":"mgt","value":"mgt","color":"#FF0000","bbox":{"top":78,"left":16,"height":83,"width":189}}],"classifications":[]},"Created By":"jokekeh773@etopmail.com","Project Name":"mgt","Created At":"2020-01-21T02:20:59.000Z","Updated At":"2020-01-21T04:52:26.000Z","Seconds to Label":7.3790000000000004,"External ID":"mgt064.jpg","Agreement":null,"Benchmark Agreement":null,"Benchmark ID":null,"Benchmark Reference ID":null,"Dataset Name":"mgt","Reviews":[],"View Label":"https://editor.labelbox.com?project=ck5muiyam2jtt0929rxyj8tv8&label=ck5n94v2ntkz10a56pnglial6"},{"ID":"ck5n950seyvjg0843kehsmchz","DataRow ID":"ck5mua7a59rfc0doqewv2fq6b","Labeled Data":"https://storage.labelbox.com/ck5m7hol2ltok0843iolzs4yv%2F005e26cd-c272-09ff-652f-8c3da5f27103-mgt096.jpg?Expires=1580812147506&KeyName=labelbox-assets-key-1&Signature=UEQyV6cBxKY-EOoS89BUYvirhVo","Label":{"objects":[{"featureId":"ck5n950ip02ye0x8rj9uvlg5m","schemaId":"ck5mujd1kuamn0978cdze444s","title":"mgt","value":"mgt","color":"#FF0000","bbox":{"top":53,"left":22,"height":108,"width":192}}],"classifications":[]},"Created By":"jokekeh773@etopmail.com","Project Name":"mgt","Created At":"2020-01-21T02:21:06.000Z","Updated At":"2020-01-21T04:52:15.000Z","Seconds to Label":6.73,"External ID":"mgt096.jpg","Agreement":null,"Benchmark Agreement":null,"Benchmark ID":null,"Benchmark Reference ID":null,"Dataset Name":"mgt","Reviews":[],"View Label":"https://editor.labelbox.com?project=ck5muiyam2jtt0929rxyj8tv8&label=ck5n950seyvjg0843kehsmchz"},{"ID":"ck5n956igyvkx08438ni8uhza","DataRow ID":"ck5mua79p9r500doq5pm06b3k","Labeled Data":"https://storage.labelbox.com/ck5m7hol2ltok0843iolzs4yv%2F542a8c45-bcdc-393a-c750-53dc75cd80e8-mgt003.jpg?Expires=1580812147506&KeyName=labelbox-assets-key-1&Signature=Vrfuh7RNBfD4MFxEePtrt8KoBJo","Label":{"objects":[{"featureId":"ck5n9564c032f0x8zchxong5f","schemaId":"ck5mujd1kuamn0978cdze444s","title":"mgt","value":"mgt","color":"#FF0000","bbox":{"top":23,"left":6,"height":106,"width":212}}],"classifications":[]},"Created By":"jokekeh773@etopmail.com","Project Name":"mgt","Created At":"2020-01-21T02:21:14.000Z","Updated At":"2020-01-21T04:52:02.000Z","Seconds to Label":5.362,"External ID":"mgt003.jpg","Agreement":null,"Benchmark Agreement":null,"Benchmark ID":null,"Benchmark Reference ID":null,"Dataset Name":"mgt","Reviews":[],"View Label":"https://editor.labelbox.com?project=ck5muiyam2jtt0929rxyj8tv8&label=ck5n956igyvkx08438ni8uhza"},{"ID":"ck5n95b39yvlr0843bmt8f3fy","DataRow ID":"ck5mua79w9r8k0doqdmec8ot2","Labeled Data":"https://storage.labelbox.com/ck5m7hol2ltok0843iolzs4yv%2Fb3611350-073b-1531-1c9c-94ecbd775ef0-mgt035.jpg?Expires=1580812147506&KeyName=labelbox-assets-key-1&Signature=gU59Kh2ye1GRqq-lyyr3sJC1-NU","Label":{"objects":[{"featureId":"ck5n95aue032i0x8zhm1croer","schemaId":"ck5mujd1kuamn0978cdze444s","title":"mgt","value":"mgt","color":"#FF0000","bbox":{"top":15,"left":0,"height":182,"width":224}}],"classifications":[]},"Created By":"jokekeh773@etopmail.com","Project Name":"mgt","Created At":"2020-01-21T02:21:20.000Z","Updated At":"2020-01-21T02:21:20.000Z","Seconds to Label":4.227,"External ID":"mgt035.jpg","Agreement":null,"Benchmark Agreement":null,"Benchmark ID":null,"Benchmark Reference ID":null,"Dataset Name":"mgt","Reviews":[],"View Label":"https://editor.labelbox.com?project=ck5muiyam2jtt0929rxyj8tv8&label=ck5n95b39yvlr0843bmt8f3fy"},{"ID":"ck5n95hf6yvo10843nq6aazau","DataRow ID":"ck5mua7a29rc40doqg9gd8bxa","Labeled Data":"https://storage.labelbox.com/ck5m7hol2ltok0843iolzs4yv%2Fd8479afb-ba6f-368a-733c-621cec996425-mgt067.jpg?Expires=1580812147506&KeyName=labelbox-assets-key-1&Signature=yYjyz4kahU4Ep_tXN6vvbAOOtDw","Label":{"objects":[{"featureId":"ck5n95h6402yt0x8rc7r7w26s","schemaId":"ck5mujd1kuamn0978cdze444s","title":"mgt","value":"mgt","color":"#FF0000","bbox":{"top":23,"left":8,"height":178,"width":207}}],"classifications":[]},"Created By":"jokekeh773@etopmail.com","Project Name":"mgt","Created At":"2020-01-21T02:21:28.000Z","Updated At":"2020-01-21T02:21:28.000Z","Seconds to Label":6.365,"External ID":"mgt067.jpg","Agreement":null,"Benchmark Agreement":null,"Benchmark ID":null,"Benchmark Reference ID":null,"Dataset Name":"mgt","Reviews":[],"View Label":"https://editor.labelbox.com?project=ck5muiyam2jtt0929rxyj8tv8&label=ck5n95hf6yvo10843nq6aazau"},{"ID":"ck5n95pcsjhsl0770h5gzi6a4","DataRow ID":"ck5mua7a69rfo0doq37x19a19","Labeled Data":"https://storage.labelbox.com/ck5m7hol2ltok0843iolzs4yv%2Fd8b65dc3-a978-90d1-add0-03df7d12e168-mgt099.jpg?Expires=1580812147506&KeyName=labelbox-assets-key-1&Signature=1H0whR2aZEePSpcihwearJkCE8Q","Label":{"objects":[{"featureId":"ck5n95oa902z00x8rwtfevtbg","schemaId":"ck5mujd1kuamn0978cdze444s","title":"mgt","value":"mgt","color":"#FF0000","bbox":{"top":14,"left":66,"height":189,"width":62}}],"classifications":[]},"Created By":"jokekeh773@etopmail.com","Project Name":"mgt","Created At":"2020-01-21T02:21:38.000Z","Updated At":"2020-01-21T04:51:50.000Z","Seconds to Label":9.985,"External ID":"mgt099.jpg","Agreement":null,"Benchmark Agreement":null,"Benchmark ID":null,"Benchmark Reference ID":null,"Dataset Name":"mgt","Reviews":[],"View Label":"https://editor.labelbox.com?project=ck5muiyam2jtt0929rxyj8tv8&label=ck5n95pcsjhsl0770h5gzi6a4"},{"ID":"ck5n95u3y7ihx0929q4sdele4","DataRow ID":"ck5mua79q9r5c0doqbjgy9qq4","Labeled Data":"https://storage.labelbox.com/ck5m7hol2ltok0843iolzs4yv%2F5ead7e93-3227-088b-9681-a8bbe52f50f4-mgt006.jpg?Expires=1580812147506&KeyName=labelbox-assets-key-1&Signature=1UtSCn8JXwaUOgSb1lEa3186HZI","Label":{"objects":[{"featureId":"ck5n95tuc032v0x8z4br47dp5","schemaId":"ck5mujd1kuamn0978cdze444s","title":"mgt","value":"mgt","color":"#FF0000","bbox":{"top":39,"left":4,"height":125,"width":218}}],"classifications":[]},"Created By":"jokekeh773@etopmail.com","Project Name":"mgt","Created At":"2020-01-21T02:21:44.000Z","Updated At":"2020-01-21T04:51:42.000Z","Seconds to Label":6.135999999999999,"External ID":"mgt006.jpg","Agreement":null,"Benchmark Agreement":null,"Benchmark ID":null,"Benchmark Reference ID":null,"Dataset Name":"mgt","Reviews":[],"View Label":"https://editor.labelbox.com?project=ck5muiyam2jtt0929rxyj8tv8&label=ck5n95u3y7ihx0929q4sdele4"},{"ID":"ck5n96069yvsz0843e3izrzkc","DataRow ID":"ck5mua79w9r8w0doqatl2a2j5","Labeled Data":"https://storage.labelbox.com/ck5m7hol2ltok0843iolzs4yv%2F1f39edc5-9bc2-5180-3d27-58f0079d02a3-mgt038.jpg?Expires=1580812147506&KeyName=labelbox-assets-key-1&Signature=sn6jkEbdTuJuySG0HC5xuFmL_b0","Label":{"objects":[{"featureId":"ck5n95zx8032z0x8zhh59b6e2","schemaId":"ck5mujd1kuamn0978cdze444s","title":"mgt","value":"mgt","color":"#FF0000","bbox":{"top":8,"left":8,"height":188,"width":210}}],"classifications":[]},"Created By":"jokekeh773@etopmail.com","Project Name":"mgt","Created At":"2020-01-21T02:21:52.000Z","Updated At":"2020-01-21T04:51:36.000Z","Seconds to Label":8.471,"External ID":"mgt038.jpg","Agreement":null,"Benchmark Agreement":null,"Benchmark ID":null,"Benchmark Reference ID":null,"Dataset Name":"mgt","Reviews":[],"View Label":"https://editor.labelbox.com?project=ck5muiyam2jtt0929rxyj8tv8&label=ck5n96069yvsz0843e3izrzkc"},{"ID":"ck5n965x9nau10835fyqerxo0","DataRow ID":"ck5mua7a39rcg0doqej0v7znf","Labeled Data":"https://storage.labelbox.com/ck5m7hol2ltok0843iolzs4yv%2Fd6925ef0-a83c-3dd6-2e5e-63b4c5b5c9c8-mgt070.jpg?Expires=1580812147506&KeyName=labelbox-assets-key-1&Signature=FscVMgZvLs2C1ngmewkzrDsx8Gk","Label":{"objects":[{"featureId":"ck5n965nm03370x8ziy39th9d","schemaId":"ck5mujd1kuamn0978cdze444s","title":"mgt","value":"mgt","color":"#FF0000","bbox":{"top":50,"left":15,"height":106,"width":195}}],"classifications":[]},"Created By":"jokekeh773@etopmail.com","Project Name":"mgt","Created At":"2020-01-21T02:22:00.000Z","Updated At":"2020-01-21T04:51:30.000Z","Seconds to Label":7.319,"External ID":"mgt070.jpg","Agreement":null,"Benchmark Agreement":null,"Benchmark ID":null,"Benchmark Reference ID":null,"Dataset Name":"mgt","Reviews":[],"View Label":"https://editor.labelbox.com?project=ck5muiyam2jtt0929rxyj8tv8&label=ck5n965x9nau10835fyqerxo0"},{"ID":"ck5n96d04yvwf0843o4jv33zn","DataRow ID":"ck5mua79q9r5o0doq3rgpgcge","Labeled Data":"https://storage.labelbox.com/ck5m7hol2ltok0843iolzs4yv%2F8a786681-b447-23b7-c3ae-0a22d506bc38-mgt009.jpg?Expires=1580812147506&KeyName=labelbox-assets-key-1&Signature=Zi9LSq6xa70UF6RWtsFI3lld0i4","Label":{"objects":[{"featureId":"ck5n96axw03300x75yagd50l1","schemaId":"ck5mujd1kuamn0978cdze444s","title":"mgt","value":"mgt","color":"#FF0000","bbox":{"top":11,"left":96,"height":172,"width":41}}],"classifications":[]},"Created By":"jokekeh773@etopmail.com","Project Name":"mgt","Created At":"2020-01-21T02:22:09.000Z","Updated At":"2020-01-21T04:51:20.000Z","Seconds to Label":6.555,"External ID":"mgt009.jpg","Agreement":null,"Benchmark Agreement":null,"Benchmark ID":null,"Benchmark Reference ID":null,"Dataset Name":"mgt","Reviews":[],"View Label":"https://editor.labelbox.com?project=ck5muiyam2jtt0929rxyj8tv8&label=ck5n96d04yvwf0843o4jv33zn"},{"ID":"ck5n96gnw7ioe0929n4x5mc95","DataRow ID":"ck5mua79w9r980doq6d9r4dyi","Labeled Data":"https://storage.labelbox.com/ck5m7hol2ltok0843iolzs4yv%2F92fcafd8-3b24-9f13-8e9b-537352ae5b3d-mgt041.jpg?Expires=1580812147506&KeyName=labelbox-assets-key-1&Signature=_13EvAzkb32Lv32UvoPhojKn0Oc","Label":{"objects":[{"featureId":"ck5n96gbm02zj0x8r6rm7j1an","schemaId":"ck5mujd1kuamn0978cdze444s","title":"mgt","value":"mgt","color":"#FF0000","bbox":{"top":81,"left":112,"height":79,"width":45}}],"classifications":[]},"Created By":"jokekeh773@etopmail.com","Project Name":"mgt","Created At":"2020-01-21T02:22:14.000Z","Updated At":"2020-01-21T02:22:14.000Z","Seconds to Label":2.494,"External ID":"mgt041.jpg","Agreement":null,"Benchmark Agreement":null,"Benchmark ID":null,"Benchmark Reference ID":null,"Dataset Name":"mgt","Reviews":[],"View Label":"https://editor.labelbox.com?project=ck5muiyam2jtt0929rxyj8tv8&label=ck5n96gnw7ioe0929n4x5mc95"},{"ID":"ck5n96n9yji2l07705ubz105m","DataRow ID":"ck5mua7a39rcs0doq8j4h93au","Labeled Data":"https://storage.labelbox.com/ck5m7hol2ltok0843iolzs4yv%2Fd0ce7781-d3fb-8f0d-d548-14cca5d1f3ee-mgt073.jpg?Expires=1580812147506&KeyName=labelbox-assets-key-1&Signature=GupELWwSTYCT84UzazLEp0kGaag","Label":{"objects":[{"featureId":"ck5n96mwg02zo0x8rtrp0yscv","schemaId":"ck5mujd1kuamn0978cdze444s","title":"mgt","value":"mgt","color":"#FF0000","bbox":{"top":66,"left":17,"height":85,"width":185}}],"classifications":[]},"Created By":"jokekeh773@etopmail.com","Project Name":"mgt","Created At":"2020-01-21T02:22:22.000Z","Updated At":"2020-01-21T04:51:07.000Z","Seconds to Label":7.356999999999999,"External ID":"mgt073.jpg","Agreement":null,"Benchmark Agreement":null,"Benchmark ID":null,"Benchmark Reference ID":null,"Dataset Name":"mgt","Reviews":[],"View Label":"https://editor.labelbox.com?project=ck5muiyam2jtt0929rxyj8tv8&label=ck5n96n9yji2l07705ubz105m"},{"ID":"ck5n96tkxtlg10a56uwskbaba","DataRow ID":"ck5mua79u9r600doq3dgj5wha","Labeled Data":"https://storage.labelbox.com/ck5m7hol2ltok0843iolzs4yv%2F311f95a0-6f73-3d44-b1f4-45f30dce0f47-mgt012.jpg?Expires=1580812147506&KeyName=labelbox-assets-key-1&Signature=vGN2CKU4JCZWgFDMa6jvkY0GvHI","Label":{"objects":[{"featureId":"ck5n96td302zv0x8rf6iyw9eb","schemaId":"ck5mujd1kuamn0978cdze444s","title":"mgt","value":"mgt","color":"#FF0000","bbox":{"top":96,"left":30,"height":61,"width":179}}],"classifications":[]},"Created By":"jokekeh773@etopmail.com","Project Name":"mgt","Created At":"2020-01-21T02:22:30.000Z","Updated At":"2020-01-21T02:22:31.000Z","Seconds to Label":4.675,"External ID":"mgt012.jpg","Agreement":null,"Benchmark Agreement":null,"Benchmark ID":null,"Benchmark Reference ID":null,"Dataset Name":"mgt","Reviews":[],"View Label":"https://editor.labelbox.com?project=ck5muiyam2jtt0929rxyj8tv8&label=ck5n96tkxtlg10a56uwskbaba"},{"ID":"ck5n96ybu7glm0952d45kunhe","DataRow ID":"ck5mua7a09r9k0doqfmg80yez","Labeled Data":"https://storage.labelbox.com/ck5m7hol2ltok0843iolzs4yv%2F1f3caeb5-823f-eb66-6341-2383b5e59d7a-mgt044.jpg?Expires=1580812147506&KeyName=labelbox-assets-key-1&Signature=Dx94X4pYqW6o0LBv64slcW1K2gU","Label":{"objects":[{"featureId":"ck5n96y4j033d0x759l27u38s","schemaId":"ck5mujd1kuamn0978cdze444s","title":"mgt","value":"mgt","color":"#FF0000","bbox":{"top":92,"left":11,"height":75,"width":209}}],"classifications":[]},"Created By":"jokekeh773@etopmail.com","Project Name":"mgt","Created At":"2020-01-21T02:22:37.000Z","Updated At":"2020-01-21T04:50:54.000Z","Seconds to Label":5.255,"External ID":"mgt044.jpg","Agreement":null,"Benchmark Agreement":null,"Benchmark ID":null,"Benchmark Reference ID":null,"Dataset Name":"mgt","Reviews":[],"View Label":"https://editor.labelbox.com?project=ck5muiyam2jtt0929rxyj8tv8&label=ck5n96ybu7glm0952d45kunhe"},{"ID":"ck5n974cg7iv009295fn2tprz","DataRow ID":"ck5mua7a39rd40doq0ifxfn0b","Labeled Data":"https://storage.labelbox.com/ck5m7hol2ltok0843iolzs4yv%2F64ca999b-bea8-2d1a-c709-f75d60142120-mgt076.jpg?Expires=1580812147506&KeyName=labelbox-assets-key-1&Signature=Nvqg9NUcq8M3FneIrLXn-ECnC0A","Label":{"objects":[{"featureId":"ck5n9736k03000x8rpolehkxu","schemaId":"ck5mujd1kuamn0978cdze444s","title":"mgt","value":"mgt","color":"#FF0000","bbox":{"top":83,"left":11,"height":92,"width":161}}],"classifications":[]},"Created By":"jokekeh773@etopmail.com","Project Name":"mgt","Created At":"2020-01-21T02:22:44.000Z","Updated At":"2020-01-21T04:50:48.000Z","Seconds to Label":4.15,"External ID":"mgt076.jpg","Agreement":null,"Benchmark Agreement":null,"Benchmark ID":null,"Benchmark Reference ID":null,"Dataset Name":"mgt","Reviews":[],"View Label":"https://editor.labelbox.com?project=ck5muiyam2jtt0929rxyj8tv8&label=ck5n974cg7iv009295fn2tprz"},{"ID":"ck5n9784tnb3q08350q60kpne","DataRow ID":"ck5mua79u9r6c0doq04fpbej6","Labeled Data":"https://storage.labelbox.com/ck5m7hol2ltok0843iolzs4yv%2F8b2fd2a5-a759-f516-5dc3-30a988e4e751-mgt015.jpg?Expires=1580812147506&KeyName=labelbox-assets-key-1&Signature=F8eSf2ahG3ndVNHX9hoU-hXHfpw","Label":{"objects":[{"featureId":"ck5n977x7033y0x8zzl0nvbe9","schemaId":"ck5mujd1kuamn0978cdze444s","title":"mgt","value":"mgt","color":"#FF0000","bbox":{"top":34,"left":110,"height":175,"width":24}}],"classifications":[]},"Created By":"jokekeh773@etopmail.com","Project Name":"mgt","Created At":"2020-01-21T02:22:49.000Z","Updated At":"2020-01-21T04:50:39.000Z","Seconds to Label":8.246,"External ID":"mgt015.jpg","Agreement":null,"Benchmark Agreement":null,"Benchmark ID":null,"Benchmark Reference ID":null,"Dataset Name":"mgt","Reviews":[],"View Label":"https://editor.labelbox.com?project=ck5muiyam2jtt0929rxyj8tv8&label=ck5n9784tnb3q08350q60kpne"},{"ID":"ck5n97d861dyz0989friw68dl","DataRow ID":"ck5mua7a09r9w0doqe9hebepj","Labeled Data":"https://storage.labelbox.com/ck5m7hol2ltok0843iolzs4yv%2F6433d51b-5826-7287-4ac9-4ce1ca49af7d-mgt047.jpg?Expires=1580812147506&KeyName=labelbox-assets-key-1&Signature=Zq7V-L7xa_2Iv-j4bvltH4TghA4","Label":{"objects":[{"featureId":"ck5n97czu033q0x75p8qsv9zj","schemaId":"ck5mujd1kuamn0978cdze444s","title":"mgt","value":"mgt","color":"#FF0000","bbox":{"top":60,"left":87,"height":147,"width":112}}],"classifications":[]},"Created By":"jokekeh773@etopmail.com","Project Name":"mgt","Created At":"2020-01-21T02:22:56.000Z","Updated At":"2020-01-21T02:22:56.000Z","Seconds to Label":4.837,"External ID":"mgt047.jpg","Agreement":null,"Benchmark Agreement":null,"Benchmark ID":null,"Benchmark Reference ID":null,"Dataset Name":"mgt","Reviews":[],"View Label":"https://editor.labelbox.com?project=ck5muiyam2jtt0929rxyj8tv8&label=ck5n97d861dyz0989friw68dl"},{"ID":"ck5n97iixyw6x0843v80cwmbl","DataRow ID":"ck5mua7a49rdg0doq0tpn6aoy","Labeled Data":"https://storage.labelbox.com/ck5m7hol2ltok0843iolzs4yv%2F864187c0-d640-27c5-2c80-937da4943fc3-mgt079.jpg?Expires=1580812147507&KeyName=labelbox-assets-key-1&Signature=0GfL9QQjVXp9tYBJwqGaqfljPRY","Label":{"objects":[{"featureId":"ck5n97iaz033v0x75p8n1wc8q","schemaId":"ck5mujd1kuamn0978cdze444s","title":"mgt","value":"mgt","color":"#FF0000","bbox":{"top":182,"left":90,"height":9,"width":29}}],"classifications":[]},"Created By":"jokekeh773@etopmail.com","Project Name":"mgt","Created At":"2020-01-21T02:23:03.000Z","Updated At":"2020-01-21T02:23:03.000Z","Seconds to Label":2.423,"External ID":"mgt079.jpg","Agreement":null,"Benchmark Agreement":null,"Benchmark ID":null,"Benchmark Reference ID":null,"Dataset Name":"mgt","Reviews":[],"View Label":"https://editor.labelbox.com?project=ck5muiyam2jtt0929rxyj8tv8&label=ck5n97iixyw6x0843v80cwmbl"},{"ID":"ck5n97o9gjibl077079obkitw","DataRow ID":"ck5mua79v9r6o0doq6luh7w37","Labeled Data":"https://storage.labelbox.com/ck5m7hol2ltok0843iolzs4yv%2F01ff6e63-f0b7-68f1-7517-128153df212b-mgt018.jpg?Expires=1580812147507&KeyName=labelbox-assets-key-1&Signature=wc8dAWIf5elyRZvHSsSyFiMSKIc","Label":{"objects":[{"featureId":"ck5n97o1d030f0x8r7e46nqsp","schemaId":"ck5mujd1kuamn0978cdze444s","title":"mgt","value":"mgt","color":"#FF0000","bbox":{"top":7,"left":3,"height":209,"width":215}}],"classifications":[]},"Created By":"jokekeh773@etopmail.com","Project Name":"mgt","Created At":"2020-01-21T02:23:10.000Z","Updated At":"2020-01-21T04:50:17.000Z","Seconds to Label":8.318,"External ID":"mgt018.jpg","Agreement":null,"Benchmark Agreement":null,"Benchmark ID":null,"Benchmark Reference ID":null,"Dataset Name":"mgt","Reviews":[],"View Label":"https://editor.labelbox.com?project=ck5muiyam2jtt0929rxyj8tv8&label=ck5n97o9gjibl077079obkitw"},{"ID":"ck5n97tp2za6h09784uk65bzk","DataRow ID":"ck5mua7a09ra80doqgc5rgqkn","Labeled Data":"https://storage.labelbox.com/ck5m7hol2ltok0843iolzs4yv%2Fd52c7a8b-b00f-3e0e-6fa0-cd583ca25b80-mgt050.jpg?Expires=1580812147507&KeyName=labelbox-assets-key-1&Signature=i2GBnXGKTYpP0F9yuoXmvorLIeg","Label":{"objects":[{"featureId":"ck5n97tce03490x8zgncppt3e","schemaId":"ck5mujd1kuamn0978cdze444s","title":"mgt","value":"mgt","color":"#FF0000","bbox":{"top":143,"left":118,"height":81,"width":70}}],"classifications":[]},"Created By":"jokekeh773@etopmail.com","Project Name":"mgt","Created At":"2020-01-21T02:23:17.000Z","Updated At":"2020-01-21T02:23:17.000Z","Seconds to Label":3.758,"External ID":"mgt050.jpg","Agreement":null,"Benchmark Agreement":null,"Benchmark ID":null,"Benchmark Reference ID":null,"Dataset Name":"mgt","Reviews":[],"View Label":"https://editor.labelbox.com?project=ck5muiyam2jtt0929rxyj8tv8&label=ck5n97tp2za6h09784uk65bzk"},{"ID":"ck5n980c61e4p0989o5qdrqkq","DataRow ID":"ck5mua7a49rds0doq5ofcc095","Labeled Data":"https://storage.labelbox.com/ck5m7hol2ltok0843iolzs4yv%2F46a31a72-b514-e251-ce52-8e2ac0e6c22e-mgt082.jpg?Expires=1580812147507&KeyName=labelbox-assets-key-1&Signature=ylr-QJQflqsdsXz0Ihr80N6xzTw","Label":{"objects":[{"featureId":"ck5n97z9703440x75h2i29pfp","schemaId":"ck5mujd1kuamn0978cdze444s","title":"mgt","value":"mgt","color":"#FF0000","bbox":{"top":65,"left":55,"height":94,"width":167}}],"classifications":[]},"Created By":"jokekeh773@etopmail.com","Project Name":"mgt","Created At":"2020-01-21T02:23:26.000Z","Updated At":"2020-01-21T04:50:03.000Z","Seconds to Label":9.264000000000001,"External ID":"mgt082.jpg","Agreement":null,"Benchmark Agreement":null,"Benchmark ID":null,"Benchmark Reference ID":null,"Dataset Name":"mgt","Reviews":[],"View Label":"https://editor.labelbox.com?project=ck5muiyam2jtt0929rxyj8tv8&label=ck5n980c61e4p0989o5qdrqkq"}]