[{"ID":"ck5n811swymkg0843qs0wdgyc","DataRow ID":"ck5muaol19ri40doqhdsqa794","Labeled Data":"https://storage.labelbox.com/ck5m7hol2ltok0843iolzs4yv%2Fcfc228a2-326b-50d1-3bf0-c34777da0f82-roc021.jpeg?Expires=1580812220849&KeyName=labelbox-assets-key-1&Signature=unu8WeuO0HaZh6gVnbZbsGbHPAk","Label":{"objects":[{"featureId":"ck5n80wu302880x75szs25mvf","schemaId":"ck5mult86iel00835fuvc72fz","title":"roc","value":"roc","color":"#FF0000","bbox":{"top":21,"left":55,"height":161,"width":140}}],"classifications":[]},"Created By":"jokekeh773@etopmail.com","Project Name":"roc","Created At":"2020-01-21T01:50:02.000Z","Updated At":"2020-01-21T04:14:13.000Z","Seconds to Label":8.246,"External ID":"roc021.jpeg","Agreement":null,"Benchmark Agreement":null,"Benchmark ID":null,"Benchmark Reference ID":null,"Dataset Name":"roc","Reviews":[],"View Label":"https://editor.labelbox.com?project=ck5mul9uoubch0978j3kpdu1q&label=ck5n811swymkg0843qs0wdgyc"},{"ID":"ck5n8164979am0929ev2k857j","DataRow ID":"ck5muaol99rlo0doq7c5dfwyh","Labeled Data":"https://storage.labelbox.com/ck5m7hol2ltok0843iolzs4yv%2Ff25bc732-fe6a-0af1-8a94-60861ab47b83-roc053.jpeg?Expires=1580812220849&KeyName=labelbox-assets-key-1&Signature=qQZYFVqxYvV0Di5Cd1x8P7krT1c","Label":{"objects":[{"featureId":"ck5n8159g026e0x8ri0mxf23n","schemaId":"ck5mult86iel00835fuvc72fz","title":"roc","value":"roc","color":"#FF0000","bbox":{"top":62,"left":57,"height":153,"width":93}}],"classifications":[]},"Created By":"jokekeh773@etopmail.com","Project Name":"roc","Created At":"2020-01-21T01:50:07.000Z","Updated At":"2020-01-21T04:14:01.000Z","Seconds to Label":9.442,"External ID":"roc053.jpeg","Agreement":null,"Benchmark Agreement":null,"Benchmark ID":null,"Benchmark Reference ID":null,"Dataset Name":"roc","Reviews":[],"View Label":"https://editor.labelbox.com?project=ck5mul9uoubch0978j3kpdu1q&label=ck5n8164979am0929ev2k857j"},{"ID":"ck5n81axs76yh0952sogvnql4","DataRow ID":"ck5muaole9rp80doqgdxqbwmp","Labeled Data":"https://storage.labelbox.com/ck5m7hol2ltok0843iolzs4yv%2F871dc959-35f8-d6a0-47d3-b34ad4f9c0fa-roc085.jpeg?Expires=1580812220849&KeyName=labelbox-assets-key-1&Signature=zFSBjRDElbJvjiCInSrwi2AYZb8","Label":{"objects":[{"featureId":"ck5n819vq026v0x8z68qhiuq1","schemaId":"ck5mult86iel00835fuvc72fz","title":"roc","value":"roc","color":"#FF0000","bbox":{"top":48,"left":16,"height":154,"width":179}}],"classifications":[]},"Created By":"jokekeh773@etopmail.com","Project Name":"roc","Created At":"2020-01-21T01:50:13.000Z","Updated At":"2020-01-21T04:13:49.000Z","Seconds to Label":5.079000000000001,"External ID":"roc085.jpeg","Agreement":null,"Benchmark Agreement":null,"Benchmark ID":null,"Benchmark Reference ID":null,"Dataset Name":"roc","Reviews":[],"View Label":"https://editor.labelbox.com?project=ck5mul9uoubch0978j3kpdu1q&label=ck5n81axs76yh0952sogvnql4"},{"ID":"ck5n81fj3ymoc0843ed3109tg","DataRow ID":"ck5muaol29rig0doq8o9b9zbb","Labeled Data":"https://storage.labelbox.com/ck5m7hol2ltok0843iolzs4yv%2Fbf0e5c6e-c362-42c6-e670-4a5f2d52e330-roc024.jpeg?Expires=1580812220849&KeyName=labelbox-assets-key-1&Signature=yACPogWDpWFtRbDM-BLsz7qKx1I","Label":{"objects":[{"featureId":"ck5n81eeu026y0x8zphztb7mp","schemaId":"ck5mult86iel00835fuvc72fz","title":"roc","value":"roc","color":"#FF0000","bbox":{"top":71,"left":25,"height":102,"width":167}}],"classifications":[]},"Created By":"jokekeh773@etopmail.com","Project Name":"roc","Created At":"2020-01-21T01:50:19.000Z","Updated At":"2020-01-21T04:13:36.000Z","Seconds to Label":4.025,"External ID":"roc024.jpeg","Agreement":null,"Benchmark Agreement":null,"Benchmark ID":null,"Benchmark Reference ID":null,"Dataset Name":"roc","Reviews":[],"View Label":"https://editor.labelbox.com?project=ck5mul9uoubch0978j3kpdu1q&label=ck5n81fj3ymoc0843ed3109tg"},{"ID":"ck5n81k60z0l60978izb59mfh","DataRow ID":"ck5muaol99rm00doqc3syh54r","Labeled Data":"https://storage.labelbox.com/ck5m7hol2ltok0843iolzs4yv%2F19b4862e-6e92-0eca-497b-40ad0a81f84f-roc056.jpeg?Expires=1580812220850&KeyName=labelbox-assets-key-1&Signature=6Kwj5Cg-oWPN5ykKgrS7dj7epVI","Label":{"objects":[{"featureId":"ck5n81i7y026n0x8r9sgrvjio","schemaId":"ck5mult86iel00835fuvc72fz","title":"roc","value":"roc","color":"#FF0000","bbox":{"top":42,"left":14,"height":134,"width":208}}],"classifications":[]},"Created By":"jokekeh773@etopmail.com","Project Name":"roc","Created At":"2020-01-21T01:50:25.000Z","Updated At":"2020-01-21T01:50:25.000Z","Seconds to Label":2.674,"External ID":"roc056.jpeg","Agreement":null,"Benchmark Agreement":null,"Benchmark ID":null,"Benchmark Reference ID":null,"Dataset Name":"roc","Reviews":[],"View Label":"https://editor.labelbox.com?project=ck5mul9uoubch0978j3kpdu1q&label=ck5n81k60z0l60978izb59mfh"},{"ID":"ck5n81sts772o0952cutpkelj","DataRow ID":"ck5muaolf9rpk0doqfiad78aw","Labeled Data":"https://storage.labelbox.com/ck5m7hol2ltok0843iolzs4yv%2F873a80bb-23b6-9f7c-743e-dd0c1613ebaf-roc088.jpeg?Expires=1580812220850&KeyName=labelbox-assets-key-1&Signature=YRqYgRhthDA_gOi8HmR1ZYrXsXg","Label":{"objects":[{"featureId":"ck5n81og9028x0x75fiouem68","schemaId":"ck5mult86iel00835fuvc72fz","title":"roc","value":"roc","color":"#FF0000","bbox":{"top":90,"left":33,"height":75,"width":160}}],"classifications":[]},"Created By":"jokekeh773@etopmail.com","Project Name":"roc","Created At":"2020-01-21T01:50:37.000Z","Updated At":"2020-01-21T04:13:11.000Z","Seconds to Label":9.44,"External ID":"roc088.jpeg","Agreement":null,"Benchmark Agreement":null,"Benchmark ID":null,"Benchmark Reference ID":null,"Dataset Name":"roc","Reviews":[],"View Label":"https://editor.labelbox.com?project=ck5mul9uoubch0978j3kpdu1q&label=ck5n81sts772o0952cutpkelj"},{"ID":"ck5n820ze775r0952e1b4430y","DataRow ID":"ck5muaol29ris0doq5z4abwl2","Labeled Data":"https://storage.labelbox.com/ck5m7hol2ltok0843iolzs4yv%2Fa03a70e3-9069-5615-326e-37ab7268f581-roc027.jpeg?Expires=1580812220850&KeyName=labelbox-assets-key-1&Signature=GfJKN8yF7THYe2hHjNTDt4x7SPQ","Label":{"objects":[{"featureId":"ck5n81zzo02950x75pvqjcqwu","schemaId":"ck5mult86iel00835fuvc72fz","title":"roc","value":"roc","color":"#FF0000","bbox":{"top":110,"left":52,"height":68,"width":111}}],"classifications":[]},"Created By":"jokekeh773@etopmail.com","Project Name":"roc","Created At":"2020-01-21T01:50:47.000Z","Updated At":"2020-01-21T04:13:02.000Z","Seconds to Label":7.390999999999999,"External ID":"roc027.jpeg","Agreement":null,"Benchmark Agreement":null,"Benchmark ID":null,"Benchmark Reference ID":null,"Dataset Name":"roc","Reviews":[],"View Label":"https://editor.labelbox.com?project=ck5mul9uoubch0978j3kpdu1q&label=ck5n820ze775r0952e1b4430y"},{"ID":"ck5n825jjtc6e0a56puoerno3","DataRow ID":"ck5muaola9rmc0doqfn2a2yv1","Labeled Data":"https://storage.labelbox.com/ck5m7hol2ltok0843iolzs4yv%2Fef4b2b64-8bdb-030e-8e00-4fbf4e2f10b7-roc059.jpeg?Expires=1580812220850&KeyName=labelbox-assets-key-1&Signature=--bi_GOHrqZqz05Z39gOcgzX7r0","Label":{"objects":[{"featureId":"ck5n824y8027j0x8zu6m7barz","schemaId":"ck5mult86iel00835fuvc72fz","title":"roc","value":"roc","color":"#FF0000","bbox":{"top":63,"left":95,"height":86,"width":86}}],"classifications":[]},"Created By":"jokekeh773@etopmail.com","Project Name":"roc","Created At":"2020-01-21T01:50:53.000Z","Updated At":"2020-01-21T04:12:49.000Z","Seconds to Label":4.906999999999999,"External ID":"roc059.jpeg","Agreement":null,"Benchmark Agreement":null,"Benchmark ID":null,"Benchmark Reference ID":null,"Dataset Name":"roc","Reviews":[],"View Label":"https://editor.labelbox.com?project=ck5mul9uoubch0978j3kpdu1q&label=ck5n825jjtc6e0a56puoerno3"},{"ID":"ck5n829cv79kh09295rzag2xr","DataRow ID":"ck5muaolf9rpw0doq23c6a7pd","Labeled Data":"https://storage.labelbox.com/ck5m7hol2ltok0843iolzs4yv%2Fce635a3c-d8e0-8eb6-f039-0da2f023520d-roc091.jpeg?Expires=1580812220850&KeyName=labelbox-assets-key-1&Signature=Xf9Ilbw5fLYm3_LQMekp6jyLTvE","Label":{"objects":[{"featureId":"ck5n828g3027n0x8ziy0kwe4a","schemaId":"ck5mult86iel00835fuvc72fz","title":"roc","value":"roc","color":"#FF0000","bbox":{"top":59,"left":2,"height":119,"width":221}}],"classifications":[]},"Created By":"jokekeh773@etopmail.com","Project Name":"roc","Created At":"2020-01-21T01:50:58.000Z","Updated At":"2020-01-21T04:12:41.000Z","Seconds to Label":4.779,"External ID":"roc091.jpeg","Agreement":null,"Benchmark Agreement":null,"Benchmark ID":null,"Benchmark Reference ID":null,"Dataset Name":"roc","Reviews":[],"View Label":"https://editor.labelbox.com?project=ck5mul9uoubch0978j3kpdu1q&label=ck5n829cv79kh09295rzag2xr"},{"ID":"ck5n82djd79mb09295lz9508i","DataRow ID":"ck5muaol29rj40doq4vfzfhfa","Labeled Data":"https://storage.labelbox.com/ck5m7hol2ltok0843iolzs4yv%2Fa3a56d6c-a03b-1af1-6a03-412ea23a414f-roc030.jpeg?Expires=1580812220850&KeyName=labelbox-assets-key-1&Signature=ED-pPGkDKVdeS7sMg3BQNqdAXHI","Label":{"objects":[{"featureId":"ck5n82cjg029h0x75phiqlthe","schemaId":"ck5mult86iel00835fuvc72fz","title":"roc","value":"roc","color":"#FF0000","bbox":{"top":29,"left":85,"height":152,"width":138}}],"classifications":[]},"Created By":"jokekeh773@etopmail.com","Project Name":"roc","Created At":"2020-01-21T01:51:03.000Z","Updated At":"2020-01-21T04:12:29.000Z","Seconds to Label":7.995,"External ID":"roc030.jpeg","Agreement":null,"Benchmark Agreement":null,"Benchmark ID":null,"Benchmark Reference ID":null,"Dataset Name":"roc","Reviews":[],"View Label":"https://editor.labelbox.com?project=ck5mul9uoubch0978j3kpdu1q&label=ck5n82djd79mb09295lz9508i"},{"ID":"ck5n82h24z0ui09784ro5aiak","DataRow ID":"ck5muaola9rmo0doq6xu6gakh","Labeled Data":"https://storage.labelbox.com/ck5m7hol2ltok0843iolzs4yv%2F134aba9c-0f19-8460-9479-dc8d3d57a06a-roc062.jpeg?Expires=1580812220850&KeyName=labelbox-assets-key-1&Signature=TqS_AKnBD0MhNcLIDT5f-LJl9MQ","Label":{"objects":[{"featureId":"ck5n82g7h027u0x8zqf4mkq6o","schemaId":"ck5mult86iel00835fuvc72fz","title":"roc","value":"roc","color":"#FF0000","bbox":{"top":0,"left":20,"height":224,"width":170}}],"classifications":[]},"Created By":"jokekeh773@etopmail.com","Project Name":"roc","Created At":"2020-01-21T01:51:08.000Z","Updated At":"2020-01-21T04:12:18.000Z","Seconds to Label":3.718,"External ID":"roc062.jpeg","Agreement":null,"Benchmark Agreement":null,"Benchmark ID":null,"Benchmark Reference ID":null,"Dataset Name":"roc","Reviews":[],"View Label":"https://editor.labelbox.com?project=ck5mul9uoubch0978j3kpdu1q&label=ck5n82h24z0ui09784ro5aiak"},{"ID":"ck5n82kpy14yx0989tc6jk1hq","DataRow ID":"ck5muaolg9rq80doq1ucz6x9c","Labeled Data":"https://storage.labelbox.com/ck5m7hol2ltok0843iolzs4yv%2F5d68490e-0bac-125c-f017-6c19f5151b75-roc094.jpeg?Expires=1580812220850&KeyName=labelbox-assets-key-1&Signature=YRWMol3C3mJhpgzmJ_iRtWfympE","Label":{"objects":[{"featureId":"ck5n82k01027x0x8zvyfgbo3a","schemaId":"ck5mult86iel00835fuvc72fz","title":"roc","value":"roc","color":"#FF0000","bbox":{"top":110,"left":88,"height":36,"width":46}}],"classifications":[]},"Created By":"jokekeh773@etopmail.com","Project Name":"roc","Created At":"2020-01-21T01:51:13.000Z","Updated At":"2020-01-21T04:12:05.000Z","Seconds to Label":3.66,"External ID":"roc094.jpeg","Agreement":null,"Benchmark Agreement":null,"Benchmark ID":null,"Benchmark Reference ID":null,"Dataset Name":"roc","Reviews":[],"View Label":"https://editor.labelbox.com?project=ck5mul9uoubch0978j3kpdu1q&label=ck5n82kpy14yx0989tc6jk1hq"},{"ID":"ck5n82nyiz0w209789pslun4d","DataRow ID":"ck5muaol09rfw0doqcsd2hedl","Labeled Data":"https://storage.labelbox.com/ck5m7hol2ltok0843iolzs4yv%2F43b0e4ab-78ff-34de-55a0-67148c29ba19-roc001.jpeg?Expires=1580812220850&KeyName=labelbox-assets-key-1&Signature=XwjjW29ilPethk4A6FZRp_ZrUic","Label":{"objects":[{"featureId":"ck5n82nf7027b0x8rgpk1fe24","schemaId":"ck5mult86iel00835fuvc72fz","title":"roc","value":"roc","color":"#FF0000","bbox":{"top":50,"left":27,"height":136,"width":176}}],"classifications":[]},"Created By":"jokekeh773@etopmail.com","Project Name":"roc","Created At":"2020-01-21T01:51:17.000Z","Updated At":"2020-01-21T04:11:56.000Z","Seconds to Label":4.607,"External ID":"roc001.jpeg","Agreement":null,"Benchmark Agreement":null,"Benchmark ID":null,"Benchmark Reference ID":null,"Dataset Name":"roc","Reviews":[],"View Label":"https://editor.labelbox.com?project=ck5mul9uoubch0978j3kpdu1q&label=ck5n82nyiz0w209789pslun4d"},{"ID":"ck5n82r27n21x08359q6x3ec6","DataRow ID":"ck5muaol79rjg0doq3rq73kmt","Labeled Data":"https://storage.labelbox.com/ck5m7hol2ltok0843iolzs4yv%2F7c0a55e9-4a23-26bf-1993-ee61435e0eb1-roc033.jpeg?Expires=1580812220850&KeyName=labelbox-assets-key-1&Signature=x5hlv_P8Ucj2R7sFYkaNtmQfRwI","Label":{"objects":[{"featureId":"ck5n82qbl029r0x75tl24izxd","schemaId":"ck5mult86iel00835fuvc72fz","title":"roc","value":"roc","color":"#FF0000","bbox":{"top":34,"left":0,"height":131,"width":224}}],"classifications":[]},"Created By":"jokekeh773@etopmail.com","Project Name":"roc","Created At":"2020-01-21T01:51:21.000Z","Updated At":"2020-01-21T04:11:43.000Z","Seconds to Label":3.5140000000000002,"External ID":"roc033.jpeg","Agreement":null,"Benchmark Agreement":null,"Benchmark ID":null,"Benchmark Reference ID":null,"Dataset Name":"roc","Reviews":[],"View Label":"https://editor.labelbox.com?project=ck5mul9uoubch0978j3kpdu1q&label=ck5n82r27n21x08359q6x3ec6"},{"ID":"ck5n82u6x77cj0952nd32njwg","DataRow ID":"ck5muaola9rn00doq3996cyke","Labeled Data":"https://storage.labelbox.com/ck5m7hol2ltok0843iolzs4yv%2F394b2cf0-39ea-b10d-1902-247fbbdd0aa6-roc065.jpeg?Expires=1580812220850&KeyName=labelbox-assets-key-1&Signature=iB-wNiaAFHGc_spIHHYlgPdb0nM","Label":{"objects":[{"featureId":"ck5n82tkk02850x8zwcznvjga","schemaId":"ck5mult86iel00835fuvc72fz","title":"roc","value":"roc","color":"#FF0000","bbox":{"top":76,"left":29,"height":88,"width":150}}],"classifications":[]},"Created By":"jokekeh773@etopmail.com","Project Name":"roc","Created At":"2020-01-21T01:51:25.000Z","Updated At":"2020-01-21T04:11:34.000Z","Seconds to Label":4.720000000000001,"External ID":"roc065.jpeg","Agreement":null,"Benchmark Agreement":null,"Benchmark ID":null,"Benchmark Reference ID":null,"Dataset Name":"roc","Reviews":[],"View Label":"https://editor.labelbox.com?project=ck5mul9uoubch0978j3kpdu1q&label=ck5n82u6x77cj0952nd32njwg"},{"ID":"ck5n82x0oz0yc0978oz2t92qc","DataRow ID":"ck5muaolh9rqk0doqfcnyhk5n","Labeled Data":"https://storage.labelbox.com/ck5m7hol2ltok0843iolzs4yv%2Fdbc5d542-4cc1-060a-9016-8d520c4d5e04-roc097.jpeg?Expires=1580812220851&KeyName=labelbox-assets-key-1&Signature=fUSw68poMyZyS94kUqm5UjVBoyY","Label":{"objects":[{"featureId":"ck5n82whs028a0x8zp13bn1v5","schemaId":"ck5mult86iel00835fuvc72fz","title":"roc","value":"roc","color":"#FF0000","bbox":{"top":161,"left":24,"height":61,"width":121}}],"classifications":[]},"Created By":"jokekeh773@etopmail.com","Project Name":"roc","Created At":"2020-01-21T01:51:29.000Z","Updated At":"2020-01-21T04:11:15.000Z","Seconds to Label":3.9159999999999995,"External ID":"roc097.jpeg","Agreement":null,"Benchmark Agreement":null,"Benchmark ID":null,"Benchmark Reference ID":null,"Dataset Name":"roc","Reviews":[],"View Label":"https://editor.labelbox.com?project=ck5mul9uoubch0978j3kpdu1q&label=ck5n82x0oz0yc0978oz2t92qc"},{"ID":"ck5n82zrg77dz0952vk019jye","DataRow ID":"ck5muaol09rg80doqb9dy89vz","Labeled Data":"https://storage.labelbox.com/ck5m7hol2ltok0843iolzs4yv%2F3311f862-a035-af26-5f29-4cc817f02e01-roc004.jpeg?Expires=1580812220851&KeyName=labelbox-assets-key-1&Signature=wyN1SLje_lWkB7fEN0z94fbpr7Y","Label":{"objects":[{"featureId":"ck5n82z01027p0x8r1povh9px","schemaId":"ck5mult86iel00835fuvc72fz","title":"roc","value":"roc","color":"#FF0000","bbox":{"top":40,"left":24,"height":159,"width":145}}],"classifications":[]},"Created By":"jokekeh773@etopmail.com","Project Name":"roc","Created At":"2020-01-21T01:51:32.000Z","Updated At":"2020-01-21T04:11:05.000Z","Seconds to Label":3.85,"External ID":"roc004.jpeg","Agreement":null,"Benchmark Agreement":null,"Benchmark ID":null,"Benchmark Reference ID":null,"Dataset Name":"roc","Reviews":[],"View Label":"https://editor.labelbox.com?project=ck5mul9uoubch0978j3kpdu1q&label=ck5n82zrg77dz0952vk019jye"},{"ID":"ck5n832jh77ey0952vdvsaw6i","DataRow ID":"ck5muaol79rjs0doq5t6gclwv","Labeled Data":"https://storage.labelbox.com/ck5m7hol2ltok0843iolzs4yv%2F9a63f96b-4829-acd3-6e92-3737771d7464-roc036.jpeg?Expires=1580812220851&KeyName=labelbox-assets-key-1&Signature=UVdAhZK492yljikln2FkJzeK9Fo","Label":{"objects":[{"featureId":"ck5n8320z02a30x75jfl3gj7k","schemaId":"ck5mult86iel00835fuvc72fz","title":"roc","value":"roc","color":"#FF0000","bbox":{"top":65,"left":48,"height":108,"width":129}}],"classifications":[]},"Created By":"jokekeh773@etopmail.com","Project Name":"roc","Created At":"2020-01-21T01:51:36.000Z","Updated At":"2020-01-21T04:10:52.000Z","Seconds to Label":46.841,"External ID":"roc036.jpeg","Agreement":null,"Benchmark Agreement":null,"Benchmark ID":null,"Benchmark Reference ID":null,"Dataset Name":"roc","Reviews":[],"View Label":"https://editor.labelbox.com?project=ck5mul9uoubch0978j3kpdu1q&label=ck5n832jh77ey0952vdvsaw6i"},{"ID":"ck5n835tln25f0835ldf5sgxn","DataRow ID":"ck5muaolb9rnc0doqb9ys1r6u","Labeled Data":"https://storage.labelbox.com/ck5m7hol2ltok0843iolzs4yv%2F9159d8df-e2cf-65e6-e8a5-945fe25a73dc-roc068.jpeg?Expires=1580812220851&KeyName=labelbox-assets-key-1&Signature=JdphLHPq9V0itmWYjsUyV1b533E","Label":{"objects":[{"featureId":"ck5n83564027u0x8rswead0nj","schemaId":"ck5mult86iel00835fuvc72fz","title":"roc","value":"roc","color":"#FF0000","bbox":{"top":37,"left":46,"height":149,"width":169}}],"classifications":[]},"Created By":"jokekeh773@etopmail.com","Project Name":"roc","Created At":"2020-01-21T01:51:40.000Z","Updated At":"2020-01-21T04:10:17.000Z","Seconds to Label":6.006,"External ID":"roc068.jpeg","Agreement":null,"Benchmark Agreement":null,"Benchmark ID":null,"Benchmark Reference ID":null,"Dataset Name":"roc","Reviews":[],"View Label":"https://editor.labelbox.com?project=ck5mul9uoubch0978j3kpdu1q&label=ck5n835tln25f0835ldf5sgxn"},{"ID":"ck5n83aqh15530989by87womv","DataRow ID":"ck5muaolh9rqw0doqg0yx62ht","Labeled Data":"https://storage.labelbox.com/ck5m7hol2ltok0843iolzs4yv%2F027e5979-fc62-4dd9-443a-b8c8f6161771-roc100.jpeg?Expires=1580812220851&KeyName=labelbox-assets-key-1&Signature=dgdTzlB0i5l0tD7Bd7ENdGdWjnQ","Label":{"objects":[{"featureId":"ck5n839ye028k0x8z18x1r849","schemaId":"ck5mult86iel00835fuvc72fz","title":"roc","value":"roc","color":"#FF0000","bbox":{"top":25,"left":8,"height":199,"width":103}}],"classifications":[]},"Created By":"jokekeh773@etopmail.com","Project Name":"roc","Created At":"2020-01-21T01:51:46.000Z","Updated At":"2020-01-21T04:10:05.000Z","Seconds to Label":5.692,"External ID":"roc100.jpeg","Agreement":null,"Benchmark Agreement":null,"Benchmark ID":null,"Benchmark Reference ID":null,"Dataset Name":"roc","Reviews":[],"View Label":"https://editor.labelbox.com?project=ck5mul9uoubch0978j3kpdu1q&label=ck5n83aqh15530989by87womv"},{"ID":"ck5n83f72z13e097880txvd0c","DataRow ID":"ck5muaol09rgk0doq7dx6dsvr","Labeled Data":"https://storage.labelbox.com/ck5m7hol2ltok0843iolzs4yv%2Fab45166c-e143-2fde-2300-32cf4aa5283f-roc007.jpeg?Expires=1580812220851&KeyName=labelbox-assets-key-1&Signature=VMwGuF06oThQ2cFeKXUfvwoS5dI","Label":{"objects":[{"featureId":"ck5n83edf028r0x8zek3p6cz9","schemaId":"ck5mult86iel00835fuvc72fz","title":"roc","value":"roc","color":"#FF0000","bbox":{"top":0,"left":44,"height":204,"width":180}}],"classifications":[]},"Created By":"jokekeh773@etopmail.com","Project Name":"roc","Created At":"2020-01-21T01:51:52.000Z","Updated At":"2020-01-21T01:51:52.000Z","Seconds to Label":2.632,"External ID":"roc007.jpeg","Agreement":null,"Benchmark Agreement":null,"Benchmark ID":null,"Benchmark Reference ID":null,"Dataset Name":"roc","Reviews":[],"View Label":"https://editor.labelbox.com?project=ck5mul9uoubch0978j3kpdu1q&label=ck5n83f72z13e097880txvd0c"},{"ID":"ck5n83i4fz14k0978lc08pz3m","DataRow ID":"ck5muaol89rk40doq480p2rxz","Labeled Data":"https://storage.labelbox.com/ck5m7hol2ltok0843iolzs4yv%2F10b61191-5f18-9e04-5daf-b83ab9b653e2-roc039.jpeg?Expires=1580812220851&KeyName=labelbox-assets-key-1&Signature=iCefD7G3GSu0cqDiHNchUR2lHd4","Label":{"objects":[{"featureId":"ck5n83hh6028v0x8z81iah873","schemaId":"ck5mult86iel00835fuvc72fz","title":"roc","value":"roc","color":"#FF0000","bbox":{"top":29,"left":0,"height":161,"width":192}}],"classifications":[]},"Created By":"jokekeh773@etopmail.com","Project Name":"roc","Created At":"2020-01-21T01:51:56.000Z","Updated At":"2020-01-21T04:09:47.000Z","Seconds to Label":2.761,"External ID":"roc039.jpeg","Agreement":null,"Benchmark Agreement":null,"Benchmark ID":null,"Benchmark Reference ID":null,"Dataset Name":"roc","Reviews":[],"View Label":"https://editor.labelbox.com?project=ck5mul9uoubch0978j3kpdu1q&label=ck5n83i4fz14k0978lc08pz3m"},{"ID":"ck5n83lsc159b0989y21vrz7c","DataRow ID":"ck5muaold9rno0doqhxj7gw7k","Labeled Data":"https://storage.labelbox.com/ck5m7hol2ltok0843iolzs4yv%2F1d0f0331-85c1-6cbd-4a2a-6d1e23b8f9ea-roc071.jpeg?Expires=1580812220851&KeyName=labelbox-assets-key-1&Signature=E9dnWI37AC0ob1kk4OuzjfpYk88","Label":{"objects":[{"featureId":"ck5n83lag028a0x8rfccucleg","schemaId":"ck5mult86iel00835fuvc72fz","title":"roc","value":"roc","color":"#FF0000","bbox":{"top":32,"left":8,"height":158,"width":214}}],"classifications":[]},"Created By":"jokekeh773@etopmail.com","Project Name":"roc","Created At":"2020-01-21T01:52:01.000Z","Updated At":"2020-01-21T04:09:39.000Z","Seconds to Label":3.997,"External ID":"roc071.jpeg","Agreement":null,"Benchmark Agreement":null,"Benchmark ID":null,"Benchmark Reference ID":null,"Dataset Name":"roc","Reviews":[],"View Label":"https://editor.labelbox.com?project=ck5mul9uoubch0978j3kpdu1q&label=ck5n83lsc159b0989y21vrz7c"},{"ID":"ck5n83p1d79xk09296av1nznq","DataRow ID":"ck5muaol19rgw0doqa361fqbz","Labeled Data":"https://storage.labelbox.com/ck5m7hol2ltok0843iolzs4yv%2F7d82d199-9eda-e56e-0953-020e85f0fe7f-roc010.jpeg?Expires=1580812220851&KeyName=labelbox-assets-key-1&Signature=FvucgSaHaCnne9HTyA9vpD7dFz8","Label":{"objects":[{"featureId":"ck5n83o3c02940x8zoqoy1xyo","schemaId":"ck5mult86iel00835fuvc72fz","title":"roc","value":"roc","color":"#FF0000","bbox":{"top":12,"left":5,"height":171,"width":205}}],"classifications":[]},"Created By":"jokekeh773@etopmail.com","Project Name":"roc","Created At":"2020-01-21T01:52:05.000Z","Updated At":"2020-01-21T04:09:24.000Z","Seconds to Label":5.348999999999999,"External ID":"roc010.jpeg","Agreement":null,"Benchmark Agreement":null,"Benchmark ID":null,"Benchmark Reference ID":null,"Dataset Name":"roc","Reviews":[],"View Label":"https://editor.labelbox.com?project=ck5mul9uoubch0978j3kpdu1q&label=ck5n83p1d79xk09296av1nznq"},{"ID":"ck5n83s9nyn7i0843qssgkzmc","DataRow ID":"ck5muaol89rkg0doqbwwc4k8o","Labeled Data":"https://storage.labelbox.com/ck5m7hol2ltok0843iolzs4yv%2F204656d0-7430-6d69-f2d3-6cb67d3c3532-roc042.jpeg?Expires=1580812220851&KeyName=labelbox-assets-key-1&Signature=JXRMEyS-CtHoupg7r0J4PLTWhp8","Label":{"objects":[{"featureId":"ck5n83rjz028g0x8r9x15rd2a","schemaId":"ck5mult86iel00835fuvc72fz","title":"roc","value":"roc","color":"#FF0000","bbox":{"top":58,"left":20,"height":154,"width":202}}],"classifications":[]},"Created By":"jokekeh773@etopmail.com","Project Name":"roc","Created At":"2020-01-21T01:52:09.000Z","Updated At":"2020-01-21T04:08:55.000Z","Seconds to Label":3.6420000000000003,"External ID":"roc042.jpeg","Agreement":null,"Benchmark Agreement":null,"Benchmark ID":null,"Benchmark Reference ID":null,"Dataset Name":"roc","Reviews":[],"View Label":"https://editor.labelbox.com?project=ck5mul9uoubch0978j3kpdu1q&label=ck5n83s9nyn7i0843qssgkzmc"},{"ID":"ck5n840297a0n0929qrtp351m","DataRow ID":"ck5muaold9ro00doqcnc9fzb4","Labeled Data":"https://storage.labelbox.com/ck5m7hol2ltok0843iolzs4yv%2Fcfdd4733-76fb-eca9-5c78-6aa452e876d9-roc074.jpeg?Expires=1580812220851&KeyName=labelbox-assets-key-1&Signature=JnfaxCq1fKsvG1gMln8HOafaHPw","Label":{"objects":[{"featureId":"ck5n83vfg02980x8zmurl6ytu","schemaId":"ck5mult86iel00835fuvc72fz","title":"roc","value":"roc","color":"#FF0000","bbox":{"top":56,"left":21,"height":70,"width":164}}],"classifications":[]},"Created By":"jokekeh773@etopmail.com","Project Name":"roc","Created At":"2020-01-21T01:52:19.000Z","Updated At":"2020-01-21T04:08:44.000Z","Seconds to Label":12.052000000000001,"External ID":"roc074.jpeg","Agreement":null,"Benchmark Agreement":null,"Benchmark ID":null,"Benchmark Reference ID":null,"Dataset Name":"roc","Reviews":[],"View Label":"https://editor.labelbox.com?project=ck5mul9uoubch0978j3kpdu1q&label=ck5n840297a0n0929qrtp351m"},{"ID":"ck5n8459dtcm50a567y08m0ng","DataRow ID":"ck5muaol19rh80doqf8a89g99","Labeled Data":"https://storage.labelbox.com/ck5m7hol2ltok0843iolzs4yv%2Fb434765f-9ec3-5963-0ec0-4629fbac629b-roc013.jpeg?Expires=1580812220851&KeyName=labelbox-assets-key-1&Signature=CjlixZtjIfV4ov-ma9SBF5oOq8o","Label":{"objects":[{"featureId":"ck5n844dm02b30x75nov5pewj","schemaId":"ck5mult86iel00835fuvc72fz","title":"roc","value":"roc","color":"#FF0000","bbox":{"top":21,"left":11,"height":186,"width":207}}],"classifications":[]},"Created By":"jokekeh773@etopmail.com","Project Name":"roc","Created At":"2020-01-21T01:52:26.000Z","Updated At":"2020-01-21T04:08:28.000Z","Seconds to Label":6.353999999999999,"External ID":"roc013.jpeg","Agreement":null,"Benchmark Agreement":null,"Benchmark ID":null,"Benchmark Reference ID":null,"Dataset Name":"roc","Reviews":[],"View Label":"https://editor.labelbox.com?project=ck5mul9uoubch0978j3kpdu1q&label=ck5n8459dtcm50a567y08m0ng"},{"ID":"ck5n848ry77nf0952wudakcmj","DataRow ID":"ck5muaol89rks0doqfgay779k","Labeled Data":"https://storage.labelbox.com/ck5m7hol2ltok0843iolzs4yv%2F06c8e973-cf51-bfe4-8c00-b00fd4bcd321-roc045.jpeg?Expires=1580812220852&KeyName=labelbox-assets-key-1&Signature=G6sr-lrUhhTyF7ssiW_7Gidk_Sk","Label":{"objects":[{"featureId":"ck5n847ju029h0x8zjfjb8waz","schemaId":"ck5mult86iel00835fuvc72fz","title":"roc","value":"roc","color":"#FF0000","bbox":{"top":69,"left":30,"height":94,"width":194}}],"classifications":[]},"Created By":"jokekeh773@etopmail.com","Project Name":"roc","Created At":"2020-01-21T01:52:31.000Z","Updated At":"2020-01-21T04:08:12.000Z","Seconds to Label":2.8049999999999997,"External ID":"roc045.jpeg","Agreement":null,"Benchmark Agreement":null,"Benchmark ID":null,"Benchmark Reference ID":null,"Dataset Name":"roc","Reviews":[],"View Label":"https://editor.labelbox.com?project=ck5mul9uoubch0978j3kpdu1q&label=ck5n848ry77nf0952wudakcmj"},{"ID":"ck5n84btqz1cj0978stw913f4","DataRow ID":"ck5muaole9roc0doqgxqxc3pr","Labeled Data":"https://storage.labelbox.com/ck5m7hol2ltok0843iolzs4yv%2Fb191b76c-82c8-e5b4-8cf5-59556c86ed98-roc077.jpeg?Expires=1580812220852&KeyName=labelbox-assets-key-1&Signature=26RJXGC4Hf6PAXA4XTeOcbraK-Y","Label":{"objects":[{"featureId":"ck5n84b0e02b80x75q2na6b37","schemaId":"ck5mult86iel00835fuvc72fz","title":"roc","value":"roc","color":"#FF0000","bbox":{"top":72,"left":44,"height":104,"width":74}}],"classifications":[]},"Created By":"jokekeh773@etopmail.com","Project Name":"roc","Created At":"2020-01-21T01:52:35.000Z","Updated At":"2020-01-21T01:52:35.000Z","Seconds to Label":2.207,"External ID":"roc077.jpeg","Agreement":null,"Benchmark Agreement":null,"Benchmark ID":null,"Benchmark Reference ID":null,"Dataset Name":"roc","Reviews":[],"View Label":"https://editor.labelbox.com?project=ck5mul9uoubch0978j3kpdu1q&label=ck5n84btqz1cj0978stw913f4"},{"ID":"ck5n84fo015ef0989x669tfm1","DataRow ID":"ck5muaol19rhk0doq96vlfaih","Labeled Data":"https://storage.labelbox.com/ck5m7hol2ltok0843iolzs4yv%2F2ea8931a-4c12-5869-4dff-acc0b92222df-roc016.jpeg?Expires=1580812220852&KeyName=labelbox-assets-key-1&Signature=iZ3_XXZZ_1FqgzT-zYhSpqDdZIU","Label":{"objects":[{"featureId":"ck5n84f0k02bb0x75m7sifnmo","schemaId":"ck5mult86iel00835fuvc72fz","title":"roc","value":"roc","color":"#FF0000","bbox":{"top":29,"left":42,"height":153,"width":123}}],"classifications":[]},"Created By":"jokekeh773@etopmail.com","Project Name":"roc","Created At":"2020-01-21T01:52:40.000Z","Updated At":"2020-01-21T04:07:54.000Z","Seconds to Label":5.481999999999999,"External ID":"roc016.jpeg","Agreement":null,"Benchmark Agreement":null,"Benchmark ID":null,"Benchmark Reference ID":null,"Dataset Name":"roc","Reviews":[],"View Label":"https://editor.labelbox.com?project=ck5mul9uoubch0978j3kpdu1q&label=ck5n84fo015ef0989x669tfm1"},{"ID":"ck5n84jj515f90989lte3ibs1","DataRow ID":"ck5muaol99rl40doq1uuw5alz","Labeled Data":"https://storage.labelbox.com/ck5m7hol2ltok0843iolzs4yv%2F6aaace19-7934-cb34-59cb-2c08924f73cc-roc048.jpeg?Expires=1580812220852&KeyName=labelbox-assets-key-1&Signature=oqDS2hjGFrx1E7NBFnpg9CUNI_I","Label":{"objects":[{"featureId":"ck5n84i6c02900x8r8xbiawse","schemaId":"ck5mult86iel00835fuvc72fz","title":"roc","value":"roc","color":"#FF0000","bbox":{"top":50,"left":41,"height":140,"width":152}}],"classifications":[]},"Created By":"jokekeh773@etopmail.com","Project Name":"roc","Created At":"2020-01-21T01:52:45.000Z","Updated At":"2020-01-21T04:07:44.000Z","Seconds to Label":4.789,"External ID":"roc048.jpeg","Agreement":null,"Benchmark Agreement":null,"Benchmark ID":null,"Benchmark Reference ID":null,"Dataset Name":"roc","Reviews":[],"View Label":"https://editor.labelbox.com?project=ck5mul9uoubch0978j3kpdu1q&label=ck5n84jj515f90989lte3ibs1"},{"ID":"ck5n84malj98h0770wgohnik5","DataRow ID":"ck5muaole9roo0doqa15g1wz8","Labeled Data":"https://storage.labelbox.com/ck5m7hol2ltok0843iolzs4yv%2F0162e118-8842-cc2a-335e-7c8e8b7f3a52-roc080.jpeg?Expires=1580812220852&KeyName=labelbox-assets-key-1&Signature=2rOop8CgyeTsKwCKOU4UPpIldVI","Label":{"objects":[{"featureId":"ck5n84li202be0x758nc80ghh","schemaId":"ck5mult86iel00835fuvc72fz","title":"roc","value":"roc","color":"#FF0000","bbox":{"top":27,"left":36,"height":130,"width":125}}],"classifications":[]},"Created By":"jokekeh773@etopmail.com","Project Name":"roc","Created At":"2020-01-21T01:52:48.000Z","Updated At":"2020-01-21T04:07:33.000Z","Seconds to Label":5.154999999999999,"External ID":"roc080.jpeg","Agreement":null,"Benchmark Agreement":null,"Benchmark ID":null,"Benchmark Reference ID":null,"Dataset Name":"roc","Reviews":[],"View Label":"https://editor.labelbox.com?project=ck5mul9uoubch0978j3kpdu1q&label=ck5n84malj98h0770wgohnik5"},{"ID":"ck5n84pw5yne00843zntyc1gf","DataRow ID":"ck5muaol19rhw0doq64yb6blg","Labeled Data":"https://storage.labelbox.com/ck5m7hol2ltok0843iolzs4yv%2Ff01d83c3-e221-1c3b-730c-a06e2ffa4996-roc019.jpeg?Expires=1580812220852&KeyName=labelbox-assets-key-1&Signature=zMGLtI6YaSjh7HVi8AXGYojtknE","Label":{"objects":[{"featureId":"ck5n84pbl02a50x8zqnck91xg","schemaId":"ck5mult86iel00835fuvc72fz","title":"roc","value":"roc","color":"#FF0000","bbox":{"top":24,"left":0,"height":159,"width":224}}],"classifications":[]},"Created By":"jokekeh773@etopmail.com","Project Name":"roc","Created At":"2020-01-21T01:52:53.000Z","Updated At":"2020-01-21T01:52:53.000Z","Seconds to Label":2.877,"External ID":"roc019.jpeg","Agreement":null,"Benchmark Agreement":null,"Benchmark ID":null,"Benchmark Reference ID":null,"Dataset Name":"roc","Reviews":[],"View Label":"https://editor.labelbox.com?project=ck5mul9uoubch0978j3kpdu1q&label=ck5n84pw5yne00843zntyc1gf"},{"ID":"ck5n84thsj9ak0770pjwqcs1u","DataRow ID":"ck5muaol99rlg0doqapoz7nqy","Labeled Data":"https://storage.labelbox.com/ck5m7hol2ltok0843iolzs4yv%2F6cd8c6bc-258d-85bb-ba97-ab05bc7ecb33-roc051.jpeg?Expires=1580812220852&KeyName=labelbox-assets-key-1&Signature=R-sH-_vwXpBNRRyJzUnJlN7eTDc","Label":{"objects":[{"featureId":"ck5n84smv02bk0x75wicupdjf","schemaId":"ck5mult86iel00835fuvc72fz","title":"roc","value":"roc","color":"#FF0000","bbox":{"top":27,"left":38,"height":98,"width":150}}],"classifications":[]},"Created By":"jokekeh773@etopmail.com","Project Name":"roc","Created At":"2020-01-21T01:52:57.000Z","Updated At":"2020-01-21T04:07:18.000Z","Seconds to Label":6.053,"External ID":"roc051.jpeg","Agreement":null,"Benchmark Agreement":null,"Benchmark ID":null,"Benchmark Reference ID":null,"Dataset Name":"roc","Reviews":[],"View Label":"https://editor.labelbox.com?project=ck5mul9uoubch0978j3kpdu1q&label=ck5n84thsj9ak0770pjwqcs1u"},{"ID":"ck5n84w6nz1hj0978zyvvnxqg","DataRow ID":"ck5muaole9rp00doq3m867x0w","Labeled Data":"https://storage.labelbox.com/ck5m7hol2ltok0843iolzs4yv%2F64abdfc8-c253-de6b-7486-32bb3b723344-roc083.jpeg?Expires=1580812220852&KeyName=labelbox-assets-key-1&Signature=urdHAVSWRE9K6bLsnmVcsq72fMM","Label":{"objects":[{"featureId":"ck5n84vl702bp0x75zscjhft2","schemaId":"ck5mult86iel00835fuvc72fz","title":"roc","value":"roc","color":"#FF0000","bbox":{"top":51,"left":28,"height":138,"width":56}}],"classifications":[]},"Created By":"jokekeh773@etopmail.com","Project Name":"roc","Created At":"2020-01-21T01:53:01.000Z","Updated At":"2020-01-21T04:07:02.000Z","Seconds to Label":6.124,"External ID":"roc083.jpeg","Agreement":null,"Benchmark Agreement":null,"Benchmark ID":null,"Benchmark Reference ID":null,"Dataset Name":"roc","Reviews":[],"View Label":"https://editor.labelbox.com?project=ck5mul9uoubch0978j3kpdu1q&label=ck5n84w6nz1hj0978zyvvnxqg"},{"ID":"ck5n84zzw7aa4092979is314d","DataRow ID":"ck5muaol29ri80doqf1hk85uv","Labeled Data":"https://storage.labelbox.com/ck5m7hol2ltok0843iolzs4yv%2F1352162f-ed99-55be-e001-8b2c9e50d926-roc022.jpeg?Expires=1580812220852&KeyName=labelbox-assets-key-1&Signature=VbrdcjbRck0HzDddFNFfncbHBmY","Label":{"objects":[{"featureId":"ck5n84ysw02ac0x8z6z3ki5w6","schemaId":"ck5mult86iel00835fuvc72fz","title":"roc","value":"roc","color":"#FF0000","bbox":{"top":48,"left":46,"height":132,"width":140}}],"classifications":[]},"Created By":"jokekeh773@etopmail.com","Project Name":"roc","Created At":"2020-01-21T01:53:06.000Z","Updated At":"2020-01-21T04:06:51.000Z","Seconds to Label":4.257,"External ID":"roc022.jpeg","Agreement":null,"Benchmark Agreement":null,"Benchmark ID":null,"Benchmark Reference ID":null,"Dataset Name":"roc","Reviews":[],"View Label":"https://editor.labelbox.com?project=ck5mul9uoubch0978j3kpdu1q&label=ck5n84zzw7aa4092979is314d"},{"ID":"ck5n857os77ut0952o68v6hc0","DataRow ID":"ck5muaol99rls0doq3g95868p","Labeled Data":"https://storage.labelbox.com/ck5m7hol2ltok0843iolzs4yv%2Fab929113-9a35-2662-c8e8-15bd9a328671-roc054.jpeg?Expires=1580812220853&KeyName=labelbox-assets-key-1&Signature=RmsGEqQiRGOLdb4-BSe2Eaizo1Q","Label":{"objects":[{"featureId":"ck5n854un02bt0x75bb6ccdqg","schemaId":"ck5mult86iel00835fuvc72fz","title":"roc","value":"roc","color":"#FF0000","bbox":{"top":92,"left":88,"height":107,"width":90}}],"classifications":[]},"Created By":"jokekeh773@etopmail.com","Project Name":"roc","Created At":"2020-01-21T01:53:16.000Z","Updated At":"2020-01-21T01:53:16.000Z","Seconds to Label":15.725999999999999,"External ID":"roc054.jpeg","Agreement":null,"Benchmark Agreement":null,"Benchmark ID":null,"Benchmark Reference ID":null,"Dataset Name":"roc","Reviews":[],"View Label":"https://editor.labelbox.com?project=ck5mul9uoubch0978j3kpdu1q&label=ck5n857os77ut0952o68v6hc0"},{"ID":"ck5n85c3mynif08430ba3n8u5","DataRow ID":"ck5muaolf9rpc0doq6t79bwtx","Labeled Data":"https://storage.labelbox.com/ck5m7hol2ltok0843iolzs4yv%2F8069ae8b-e604-1255-9168-17c0d7609fcc-roc086.jpeg?Expires=1580812220853&KeyName=labelbox-assets-key-1&Signature=wBorFupqYubJOSVnR3CscjUmosM","Label":{"objects":[{"featureId":"ck5n85bkq02ak0x8zjxf6cpqe","schemaId":"ck5mult86iel00835fuvc72fz","title":"roc","value":"roc","color":"#FF0000","bbox":{"top":80,"left":78,"height":39,"width":28}}],"classifications":[]},"Created By":"jokekeh773@etopmail.com","Project Name":"roc","Created At":"2020-01-21T01:53:22.000Z","Updated At":"2020-01-21T04:06:33.000Z","Seconds to Label":5.452,"External ID":"roc086.jpeg","Agreement":null,"Benchmark Agreement":null,"Benchmark ID":null,"Benchmark Reference ID":null,"Dataset Name":"roc","Reviews":[],"View Label":"https://editor.labelbox.com?project=ck5mul9uoubch0978j3kpdu1q&label=ck5n85c3mynif08430ba3n8u5"},{"ID":"ck5n85f8b15m20989ju5lw6g8","DataRow ID":"ck5muaol29rik0doq73slf3m5","Labeled Data":"https://storage.labelbox.com/ck5m7hol2ltok0843iolzs4yv%2F885affb6-4eef-ca29-e16d-2d20f46fee5b-roc025.jpeg?Expires=1580812220853&KeyName=labelbox-assets-key-1&Signature=LK5-5t6PKJLF3k27PdP96NXX46E","Label":{"objects":[{"featureId":"ck5n85efv029t0x8r0ohjxgcw","schemaId":"ck5mult86iel00835fuvc72fz","title":"roc","value":"roc","color":"#FF0000","bbox":{"top":0,"left":55,"height":123,"width":100}}],"classifications":[]},"Created By":"jokekeh773@etopmail.com","Project Name":"roc","Created At":"2020-01-21T01:53:26.000Z","Updated At":"2020-01-21T04:06:20.000Z","Seconds to Label":3.0229999999999997,"External ID":"roc025.jpeg","Agreement":null,"Benchmark Agreement":null,"Benchmark ID":null,"Benchmark Reference ID":null,"Dataset Name":"roc","Reviews":[],"View Label":"https://editor.labelbox.com?project=ck5mul9uoubch0978j3kpdu1q&label=ck5n85f8b15m20989ju5lw6g8"},{"ID":"ck5n85i4bynjw08439dt2qj3k","DataRow ID":"ck5muaol99rm40doqcj3s635z","Labeled Data":"https://storage.labelbox.com/ck5m7hol2ltok0843iolzs4yv%2Ff608cb0d-0f42-3218-309c-6ad84b7b615d-roc057.jpeg?Expires=1580812220853&KeyName=labelbox-assets-key-1&Signature=xOUy_0LLJXI0aNxAw5MucWNCAd0","Label":{"objects":[{"featureId":"ck5n85hcf02c30x75r0x3pk9i","schemaId":"ck5mult86iel00835fuvc72fz","title":"roc","value":"roc","color":"#FF0000","bbox":{"top":59,"left":2,"height":163,"width":222}}],"classifications":[]},"Created By":"jokekeh773@etopmail.com","Project Name":"roc","Created At":"2020-01-21T01:53:29.000Z","Updated At":"2020-01-21T04:06:13.000Z","Seconds to Label":9.447,"External ID":"roc057.jpeg","Agreement":null,"Benchmark Agreement":null,"Benchmark ID":null,"Benchmark Reference ID":null,"Dataset Name":"roc","Reviews":[],"View Label":"https://editor.labelbox.com?project=ck5mul9uoubch0978j3kpdu1q&label=ck5n85i4bynjw08439dt2qj3k"},{"ID":"ck5n85l53j9g10770cioyj9s6","DataRow ID":"ck5muaolf9rpo0doq5bo46p9k","Labeled Data":"https://storage.labelbox.com/ck5m7hol2ltok0843iolzs4yv%2Fa02d59f9-bd9d-a045-5cd7-73a121b0d686-roc089.jpeg?Expires=1580812220853&KeyName=labelbox-assets-key-1&Signature=9HfUnNNILFt_P09YPiFrttxjytA","Label":{"objects":[{"featureId":"ck5n85kj502c60x75luszkdjr","schemaId":"ck5mult86iel00835fuvc72fz","title":"roc","value":"roc","color":"#FF0000","bbox":{"top":67,"left":33,"height":136,"width":85}}],"classifications":[]},"Created By":"jokekeh773@etopmail.com","Project Name":"roc","Created At":"2020-01-21T01:53:33.000Z","Updated At":"2020-01-21T04:05:56.000Z","Seconds to Label":4.2620000000000005,"External ID":"roc089.jpeg","Agreement":null,"Benchmark Agreement":null,"Benchmark ID":null,"Benchmark Reference ID":null,"Dataset Name":"roc","Reviews":[],"View Label":"https://editor.labelbox.com?project=ck5mul9uoubch0978j3kpdu1q&label=ck5n85l53j9g10770cioyj9s6"},{"ID":"ck5n85nr6n2mu08355je1hurq","DataRow ID":"ck5muaol29riw0doq6tusce6j","Labeled Data":"https://storage.labelbox.com/ck5m7hol2ltok0843iolzs4yv%2Feec9758f-36a1-d7df-8827-b603d7aa66a7-roc028.jpeg?Expires=1580812220853&KeyName=labelbox-assets-key-1&Signature=ciUaX3AulG_It5NMRI6xTQ_CqM8","Label":{"objects":[{"featureId":"ck5n85n4902a20x8r2x998p81","schemaId":"ck5mult86iel00835fuvc72fz","title":"roc","value":"roc","color":"#FF0000","bbox":{"top":86,"left":32,"height":112,"width":62}}],"classifications":[]},"Created By":"jokekeh773@etopmail.com","Project Name":"roc","Created At":"2020-01-21T01:53:37.000Z","Updated At":"2020-01-21T04:05:41.000Z","Seconds to Label":4.734,"External ID":"roc028.jpeg","Agreement":null,"Benchmark Agreement":null,"Benchmark ID":null,"Benchmark Reference ID":null,"Dataset Name":"roc","Reviews":[],"View Label":"https://editor.labelbox.com?project=ck5mul9uoubch0978j3kpdu1q&label=ck5n85nr6n2mu08355je1hurq"},{"ID":"ck5n85rn215oo0989zih3kr9t","DataRow ID":"ck5muaola9rmg0doq0st7agsx","Labeled Data":"https://storage.labelbox.com/ck5m7hol2ltok0843iolzs4yv%2Fcc09dfb2-5ab8-6b04-946a-d48e20aa6daf-roc060.jpeg?Expires=1580812220853&KeyName=labelbox-assets-key-1&Signature=dWMIuO8j3QuIu_sMcx75EljHiSI","Label":{"objects":[{"featureId":"ck5n85r4h02aw0x8zhi7ap2e9","schemaId":"ck5mult86iel00835fuvc72fz","title":"roc","value":"roc","color":"#FF0000","bbox":{"top":67,"left":0,"height":137,"width":208}}],"classifications":[]},"Created By":"jokekeh773@etopmail.com","Project Name":"roc","Created At":"2020-01-21T01:53:42.000Z","Updated At":"2020-01-21T04:05:31.000Z","Seconds to Label":4.213,"External ID":"roc060.jpeg","Agreement":null,"Benchmark Agreement":null,"Benchmark ID":null,"Benchmark Reference ID":null,"Dataset Name":"roc","Reviews":[],"View Label":"https://editor.labelbox.com?project=ck5mul9uoubch0978j3kpdu1q&label=ck5n85rn215oo0989zih3kr9t"},{"ID":"ck5n85ufw7aio0929ne4a2p6m","DataRow ID":"ck5muaolf9rq00doq1cd5beiy","Labeled Data":"https://storage.labelbox.com/ck5m7hol2ltok0843iolzs4yv%2F128e6504-3976-e359-a944-72dba7bb1ce3-roc092.jpeg?Expires=1580812220853&KeyName=labelbox-assets-key-1&Signature=Zb-z_5xH0WAm9l1ak2mft-PzalQ","Label":{"objects":[{"featureId":"ck5n85toj02ay0x8zj6xqj3xx","schemaId":"ck5mult86iel00835fuvc72fz","title":"roc","value":"roc","color":"#FF0000","bbox":{"top":103,"left":94,"height":46,"width":34}}],"classifications":[]},"Created By":"jokekeh773@etopmail.com","Project Name":"roc","Created At":"2020-01-21T01:53:45.000Z","Updated At":"2020-01-21T04:05:21.000Z","Seconds to Label":4.413,"External ID":"roc092.jpeg","Agreement":null,"Benchmark Agreement":null,"Benchmark ID":null,"Benchmark Reference ID":null,"Dataset Name":"roc","Reviews":[],"View Label":"https://editor.labelbox.com?project=ck5mul9uoubch0978j3kpdu1q&label=ck5n85ufw7aio0929ne4a2p6m"},{"ID":"ck5n85xmxz1pa0978901e2z7m","DataRow ID":"ck5muaol79rj80doqd7z6g1wk","Labeled Data":"https://storage.labelbox.com/ck5m7hol2ltok0843iolzs4yv%2F5e3d4b8a-f0e5-883e-67de-542825bf4200-roc031.jpeg?Expires=1580812220853&KeyName=labelbox-assets-key-1&Signature=A_EunxurDR0U5sbcyfnVflZv33E","Label":{"objects":[{"featureId":"ck5n85x5b02a90x8r2lw8rq4e","schemaId":"ck5mult86iel00835fuvc72fz","title":"roc","value":"roc","color":"#FF0000","bbox":{"top":15,"left":46,"height":179,"width":132}}],"classifications":[]},"Created By":"jokekeh773@etopmail.com","Project Name":"roc","Created At":"2020-01-21T01:53:49.000Z","Updated At":"2020-01-21T04:05:07.000Z","Seconds to Label":3.62,"External ID":"roc031.jpeg","Agreement":null,"Benchmark Agreement":null,"Benchmark ID":null,"Benchmark Reference ID":null,"Dataset Name":"roc","Reviews":[],"View Label":"https://editor.labelbox.com?project=ck5mul9uoubch0978j3kpdu1q&label=ck5n85xmxz1pa0978901e2z7m"},{"ID":"ck5n860jhynog084361ldlyk6","DataRow ID":"ck5muaola9rms0doq6t2udbxa","Labeled Data":"https://storage.labelbox.com/ck5m7hol2ltok0843iolzs4yv%2Fb8d51408-fd41-998d-adcf-cc3d780a68ac-roc063.jpeg?Expires=1580812220853&KeyName=labelbox-assets-key-1&Signature=KXiE62j42i2oAkX61p8SONbf-ew","Label":{"objects":[{"featureId":"ck5n85zxu02b60x8zzxq2u0kj","schemaId":"ck5mult86iel00835fuvc72fz","title":"roc","value":"roc","color":"#FF0000","bbox":{"top":88,"left":21,"height":104,"width":166}}],"classifications":[]},"Created By":"jokekeh773@etopmail.com","Project Name":"roc","Created At":"2020-01-21T01:53:53.000Z","Updated At":"2020-01-21T04:04:51.000Z","Seconds to Label":4.423,"External ID":"roc063.jpeg","Agreement":null,"Benchmark Agreement":null,"Benchmark ID":null,"Benchmark Reference ID":null,"Dataset Name":"roc","Reviews":[],"View Label":"https://editor.labelbox.com?project=ck5mul9uoubch0978j3kpdu1q&label=ck5n860jhynog084361ldlyk6"},{"ID":"ck5n863bdn2r70835mpyzhrkd","DataRow ID":"ck5muaolg9rqc0doq5q3hcu1f","Labeled Data":"https://storage.labelbox.com/ck5m7hol2ltok0843iolzs4yv%2Fbd566362-d8b3-8af5-bfd7-f9afe5ce6a12-roc095.jpeg?Expires=1580812220853&KeyName=labelbox-assets-key-1&Signature=3BCfav0Q4Dl_RjILdu7nBEvBTSE","Label":{"objects":[{"featureId":"ck5n862pl02ci0x75qxsnl1q1","schemaId":"ck5mult86iel00835fuvc72fz","title":"roc","value":"roc","color":"#FF0000","bbox":{"top":85,"left":144,"height":83,"width":63}}],"classifications":[]},"Created By":"jokekeh773@etopmail.com","Project Name":"roc","Created At":"2020-01-21T01:53:57.000Z","Updated At":"2020-01-21T04:04:36.000Z","Seconds to Label":11.286,"External ID":"roc095.jpeg","Agreement":null,"Benchmark Agreement":null,"Benchmark ID":null,"Benchmark Reference ID":null,"Dataset Name":"roc","Reviews":[],"View Label":"https://editor.labelbox.com?project=ck5mul9uoubch0978j3kpdu1q&label=ck5n863bdn2r70835mpyzhrkd"},{"ID":"ck5n866dhynqh084301x4rzfa","DataRow ID":"ck5muaol09rg00doq9pf7d5ad","Labeled Data":"https://storage.labelbox.com/ck5m7hol2ltok0843iolzs4yv%2F0ec2efb7-343e-af98-5b1b-7b648ef57ea6-roc002.jpeg?Expires=1580812220853&KeyName=labelbox-assets-key-1&Signature=szzphJhOxk9LIaT3fAZfM-musoA","Label":{"objects":[{"featureId":"ck5n865or02cm0x75t63n3xkl","schemaId":"ck5mult86iel00835fuvc72fz","title":"roc","value":"roc","color":"#FF0000","bbox":{"top":40,"left":48,"height":135,"width":144}}],"classifications":[]},"Created By":"jokekeh773@etopmail.com","Project Name":"roc","Created At":"2020-01-21T01:54:01.000Z","Updated At":"2020-01-21T02:39:06.000Z","Seconds to Label":4.314,"External ID":"roc002.jpeg","Agreement":null,"Benchmark Agreement":null,"Benchmark ID":null,"Benchmark Reference ID":null,"Dataset Name":"roc","Reviews":[],"View Label":"https://editor.labelbox.com?project=ck5mul9uoubch0978j3kpdu1q&label=ck5n866dhynqh084301x4rzfa"},{"ID":"ck5n869gk15s50989lm10yw6p","DataRow ID":"ck5muaol79rjk0doq4rfgcye8","Labeled Data":"https://storage.labelbox.com/ck5m7hol2ltok0843iolzs4yv%2F6f262c56-751b-1f80-a7e0-af688841c8a0-roc034.jpeg?Expires=1580812220853&KeyName=labelbox-assets-key-1&Signature=rUscEoCabyq8FMr5fg45KntcX9Y","Label":{"objects":[{"featureId":"ck5n868sc02ai0x8r72ztt5b4","schemaId":"ck5mult86iel00835fuvc72fz","title":"roc","value":"roc","color":"#FF0000","bbox":{"top":45,"left":39,"height":131,"width":141}}],"classifications":[]},"Created By":"jokekeh773@etopmail.com","Project Name":"roc","Created At":"2020-01-21T01:54:05.000Z","Updated At":"2020-01-21T02:38:55.000Z","Seconds to Label":6.752999999999999,"External ID":"roc034.jpeg","Agreement":null,"Benchmark Agreement":null,"Benchmark ID":null,"Benchmark Reference ID":null,"Dataset Name":"roc","Reviews":[],"View Label":"https://editor.labelbox.com?project=ck5mul9uoubch0978j3kpdu1q&label=ck5n869gk15s50989lm10yw6p"},{"ID":"ck5n86cgjynrs0843ziqq843j","DataRow ID":"ck5muaolb9rn40doqch2f19mg","Labeled Data":"https://storage.labelbox.com/ck5m7hol2ltok0843iolzs4yv%2Ff07f98e0-4dd0-2a4e-2369-cab770c3856e-roc066.jpeg?Expires=1580812220853&KeyName=labelbox-assets-key-1&Signature=MbCxZZrLwzI13B2_8OEaRmwBw80","Label":{"objects":[{"featureId":"ck5n86bv502bc0x8zqe5yok9h","schemaId":"ck5mult86iel00835fuvc72fz","title":"roc","value":"roc","color":"#FF0000","bbox":{"top":52,"left":0,"height":85,"width":186}}],"classifications":[]},"Created By":"jokekeh773@etopmail.com","Project Name":"roc","Created At":"2020-01-21T01:54:09.000Z","Updated At":"2020-01-21T02:38:45.000Z","Seconds to Label":3.698,"External ID":"roc066.jpeg","Agreement":null,"Benchmark Agreement":null,"Benchmark ID":null,"Benchmark Reference ID":null,"Dataset Name":"roc","Reviews":[],"View Label":"https://editor.labelbox.com?project=ck5mul9uoubch0978j3kpdu1q&label=ck5n86cgjynrs0843ziqq843j"},{"ID":"ck5n86f4wtd380a56wi0t9e82","DataRow ID":"ck5muaolh9rqo0doq6eb49s34","Labeled Data":"https://storage.labelbox.com/ck5m7hol2ltok0843iolzs4yv%2F8dc7706a-ee9d-0c3f-5296-92a2c3ff48f0-roc098.jpeg?Expires=1580812220853&KeyName=labelbox-assets-key-1&Signature=mMTV2kf4mwDBKbVwe7QnmUd26Yk","Label":{"objects":[{"featureId":"ck5n86egg02bg0x8zkbxo8hj2","schemaId":"ck5mult86iel00835fuvc72fz","title":"roc","value":"roc","color":"#FF0000","bbox":{"top":97,"left":127,"height":60,"width":42}}],"classifications":[]},"Created By":"jokekeh773@etopmail.com","Project Name":"roc","Created At":"2020-01-21T01:54:12.000Z","Updated At":"2020-01-21T02:38:36.000Z","Seconds to Label":4.276999999999999,"External ID":"roc098.jpeg","Agreement":null,"Benchmark Agreement":null,"Benchmark ID":null,"Benchmark Reference ID":null,"Dataset Name":"roc","Reviews":[],"View Label":"https://editor.labelbox.com?project=ck5mul9uoubch0978j3kpdu1q&label=ck5n86f4wtd380a56wi0t9e82"},{"ID":"ck5n86o06ynzr0843u56q5h45","DataRow ID":"ck5muaol09rgc0doqf9qr65ly","Labeled Data":"https://storage.labelbox.com/ck5m7hol2ltok0843iolzs4yv%2F5609ec4a-d01d-8120-6147-4291dc2ed362-roc005.jpeg?Expires=1580812220853&KeyName=labelbox-assets-key-1&Signature=O0ULiFcj-ZQ936vfLgzQg4LaRjk","Label":{"objects":[{"featureId":"ck5n86h0l02bi0x8ztyq4wgit","schemaId":"ck5mult86iel00835fuvc72fz","title":"roc","value":"roc","color":"#FF0000","bbox":{"top":0,"left":12,"height":224,"width":211}}],"classifications":[]},"Created By":"jokekeh773@etopmail.com","Project Name":"roc","Created At":"2020-01-21T01:54:24.000Z","Updated At":"2020-01-21T01:54:24.000Z","Seconds to Label":4.369,"External ID":"roc005.jpeg","Agreement":null,"Benchmark Agreement":null,"Benchmark ID":null,"Benchmark Reference ID":null,"Dataset Name":"roc","Reviews":[],"View Label":"https://editor.labelbox.com?project=ck5mul9uoubch0978j3kpdu1q&label=ck5n86o06ynzr0843u56q5h45"},{"ID":"ck5n86rkcj9ro0770u23h5504","DataRow ID":"ck5muaol79rjw0doq10adhvz5","Labeled Data":"https://storage.labelbox.com/ck5m7hol2ltok0843iolzs4yv%2F7c34a8dd-112d-240a-1b31-e77ab1d938ae-roc037.jpeg?Expires=1580812220853&KeyName=labelbox-assets-key-1&Signature=dys1N_xljYlr4HLx8lWjvZ9E7EA","Label":{"objects":[{"featureId":"ck5n86q8702e80x75sr6txrfq","schemaId":"ck5mult86iel00835fuvc72fz","title":"roc","value":"roc","color":"#FF0000","bbox":{"top":7,"left":0,"height":215,"width":214}}],"classifications":[]},"Created By":"jokekeh773@etopmail.com","Project Name":"roc","Created At":"2020-01-21T01:54:28.000Z","Updated At":"2020-01-21T02:38:20.000Z","Seconds to Label":4.58,"External ID":"roc037.jpeg","Agreement":null,"Benchmark Agreement":null,"Benchmark ID":null,"Benchmark Reference ID":null,"Dataset Name":"roc","Reviews":[],"View Label":"https://editor.labelbox.com?project=ck5mul9uoubch0978j3kpdu1q&label=ck5n86rkcj9ro0770u23h5504"},{"ID":"ck5n86yi7td6y0a563ctocr36","DataRow ID":"ck5muaold9rng0doq2pm0ewx8","Labeled Data":"https://storage.labelbox.com/ck5m7hol2ltok0843iolzs4yv%2Fdddbb4fb-d1c3-8951-7a44-79e17225c4c3-roc069.jpeg?Expires=1580812220854&KeyName=labelbox-assets-key-1&Signature=Aj_GMEhigy4TxKZOY6G7Zl5p-YE","Label":{"objects":[{"featureId":"ck5n86xn402bu0x8z4h1znu5i","schemaId":"ck5mult86iel00835fuvc72fz","title":"roc","value":"roc","color":"#FF0000","bbox":{"top":70,"left":0,"height":154,"width":167}}],"classifications":[]},"Created By":"jokekeh773@etopmail.com","Project Name":"roc","Created At":"2020-01-21T01:54:37.000Z","Updated At":"2020-01-21T02:38:14.000Z","Seconds to Label":7.871,"External ID":"roc069.jpeg","Agreement":null,"Benchmark Agreement":null,"Benchmark ID":null,"Benchmark Reference ID":null,"Dataset Name":"roc","Reviews":[],"View Label":"https://editor.labelbox.com?project=ck5mul9uoubch0978j3kpdu1q&label=ck5n86yi7td6y0a563ctocr36"},{"ID":"ck5n874387atp09294y1f51sy","DataRow ID":"ck5muaol09rgo0doqhdl23fkk","Labeled Data":"https://storage.labelbox.com/ck5m7hol2ltok0843iolzs4yv%2Fbf1083f9-5165-26e7-034f-4a4ee66782dd-roc008.jpeg?Expires=1580812220854&KeyName=labelbox-assets-key-1&Signature=QxcK8pH5wk_8DxmiZePq6t_Z72o","Label":{"objects":[{"featureId":"ck5n8721n02by0x8z73qtwuwm","schemaId":"ck5mult86iel00835fuvc72fz","title":"roc","value":"roc","color":"#FF0000","bbox":{"top":21,"left":36,"height":193,"width":147}}],"classifications":[]},"Created By":"jokekeh773@etopmail.com","Project Name":"roc","Created At":"2020-01-21T01:54:44.000Z","Updated At":"2020-01-21T02:38:06.000Z","Seconds to Label":5.416,"External ID":"roc008.jpeg","Agreement":null,"Benchmark Agreement":null,"Benchmark ID":null,"Benchmark Reference ID":null,"Dataset Name":"roc","Reviews":[],"View Label":"https://editor.labelbox.com?project=ck5mul9uoubch0978j3kpdu1q&label=ck5n874387atp09294y1f51sy"},{"ID":"ck5n87aq8n32f08355qmei1dp","DataRow ID":"ck5muaol89rk80doqbtoeas1l","Labeled Data":"https://storage.labelbox.com/ck5m7hol2ltok0843iolzs4yv%2Fe2e92878-7817-cc4e-7616-e71c2041faee-roc040.jpeg?Expires=1580812220854&KeyName=labelbox-assets-key-1&Signature=vqtLRQsBWneScjYCTsdNhNJhPQo","Label":{"objects":[{"featureId":"ck5n8792a02b30x8rr0wicymd","schemaId":"ck5mult86iel00835fuvc72fz","title":"roc","value":"roc","color":"#FF0000","bbox":{"top":0,"left":81,"height":224,"width":143}}],"classifications":[]},"Created By":"jokekeh773@etopmail.com","Project Name":"roc","Created At":"2020-01-21T01:54:53.000Z","Updated At":"2020-01-21T01:54:53.000Z","Seconds to Label":4.624,"External ID":"roc040.jpeg","Agreement":null,"Benchmark Agreement":null,"Benchmark ID":null,"Benchmark Reference ID":null,"Dataset Name":"roc","Reviews":[],"View Label":"https://editor.labelbox.com?project=ck5mul9uoubch0978j3kpdu1q&label=ck5n87aq8n32f08355qmei1dp"},{"ID":"ck5n87eodyo6h0843ozje0tp6","DataRow ID":"ck5muaold9rns0doq36039z89","Labeled Data":"https://storage.labelbox.com/ck5m7hol2ltok0843iolzs4yv%2Feeb05a04-70e4-bf2c-b61c-acf29af4773e-roc072.jpeg?Expires=1580812220854&KeyName=labelbox-assets-key-1&Signature=KiHLzI9cf6HJNrzJjl7lHzE03Ok","Label":{"objects":[{"featureId":"ck5n87e2z02ca0x8z5jzo13a8","schemaId":"ck5mult86iel00835fuvc72fz","title":"roc","value":"roc","color":"#FF0000","bbox":{"top":80,"left":24,"height":136,"width":148}}],"classifications":[]},"Created By":"jokekeh773@etopmail.com","Project Name":"roc","Created At":"2020-01-21T01:54:58.000Z","Updated At":"2020-01-21T01:54:58.000Z","Seconds to Label":3.046,"External ID":"roc072.jpeg","Agreement":null,"Benchmark Agreement":null,"Benchmark ID":null,"Benchmark Reference ID":null,"Dataset Name":"roc","Reviews":[],"View Label":"https://editor.labelbox.com?project=ck5mul9uoubch0978j3kpdu1q&label=ck5n87eodyo6h0843ozje0tp6"},{"ID":"ck5n87ikgn34m0835xexu7hso","DataRow ID":"ck5muaol19rh00doq5nyudsn6","Labeled Data":"https://storage.labelbox.com/ck5m7hol2ltok0843iolzs4yv%2F653ef0e8-5ab7-e29d-fd34-3f785c12491f-roc011.jpeg?Expires=1580812220854&KeyName=labelbox-assets-key-1&Signature=804SCNOGT9_5PM7kQ4mXMaQX3a0","Label":{"objects":[{"featureId":"ck5n87hfn02b80x8rsocg55ho","schemaId":"ck5mult86iel00835fuvc72fz","title":"roc","value":"roc","color":"#FF0000","bbox":{"top":14,"left":18,"height":206,"width":186}}],"classifications":[]},"Created By":"jokekeh773@etopmail.com","Project Name":"roc","Created At":"2020-01-21T01:55:03.000Z","Updated At":"2020-01-21T01:55:03.000Z","Seconds to Label":1.88,"External ID":"roc011.jpeg","Agreement":null,"Benchmark Agreement":null,"Benchmark ID":null,"Benchmark Reference ID":null,"Dataset Name":"roc","Reviews":[],"View Label":"https://editor.labelbox.com?project=ck5mul9uoubch0978j3kpdu1q&label=ck5n87ikgn34m0835xexu7hso"},{"ID":"ck5n87ljmyo8h0843zm38bbat","DataRow ID":"ck5muaol89rkk0doqba8w3sgh","Labeled Data":"https://storage.labelbox.com/ck5m7hol2ltok0843iolzs4yv%2Fef74a0ae-a620-11c6-d359-6b03739fa026-roc043.jpeg?Expires=1580812220854&KeyName=labelbox-assets-key-1&Signature=jhB87CzxAxt38c3YfsCEeE9_VuQ","Label":{"objects":[{"featureId":"ck5n87kyo02ev0x7519rqqg92","schemaId":"ck5mult86iel00835fuvc72fz","title":"roc","value":"roc","color":"#FF0000","bbox":{"top":50,"left":43,"height":112,"width":181}}],"classifications":[]},"Created By":"jokekeh773@etopmail.com","Project Name":"roc","Created At":"2020-01-21T01:55:07.000Z","Updated At":"2020-01-21T01:55:07.000Z","Seconds to Label":2.052,"External ID":"roc043.jpeg","Agreement":null,"Benchmark Agreement":null,"Benchmark ID":null,"Benchmark Reference ID":null,"Dataset Name":"roc","Reviews":[],"View Label":"https://editor.labelbox.com?project=ck5mul9uoubch0978j3kpdu1q&label=ck5n87ljmyo8h0843zm38bbat"},{"ID":"ck5n87rqvyoa608435vex7my4","DataRow ID":"ck5muaole9ro40doq9ohhf9wo","Labeled Data":"https://storage.labelbox.com/ck5m7hol2ltok0843iolzs4yv%2F5c8ec9ca-51d2-ceb7-e542-925af46dd7db-roc075.jpeg?Expires=1580812220854&KeyName=labelbox-assets-key-1&Signature=iiSMyuxTXFZn9NeLZfqmfSC8f3I","Label":{"objects":[{"featureId":"ck5n87p8r02ew0x75hd93y3w8","schemaId":"ck5mult86iel00835fuvc72fz","title":"roc","value":"roc","color":"#FF0000","bbox":{"top":59,"left":51,"height":157,"width":124}}],"classifications":[]},"Created By":"jokekeh773@etopmail.com","Project Name":"roc","Created At":"2020-01-21T01:55:15.000Z","Updated At":"2020-01-21T02:37:53.000Z","Seconds to Label":5.183,"External ID":"roc075.jpeg","Agreement":null,"Benchmark Agreement":null,"Benchmark ID":null,"Benchmark Reference ID":null,"Dataset Name":"roc","Reviews":[],"View Label":"https://editor.labelbox.com?project=ck5mul9uoubch0978j3kpdu1q&label=ck5n87rqvyoa608435vex7my4"},{"ID":"ck5n87wchtdhk0a56nkfw2mw0","DataRow ID":"ck5muaol19rhc0doqgdylc49y","Labeled Data":"https://storage.labelbox.com/ck5m7hol2ltok0843iolzs4yv%2F17a72f40-4358-160f-858a-95dcc97819be-roc014.jpeg?Expires=1580812220854&KeyName=labelbox-assets-key-1&Signature=dcWMxMVTf0p6eQKtf-O6YAGQKyk","Label":{"objects":[{"featureId":"ck5n87vgd02cf0x8zqitje723","schemaId":"ck5mult86iel00835fuvc72fz","title":"roc","value":"roc","color":"#FF0000","bbox":{"top":20,"left":12,"height":190,"width":170}}],"classifications":[]},"Created By":"jokekeh773@etopmail.com","Project Name":"roc","Created At":"2020-01-21T01:55:21.000Z","Updated At":"2020-01-21T01:55:21.000Z","Seconds to Label":2.293,"External ID":"roc014.jpeg","Agreement":null,"Benchmark Agreement":null,"Benchmark ID":null,"Benchmark Reference ID":null,"Dataset Name":"roc","Reviews":[],"View Label":"https://editor.labelbox.com?project=ck5mul9uoubch0978j3kpdu1q&label=ck5n87wchtdhk0a56nkfw2mw0"},{"ID":"ck5n87zuuyodi0843x2s1ph4h","DataRow ID":"ck5muaol89rkw0doq8by60j1n","Labeled Data":"https://storage.labelbox.com/ck5m7hol2ltok0843iolzs4yv%2Fb4c92a01-9704-683f-984e-fb1fe2d7fc18-roc046.jpeg?Expires=1580812220854&KeyName=labelbox-assets-key-1&Signature=_C6tewl59KAYSr9DD6O1PcqtlxM","Label":{"objects":[{"featureId":"ck5n87yzx02cj0x8z3z0zyvge","schemaId":"ck5mult86iel00835fuvc72fz","title":"roc","value":"roc","color":"#FF0000","bbox":{"top":1,"left":0,"height":223,"width":224}}],"classifications":[]},"Created By":"jokekeh773@etopmail.com","Project Name":"roc","Created At":"2020-01-21T01:55:26.000Z","Updated At":"2020-01-21T01:55:26.000Z","Seconds to Label":2.438,"External ID":"roc046.jpeg","Agreement":null,"Benchmark Agreement":null,"Benchmark ID":null,"Benchmark Reference ID":null,"Dataset Name":"roc","Reviews":[],"View Label":"https://editor.labelbox.com?project=ck5mul9uoubch0978j3kpdu1q&label=ck5n87zuuyodi0843x2s1ph4h"},{"ID":"ck5n883gmja2e077057cikn20","DataRow ID":"ck5muaole9rog0doq7pke1yb2","Labeled Data":"https://storage.labelbox.com/ck5m7hol2ltok0843iolzs4yv%2Fddc1dc67-6927-8420-e97c-335856185909-roc078.jpeg?Expires=1580812220854&KeyName=labelbox-assets-key-1&Signature=Oonq7Zja4uq1PQ0nOYdTufmpIco","Label":{"objects":[{"featureId":"ck5n882m302f60x75w7wiqh42","schemaId":"ck5mult86iel00835fuvc72fz","title":"roc","value":"roc","color":"#FF0000","bbox":{"top":126,"left":33,"height":98,"width":129}}],"classifications":[]},"Created By":"jokekeh773@etopmail.com","Project Name":"roc","Created At":"2020-01-21T01:55:30.000Z","Updated At":"2020-01-21T01:55:30.000Z","Seconds to Label":2.653,"External ID":"roc078.jpeg","Agreement":null,"Benchmark Agreement":null,"Benchmark ID":null,"Benchmark Reference ID":null,"Dataset Name":"roc","Reviews":[],"View Label":"https://editor.labelbox.com?project=ck5mul9uoubch0978j3kpdu1q&label=ck5n883gmja2e077057cikn20"},{"ID":"ck5n88aafyoem0843qjrlrgwq","DataRow ID":"ck5muaol19rho0doqcumea0wk","Labeled Data":"https://storage.labelbox.com/ck5m7hol2ltok0843iolzs4yv%2F04fa15a0-ea90-9696-2ab6-a6e4a9ab72fc-roc017.jpeg?Expires=1580812220854&KeyName=labelbox-assets-key-1&Signature=XBiisGcaZuMmyo_1LEl-EsYXWX0","Label":{"objects":[{"featureId":"ck5n885ss02cq0x8zk7noma2q","schemaId":"ck5mult86iel00835fuvc72fz","title":"roc","value":"roc","color":"#FF0000","bbox":{"top":37,"left":5,"height":176,"width":196}}],"classifications":[]},"Created By":"jokekeh773@etopmail.com","Project Name":"roc","Created At":"2020-01-21T01:55:39.000Z","Updated At":"2020-01-21T02:37:32.000Z","Seconds to Label":7.893000000000001,"External ID":"roc017.jpeg","Agreement":null,"Benchmark Agreement":null,"Benchmark ID":null,"Benchmark Reference ID":null,"Dataset Name":"roc","Reviews":[],"View Label":"https://editor.labelbox.com?project=ck5mul9uoubch0978j3kpdu1q&label=ck5n88aafyoem0843qjrlrgwq"},{"ID":"ck5n88fjhn3bl0835g44njkqx","DataRow ID":"ck5muaol99rl80doq0414fxw8","Labeled Data":"https://storage.labelbox.com/ck5m7hol2ltok0843iolzs4yv%2F46941cd7-a3f0-e806-a89f-9d1d8c0e3d7b-roc049.jpeg?Expires=1580812220854&KeyName=labelbox-assets-key-1&Signature=LyYWmB9a_UBeZmm6gQk2v9b0OHk","Label":{"objects":[{"featureId":"ck5n88eqe02bu0x8ratbie70a","schemaId":"ck5mult86iel00835fuvc72fz","title":"roc","value":"roc","color":"#FF0000","bbox":{"top":69,"left":24,"height":102,"width":138}}],"classifications":[]},"Created By":"jokekeh773@etopmail.com","Project Name":"roc","Created At":"2020-01-21T01:55:46.000Z","Updated At":"2020-01-21T02:37:19.000Z","Seconds to Label":5.869999999999999,"External ID":"roc049.jpeg","Agreement":null,"Benchmark Agreement":null,"Benchmark ID":null,"Benchmark Reference ID":null,"Dataset Name":"roc","Reviews":[],"View Label":"https://editor.labelbox.com?project=ck5mul9uoubch0978j3kpdu1q&label=ck5n88fjhn3bl0835g44njkqx"},{"ID":"ck5n88ldj16ce0989afwzcoyw","DataRow ID":"ck5muaole9ros0doqas1u0f65","Labeled Data":"https://storage.labelbox.com/ck5m7hol2ltok0843iolzs4yv%2F44749fb4-bcbf-80a1-aabc-a76a785ca7b2-roc081.jpeg?Expires=1580812220854&KeyName=labelbox-assets-key-1&Signature=Z7eduwmvvj3nenm6nVjmF4rEPPo","Label":{"objects":[{"featureId":"ck5n88khs02bw0x8rhj0u1z66","schemaId":"ck5mult86iel00835fuvc72fz","title":"roc","value":"roc","color":"#FF0000","bbox":{"top":0,"left":0,"height":213,"width":210}}],"classifications":[]},"Created By":"jokekeh773@etopmail.com","Project Name":"roc","Created At":"2020-01-21T01:55:54.000Z","Updated At":"2020-01-21T01:55:54.000Z","Seconds to Label":3.801,"External ID":"roc081.jpeg","Agreement":null,"Benchmark Agreement":null,"Benchmark ID":null,"Benchmark Reference ID":null,"Dataset Name":"roc","Reviews":[],"View Label":"https://editor.labelbox.com?project=ck5mul9uoubch0978j3kpdu1q&label=ck5n88ldj16ce0989afwzcoyw"},{"ID":"ck5n88pc478zz0952aarmwpkw","DataRow ID":"ck5muaol19ri00doq9gwc9p80","Labeled Data":"https://storage.labelbox.com/ck5m7hol2ltok0843iolzs4yv%2Fd0e834e0-f8c5-ac68-9cba-01b8d92f5449-roc020.jpeg?Expires=1580812220854&KeyName=labelbox-assets-key-1&Signature=0zvtsCH6oSoUswiCbhXHkZ7jRqI","Label":{"objects":[{"featureId":"ck5n88o7002fg0x75inzx4uwn","schemaId":"ck5mult86iel00835fuvc72fz","title":"roc","value":"roc","color":"#FF0000","bbox":{"top":8,"left":64,"height":216,"width":78}}],"classifications":[]},"Created By":"jokekeh773@etopmail.com","Project Name":"roc","Created At":"2020-01-21T01:55:59.000Z","Updated At":"2020-01-21T01:55:59.000Z","Seconds to Label":2.64,"External ID":"roc020.jpeg","Agreement":null,"Benchmark Agreement":null,"Benchmark ID":null,"Benchmark Reference ID":null,"Dataset Name":"roc","Reviews":[],"View Label":"https://editor.labelbox.com?project=ck5mul9uoubch0978j3kpdu1q&label=ck5n88pc478zz0952aarmwpkw"},{"ID":"ck5n88sw479160952xiec7bei","DataRow ID":"ck5muaol99rlk0doq31zxaa0f","Labeled Data":"https://storage.labelbox.com/ck5m7hol2ltok0843iolzs4yv%2F3394cbf1-54d8-a39d-ac31-8d31c3b93090-roc052.jpeg?Expires=1580812220854&KeyName=labelbox-assets-key-1&Signature=aLQsuSLaVkO5qqbxzCXyHNcFuHQ","Label":{"objects":[{"featureId":"ck5n88s3b02bz0x8r5zjsygre","schemaId":"ck5mult86iel00835fuvc72fz","title":"roc","value":"roc","color":"#FF0000","bbox":{"top":25,"left":84,"height":191,"width":134}}],"classifications":[]},"Created By":"jokekeh773@etopmail.com","Project Name":"roc","Created At":"2020-01-21T01:56:03.000Z","Updated At":"2020-01-21T01:56:03.000Z","Seconds to Label":2.81,"External ID":"roc052.jpeg","Agreement":null,"Benchmark Agreement":null,"Benchmark ID":null,"Benchmark Reference ID":null,"Dataset Name":"roc","Reviews":[],"View Label":"https://editor.labelbox.com?project=ck5mul9uoubch0978j3kpdu1q&label=ck5n88sw479160952xiec7bei"},{"ID":"ck5n88xjyn3ee0835lws5gzpf","DataRow ID":"ck5muaole9rp40doqdjiwcnl7","Labeled Data":"https://storage.labelbox.com/ck5m7hol2ltok0843iolzs4yv%2Fba871f74-59a0-e6e5-0b89-0aa1f77b3778-roc084.jpeg?Expires=1580812220854&KeyName=labelbox-assets-key-1&Signature=1Eh3XgLDhHnEAyJHKX8p7U3Up3Q","Label":{"objects":[{"featureId":"ck5n88vr002c30x8rwr4jwlv4","schemaId":"ck5mult86iel00835fuvc72fz","title":"roc","value":"roc","color":"#FF0000","bbox":{"top":16,"left":14,"height":198,"width":84}}],"classifications":[]},"Created By":"jokekeh773@etopmail.com","Project Name":"roc","Created At":"2020-01-21T01:56:09.000Z","Updated At":"2020-01-21T02:37:05.000Z","Seconds to Label":5.877,"External ID":"roc084.jpeg","Agreement":null,"Benchmark Agreement":null,"Benchmark ID":null,"Benchmark Reference ID":null,"Dataset Name":"roc","Reviews":[],"View Label":"https://editor.labelbox.com?project=ck5mul9uoubch0978j3kpdu1q&label=ck5n88xjyn3ee0835lws5gzpf"},{"ID":"ck5n890j7n3f70835nishhglo","DataRow ID":"ck5muaol29ric0doq1v4k5z06","Labeled Data":"https://storage.labelbox.com/ck5m7hol2ltok0843iolzs4yv%2F20a8feeb-4a1f-ecba-45ab-ffedfcaf5475-roc023.jpeg?Expires=1580812220854&KeyName=labelbox-assets-key-1&Signature=oUu_ON7JGen6jLd8hv-NwFXpJY4","Label":{"objects":[{"featureId":"ck5n88zyj02fp0x75xcrxt893","schemaId":"ck5mult86iel00835fuvc72fz","title":"roc","value":"roc","color":"#FF0000","bbox":{"top":35,"left":19,"height":170,"width":142}}],"classifications":[]},"Created By":"jokekeh773@etopmail.com","Project Name":"roc","Created At":"2020-01-21T01:56:13.000Z","Updated At":"2020-01-21T02:36:52.000Z","Seconds to Label":13.847000000000001,"External ID":"roc023.jpeg","Agreement":null,"Benchmark Agreement":null,"Benchmark ID":null,"Benchmark Reference ID":null,"Dataset Name":"roc","Reviews":[],"View Label":"https://editor.labelbox.com?project=ck5mul9uoubch0978j3kpdu1q&label=ck5n890j7n3f70835nishhglo"},{"ID":"ck5n893o679340952wrjvjhqy","DataRow ID":"ck5muaol99rlw0doq8x2g1ti2","Labeled Data":"https://storage.labelbox.com/ck5m7hol2ltok0843iolzs4yv%2F0bb5c42d-8597-0a92-dc0c-31a11a6e87a0-roc055.jpeg?Expires=1580812220855&KeyName=labelbox-assets-key-1&Signature=rURmmgAO5jvT7dnrn7YnQluTtok","Label":{"objects":[{"featureId":"ck5n8938c02de0x8zo1jgtgb2","schemaId":"ck5mult86iel00835fuvc72fz","title":"roc","value":"roc","color":"#FF0000","bbox":{"top":84,"left":26,"height":88,"width":198}}],"classifications":[]},"Created By":"jokekeh773@etopmail.com","Project Name":"roc","Created At":"2020-01-21T01:56:17.000Z","Updated At":"2020-01-21T01:56:17.000Z","Seconds to Label":2.457,"External ID":"roc055.jpeg","Agreement":null,"Benchmark Agreement":null,"Benchmark ID":null,"Benchmark Reference ID":null,"Dataset Name":"roc","Reviews":[],"View Label":"https://editor.labelbox.com?project=ck5mul9uoubch0978j3kpdu1q&label=ck5n893o679340952wrjvjhqy"},{"ID":"ck5n897ejja9g0770bb3lqzn8","DataRow ID":"ck5muaolf9rpg0doq2k3k7by8","Labeled Data":"https://storage.labelbox.com/ck5m7hol2ltok0843iolzs4yv%2F2762af6e-69a5-9795-4361-808ce37972fb-roc087.jpeg?Expires=1580812220855&KeyName=labelbox-assets-key-1&Signature=DSeI4L_yF0LO2s8ISuHaDeHiANM","Label":{"objects":[{"featureId":"ck5n8964x02fx0x75te2yl5gu","schemaId":"ck5mult86iel00835fuvc72fz","title":"roc","value":"roc","color":"#FF0000","bbox":{"top":95,"left":16,"height":122,"width":176}}],"classifications":[]},"Created By":"jokekeh773@etopmail.com","Project Name":"roc","Created At":"2020-01-21T01:56:22.000Z","Updated At":"2020-01-21T02:36:23.000Z","Seconds to Label":6.254,"External ID":"roc087.jpeg","Agreement":null,"Benchmark Agreement":null,"Benchmark ID":null,"Benchmark Reference ID":null,"Dataset Name":"roc","Reviews":[],"View Label":"https://editor.labelbox.com?project=ck5mul9uoubch0978j3kpdu1q&label=ck5n897ejja9g0770bb3lqzn8"},{"ID":"ck5n89ax0n3hh0835kd8sgg32","DataRow ID":"ck5muaol29rio0doqdncz5tam","Labeled Data":"https://storage.labelbox.com/ck5m7hol2ltok0843iolzs4yv%2F98759184-d229-fafc-df44-94d18bafa2af-roc026.jpeg?Expires=1580812220855&KeyName=labelbox-assets-key-1&Signature=6BKM4GrpqUQKkqOIB2hCB7vXRps","Label":{"objects":[{"featureId":"ck5n89a5f02cf0x8rkh60py6u","schemaId":"ck5mult86iel00835fuvc72fz","title":"roc","value":"roc","color":"#FF0000","bbox":{"top":71,"left":28,"height":111,"width":188}}],"classifications":[]},"Created By":"jokekeh773@etopmail.com","Project Name":"roc","Created At":"2020-01-21T01:56:27.000Z","Updated At":"2020-01-21T01:56:27.000Z","Seconds to Label":2.662,"External ID":"roc026.jpeg","Agreement":null,"Benchmark Agreement":null,"Benchmark ID":null,"Benchmark Reference ID":null,"Dataset Name":"roc","Reviews":[],"View Label":"https://editor.labelbox.com?project=ck5mul9uoubch0978j3kpdu1q&label=ck5n89ax0n3hh0835kd8sgg32"},{"ID":"ck5n89e1x16ib0989wgfas79k","DataRow ID":"ck5muaola9rm80doq9t02bnqi","Labeled Data":"https://storage.labelbox.com/ck5m7hol2ltok0843iolzs4yv%2Fda3bf349-7aea-a868-a3ec-85a0ba96c5a5-roc058.jpeg?Expires=1580812220855&KeyName=labelbox-assets-key-1&Signature=eaIVde233uwysPY2UK6htIHdb0Y","Label":{"objects":[{"featureId":"ck5n89dhb02g00x75ba5afdqe","schemaId":"ck5mult86iel00835fuvc72fz","title":"roc","value":"roc","color":"#FF0000","bbox":{"top":0,"left":0,"height":193,"width":190}}],"classifications":[]},"Created By":"jokekeh773@etopmail.com","Project Name":"roc","Created At":"2020-01-21T01:56:31.000Z","Updated At":"2020-01-21T01:56:31.000Z","Seconds to Label":2.331,"External ID":"roc058.jpeg","Agreement":null,"Benchmark Agreement":null,"Benchmark ID":null,"Benchmark Reference ID":null,"Dataset Name":"roc","Reviews":[],"View Label":"https://editor.labelbox.com?project=ck5mul9uoubch0978j3kpdu1q&label=ck5n89e1x16ib0989wgfas79k"},{"ID":"ck5n89k7fjabt0770dpnnklmr","DataRow ID":"ck5muaolf9rps0doqffx48ni9","Labeled Data":"https://storage.labelbox.com/ck5m7hol2ltok0843iolzs4yv%2F9a31040a-af03-8017-6110-1eea3a7f4fac-roc090.jpeg?Expires=1580812220855&KeyName=labelbox-assets-key-1&Signature=IMTH_ewp7raWbeRtZO-qKj5RABI","Label":{"objects":[{"featureId":"ck5n89hod02dt0x8zc5y85e7a","schemaId":"ck5mult86iel00835fuvc72fz","title":"roc","value":"roc","color":"#FF0000","bbox":{"top":15,"left":13,"height":198,"width":204}}],"classifications":[]},"Created By":"jokekeh773@etopmail.com","Project Name":"roc","Created At":"2020-01-21T01:56:39.000Z","Updated At":"2020-01-21T02:36:06.000Z","Seconds to Label":18.282,"External ID":"roc090.jpeg","Agreement":null,"Benchmark Agreement":null,"Benchmark ID":null,"Benchmark Reference ID":null,"Dataset Name":"roc","Reviews":[],"View Label":"https://editor.labelbox.com?project=ck5mul9uoubch0978j3kpdu1q&label=ck5n89k7fjabt0770dpnnklmr"},{"ID":"ck5n89oj17bc00929kcfwsxou","DataRow ID":"ck5muaol29rj00doqhd9qf6wu","Labeled Data":"https://storage.labelbox.com/ck5m7hol2ltok0843iolzs4yv%2Ff6745d14-6c40-f1ef-b964-39ade016cec6-roc029.jpeg?Expires=1580812220855&KeyName=labelbox-assets-key-1&Signature=gxRH6yvLRq2JXnRk10mpKPt6iQ8","Label":{"objects":[{"featureId":"ck5n89nws02g70x7545fw0qj9","schemaId":"ck5mult86iel00835fuvc72fz","title":"roc","value":"roc","color":"#FF0000","bbox":{"top":51,"left":2,"height":134,"width":222}}],"classifications":[]},"Created By":"jokekeh773@etopmail.com","Project Name":"roc","Created At":"2020-01-21T01:56:44.000Z","Updated At":"2020-01-21T01:56:44.000Z","Seconds to Label":3.606,"External ID":"roc029.jpeg","Agreement":null,"Benchmark Agreement":null,"Benchmark ID":null,"Benchmark Reference ID":null,"Dataset Name":"roc","Reviews":[],"View Label":"https://editor.labelbox.com?project=ck5mul9uoubch0978j3kpdu1q&label=ck5n89oj17bc00929kcfwsxou"},{"ID":"ck5n89s9yn3ls0835gm4r2b69","DataRow ID":"ck5muaola9rmk0doqdoqngf3j","Labeled Data":"https://storage.labelbox.com/ck5m7hol2ltok0843iolzs4yv%2F503111d3-a942-633c-2944-7e4797724403-roc061.jpeg?Expires=1580812220855&KeyName=labelbox-assets-key-1&Signature=iKOif2eti-I3XAig7Ik90pWSfpM","Label":{"objects":[{"featureId":"ck5n89rja02cu0x8rcbbbv1ht","schemaId":"ck5mult86iel00835fuvc72fz","title":"roc","value":"roc","color":"#FF0000","bbox":{"top":74,"left":0,"height":128,"width":218}}],"classifications":[]},"Created By":"jokekeh773@etopmail.com","Project Name":"roc","Created At":"2020-01-21T01:56:49.000Z","Updated At":"2020-01-21T02:35:53.000Z","Seconds to Label":10.895000000000001,"External ID":"roc061.jpeg","Agreement":null,"Benchmark Agreement":null,"Benchmark ID":null,"Benchmark Reference ID":null,"Dataset Name":"roc","Reviews":[],"View Label":"https://editor.labelbox.com?project=ck5mul9uoubch0978j3kpdu1q&label=ck5n89s9yn3ls0835gm4r2b69"},{"ID":"ck5n89v1x16kw0989bxulgruz","DataRow ID":"ck5muaolf9rq40doqd8er8lb8","Labeled Data":"https://storage.labelbox.com/ck5m7hol2ltok0843iolzs4yv%2F9e93f3a4-88d8-65c3-1a13-caa2be78a22f-roc093.jpeg?Expires=1580812220855&KeyName=labelbox-assets-key-1&Signature=V-S_R0nsvbnuxz2x7eTqYzujsbk","Label":{"objects":[{"featureId":"ck5n89ubm02cz0x8rdwcb9wu8","schemaId":"ck5mult86iel00835fuvc72fz","title":"roc","value":"roc","color":"#FF0000","bbox":{"top":67,"left":63,"height":111,"width":154}}],"classifications":[]},"Created By":"jokekeh773@etopmail.com","Project Name":"roc","Created At":"2020-01-21T01:56:53.000Z","Updated At":"2020-01-21T01:56:53.000Z","Seconds to Label":1.931,"External ID":"roc093.jpeg","Agreement":null,"Benchmark Agreement":null,"Benchmark ID":null,"Benchmark Reference ID":null,"Dataset Name":"roc","Reviews":[],"View Label":"https://editor.labelbox.com?project=ck5mul9uoubch0978j3kpdu1q&label=ck5n89v1x16kw0989bxulgruz"},{"ID":"ck5n89xkj16md09891oqs2nd3","DataRow ID":"ck5muaol79rjc0doqb6y94pxc","Labeled Data":"https://storage.labelbox.com/ck5m7hol2ltok0843iolzs4yv%2F7c52ec9b-524d-86f9-fe64-a4ea5a1987a3-roc032.jpeg?Expires=1580812220855&KeyName=labelbox-assets-key-1&Signature=UyiSA4iwXgA1VOfqza7tRcVhcyY","Label":{"objects":[{"featureId":"ck5n89x2i02gj0x75h8azt3ji","schemaId":"ck5mult86iel00835fuvc72fz","title":"roc","value":"roc","color":"#FF0000","bbox":{"top":41,"left":33,"height":182,"width":86}}],"classifications":[]},"Created By":"jokekeh773@etopmail.com","Project Name":"roc","Created At":"2020-01-21T01:56:56.000Z","Updated At":"2020-01-21T02:35:38.000Z","Seconds to Label":7.978999999999999,"External ID":"roc032.jpeg","Agreement":null,"Benchmark Agreement":null,"Benchmark ID":null,"Benchmark Reference ID":null,"Dataset Name":"roc","Reviews":[],"View Label":"https://editor.labelbox.com?project=ck5mul9uoubch0978j3kpdu1q&label=ck5n89xkj16md09891oqs2nd3"},{"ID":"ck5n8a36yz2sp0978n2dde0s3","DataRow ID":"ck5muaola9rmw0doq4t8x59wb","Labeled Data":"https://storage.labelbox.com/ck5m7hol2ltok0843iolzs4yv%2F16bf2e19-d509-029e-3663-85350d8446cf-roc064.jpeg?Expires=1580812220855&KeyName=labelbox-assets-key-1&Signature=naecjtZ6PyJ__7Bwyka7HQdSTG0","Label":{"objects":[{"featureId":"ck5n89zos02gm0x752ofr24h7","schemaId":"ck5mult86iel00835fuvc72fz","title":"roc","value":"roc","color":"#FF0000","bbox":{"top":55,"left":20,"height":128,"width":184}}],"classifications":[]},"Created By":"jokekeh773@etopmail.com","Project Name":"roc","Created At":"2020-01-21T01:57:03.000Z","Updated At":"2020-01-21T02:35:24.000Z","Seconds to Label":9.766,"External ID":"roc064.jpeg","Agreement":null,"Benchmark Agreement":null,"Benchmark ID":null,"Benchmark Reference ID":null,"Dataset Name":"roc","Reviews":[],"View Label":"https://editor.labelbox.com?project=ck5mul9uoubch0978j3kpdu1q&label=ck5n8a36yz2sp0978n2dde0s3"},{"ID":"ck5n8a74tyosf08432hq3dmds","DataRow ID":"ck5muaolh9rqg0doq9g808im7","Labeled Data":"https://storage.labelbox.com/ck5m7hol2ltok0843iolzs4yv%2Fae0df16f-77b3-10c9-9fb6-18545e03bc11-roc096.jpeg?Expires=1580812220855&KeyName=labelbox-assets-key-1&Signature=hqhoIaqR_1S7-hSUnJ9L_4FE0JI","Label":{"objects":[{"featureId":"ck5n8a6li02gq0x75q7sxcczp","schemaId":"ck5mult86iel00835fuvc72fz","title":"roc","value":"roc","color":"#FF0000","bbox":{"top":29,"left":75,"height":194,"width":46}}],"classifications":[]},"Created By":"jokekeh773@etopmail.com","Project Name":"roc","Created At":"2020-01-21T01:57:08.000Z","Updated At":"2020-01-21T02:35:11.000Z","Seconds to Label":6.5649999999999995,"External ID":"roc096.jpeg","Agreement":null,"Benchmark Agreement":null,"Benchmark ID":null,"Benchmark Reference ID":null,"Dataset Name":"roc","Reviews":[],"View Label":"https://editor.labelbox.com?project=ck5mul9uoubch0978j3kpdu1q&label=ck5n8a74tyosf08432hq3dmds"},{"ID":"ck5n8adqmn3rx083516vge8wt","DataRow ID":"ck5muaol09rg40doq3hwu6zsi","Labeled Data":"https://storage.labelbox.com/ck5m7hol2ltok0843iolzs4yv%2Ff2e1d18a-a59c-c29d-9282-188844275346-roc003.jpeg?Expires=1580812220855&KeyName=labelbox-assets-key-1&Signature=9zUUHiRZVMsHZjS4FURxWDdxGPI","Label":{"objects":[{"featureId":"ck5n8abm502eg0x8z1dcdctwd","schemaId":"ck5mult86iel00835fuvc72fz","title":"roc","value":"roc","color":"#FF0000","bbox":{"top":78,"left":46,"height":97,"width":91}}],"classifications":[]},"Created By":"jokekeh773@etopmail.com","Project Name":"roc","Created At":"2020-01-21T01:57:17.000Z","Updated At":"2020-01-21T01:57:17.000Z","Seconds to Label":7.684,"External ID":"roc003.jpeg","Agreement":null,"Benchmark Agreement":null,"Benchmark ID":null,"Benchmark Reference ID":null,"Dataset Name":"roc","Reviews":[],"View Label":"https://editor.labelbox.com?project=ck5mul9uoubch0978j3kpdu1q&label=ck5n8adqmn3rx083516vge8wt"},{"ID":"ck5n8ai7rn3t60835065hpyvc","DataRow ID":"ck5muaol79rjo0doq42on6lrq","Labeled Data":"https://storage.labelbox.com/ck5m7hol2ltok0843iolzs4yv%2F1e2091f2-5f1e-f783-0902-66192c7055a4-roc035.jpeg?Expires=1580812220855&KeyName=labelbox-assets-key-1&Signature=9SWFLrfawFA4lBnXhKk1AgCOxzg","Label":{"objects":[{"featureId":"ck5n8ahfm02gy0x75npgcqku2","schemaId":"ck5mult86iel00835fuvc72fz","title":"roc","value":"roc","color":"#FF0000","bbox":{"top":37,"left":0,"height":182,"width":211}}],"classifications":[]},"Created By":"jokekeh773@etopmail.com","Project Name":"roc","Created At":"2020-01-21T01:57:23.000Z","Updated At":"2020-01-21T02:34:58.000Z","Seconds to Label":5.463,"External ID":"roc035.jpeg","Agreement":null,"Benchmark Agreement":null,"Benchmark ID":null,"Benchmark Reference ID":null,"Dataset Name":"roc","Reviews":[],"View Label":"https://editor.labelbox.com?project=ck5mul9uoubch0978j3kpdu1q&label=ck5n8ai7rn3t60835065hpyvc"},{"ID":"ck5n8alq3jame07709hwim5u5","DataRow ID":"ck5muaolb9rn80doqgcyq4b6c","Labeled Data":"https://storage.labelbox.com/ck5m7hol2ltok0843iolzs4yv%2Ffd3fb381-9989-6e97-d4c1-ea5f3beed703-roc067.jpeg?Expires=1580812220855&KeyName=labelbox-assets-key-1&Signature=ZxyOUm2KkXX1MDM_Z29IWowPjYs","Label":{"objects":[{"featureId":"ck5n8al9y02h00x75bh0nnbzo","schemaId":"ck5mult86iel00835fuvc72fz","title":"roc","value":"roc","color":"#FF0000","bbox":{"top":0,"left":41,"height":212,"width":166}}],"classifications":[]},"Created By":"jokekeh773@etopmail.com","Project Name":"roc","Created At":"2020-01-21T01:57:27.000Z","Updated At":"2020-01-21T01:57:27.000Z","Seconds to Label":2.445,"External ID":"roc067.jpeg","Agreement":null,"Benchmark Agreement":null,"Benchmark ID":null,"Benchmark Reference ID":null,"Dataset Name":"roc","Reviews":[],"View Label":"https://editor.labelbox.com?project=ck5mul9uoubch0978j3kpdu1q&label=ck5n8alq3jame07709hwim5u5"},{"ID":"ck5n8aom3yow208431297ffra","DataRow ID":"ck5muaolh9rqs0doqflvo453c","Labeled Data":"https://storage.labelbox.com/ck5m7hol2ltok0843iolzs4yv%2Fe64e83ff-a130-aad9-00fc-8fd6bf94ac96-roc099.jpeg?Expires=1580812220855&KeyName=labelbox-assets-key-1&Signature=3F4TcyfKw_NgQpAELwX77u5RApE","Label":{"objects":[{"featureId":"ck5n8ao5002dp0x8ri5cqcb20","schemaId":"ck5mult86iel00835fuvc72fz","title":"roc","value":"roc","color":"#FF0000","bbox":{"top":85,"left":137,"height":129,"width":50}}],"classifications":[]},"Created By":"jokekeh773@etopmail.com","Project Name":"roc","Created At":"2020-01-21T01:57:31.000Z","Updated At":"2020-01-21T02:34:43.000Z","Seconds to Label":4.7940000000000005,"External ID":"roc099.jpeg","Agreement":null,"Benchmark Agreement":null,"Benchmark ID":null,"Benchmark Reference ID":null,"Dataset Name":"roc","Reviews":[],"View Label":"https://editor.labelbox.com?project=ck5mul9uoubch0978j3kpdu1q&label=ck5n8aom3yow208431297ffra"},{"ID":"ck5n8arlxyox50843uhh80nph","DataRow ID":"ck5muaol09rgg0doqfilm3dnu","Labeled Data":"https://storage.labelbox.com/ck5m7hol2ltok0843iolzs4yv%2F1e4ce1d1-f48b-c1ce-7068-7a8803686cf6-roc006.jpeg?Expires=1580812220855&KeyName=labelbox-assets-key-1&Signature=dvaxnWlEL6wjNI7GM-V5e5scjeE","Label":{"objects":[{"featureId":"ck5n8ar1o02h30x752m7ahpln","schemaId":"ck5mult86iel00835fuvc72fz","title":"roc","value":"roc","color":"#FF0000","bbox":{"top":78,"left":88,"height":90,"width":133}}],"classifications":[]},"Created By":"jokekeh773@etopmail.com","Project Name":"roc","Created At":"2020-01-21T01:57:35.000Z","Updated At":"2020-01-21T02:34:33.000Z","Seconds to Label":3.642,"External ID":"roc006.jpeg","Agreement":null,"Benchmark Agreement":null,"Benchmark ID":null,"Benchmark Reference ID":null,"Dataset Name":"roc","Reviews":[],"View Label":"https://editor.labelbox.com?project=ck5mul9uoubch0978j3kpdu1q&label=ck5n8arlxyox50843uhh80nph"},{"ID":"ck5n8aufcz2zc0978cx27g5cv","DataRow ID":"ck5muaol89rk00doq49kqcqyd","Labeled Data":"https://storage.labelbox.com/ck5m7hol2ltok0843iolzs4yv%2Fad75993f-aaa0-9725-0801-e3b4b32afe35-roc038.jpeg?Expires=1580812220855&KeyName=labelbox-assets-key-1&Signature=FFzVlz6FxMKdjCBigojDNE9pYng","Label":{"objects":[{"featureId":"ck5n8atvj02h60x75zkedoiwr","schemaId":"ck5mult86iel00835fuvc72fz","title":"roc","value":"roc","color":"#FF0000","bbox":{"top":49,"left":13,"height":120,"width":203}}],"classifications":[]},"Created By":"jokekeh773@etopmail.com","Project Name":"roc","Created At":"2020-01-21T01:57:39.000Z","Updated At":"2020-01-21T02:34:21.000Z","Seconds to Label":5.243,"External ID":"roc038.jpeg","Agreement":null,"Benchmark Agreement":null,"Benchmark ID":null,"Benchmark Reference ID":null,"Dataset Name":"roc","Reviews":[],"View Label":"https://editor.labelbox.com?project=ck5mul9uoubch0978j3kpdu1q&label=ck5n8aufcz2zc0978cx27g5cv"},{"ID":"ck5n8axhc7bon0929pj0bsf89","DataRow ID":"ck5muaold9rnk0doq2b97483i","Labeled Data":"https://storage.labelbox.com/ck5m7hol2ltok0843iolzs4yv%2Fda974bd9-1eb1-5555-2dbc-ea782a344c75-roc070.jpeg?Expires=1580812220855&KeyName=labelbox-assets-key-1&Signature=Kwy27j0T1z0lT5CRjs47kgBAj28","Label":{"objects":[{"featureId":"ck5n8ax5o02dx0x8rxy9kwwow","schemaId":"ck5mult86iel00835fuvc72fz","title":"roc","value":"roc","color":"#FF0000","bbox":{"top":96,"left":74,"height":104,"width":129}}],"classifications":[]},"Created By":"jokekeh773@etopmail.com","Project Name":"roc","Created At":"2020-01-21T01:57:43.000Z","Updated At":"2020-01-21T01:57:43.000Z","Seconds to Label":1.901,"External ID":"roc070.jpeg","Agreement":null,"Benchmark Agreement":null,"Benchmark ID":null,"Benchmark Reference ID":null,"Dataset Name":"roc","Reviews":[],"View Label":"https://editor.labelbox.com?project=ck5mul9uoubch0978j3kpdu1q&label=ck5n8axhc7bon0929pj0bsf89"},{"ID":"ck5n8b0exjaq807705pycx49v","DataRow ID":"ck5muaol19rgs0doqdialhze2","Labeled Data":"https://storage.labelbox.com/ck5m7hol2ltok0843iolzs4yv%2F03963f5f-b599-ba37-e668-11f8f3ebef31-roc009.jpeg?Expires=1580812220855&KeyName=labelbox-assets-key-1&Signature=mPBsuTJf8cHt4u0Fa1vX9uZ3mYU","Label":{"objects":[{"featureId":"ck5n8azyg02ha0x75snzj0xec","schemaId":"ck5mult86iel00835fuvc72fz","title":"roc","value":"roc","color":"#FF0000","bbox":{"top":80,"left":34,"height":82,"width":164}}],"classifications":[]},"Created By":"jokekeh773@etopmail.com","Project Name":"roc","Created At":"2020-01-21T01:57:46.000Z","Updated At":"2020-01-21T02:34:07.000Z","Seconds to Label":7.390000000000001,"External ID":"roc009.jpeg","Agreement":null,"Benchmark Agreement":null,"Benchmark ID":null,"Benchmark Reference ID":null,"Dataset Name":"roc","Reviews":[],"View Label":"https://editor.labelbox.com?project=ck5mul9uoubch0978j3kpdu1q&label=ck5n8b0exjaq807705pycx49v"},{"ID":"ck5n8b30tn3xn0835kdwvqxxf","DataRow ID":"ck5muaol89rkc0doq391f64mb","Labeled Data":"https://storage.labelbox.com/ck5m7hol2ltok0843iolzs4yv%2Fe38d7a49-f0e2-a107-bf06-eb44bef4a710-roc041.jpeg?Expires=1580812220856&KeyName=labelbox-assets-key-1&Signature=aJD5WszUWMBUnUF8EAnp8Atmgns","Label":{"objects":[{"featureId":"ck5n8b2qe02e20x8rjw1afij5","schemaId":"ck5mult86iel00835fuvc72fz","title":"roc","value":"roc","color":"#FF0000","bbox":{"top":85,"left":41,"height":104,"width":125}}],"classifications":[]},"Created By":"jokekeh773@etopmail.com","Project Name":"roc","Created At":"2020-01-21T01:57:50.000Z","Updated At":"2020-01-21T02:33:51.000Z","Seconds to Label":6.311000000000001,"External ID":"roc041.jpeg","Agreement":null,"Benchmark Agreement":null,"Benchmark ID":null,"Benchmark Reference ID":null,"Dataset Name":"roc","Reviews":[],"View Label":"https://editor.labelbox.com?project=ck5mul9uoubch0978j3kpdu1q&label=ck5n8b30tn3xn0835kdwvqxxf"},{"ID":"ck5n8b5msn3ye08350wofbaat","DataRow ID":"ck5muaold9rnw0doq4gvp2dex","Labeled Data":"https://storage.labelbox.com/ck5m7hol2ltok0843iolzs4yv%2Fd1b06cea-8189-e060-b201-e271f7b9e180-roc073.jpeg?Expires=1580812220856&KeyName=labelbox-assets-key-1&Signature=uFdetJlvXfOVBQKJp9IgzBbRwLg","Label":{"objects":[{"featureId":"ck5n8b57k02f70x8z076vsvhm","schemaId":"ck5mult86iel00835fuvc72fz","title":"roc","value":"roc","color":"#FF0000","bbox":{"top":36,"left":26,"height":180,"width":147}}],"classifications":[]},"Created By":"jokekeh773@etopmail.com","Project Name":"roc","Created At":"2020-01-21T01:57:53.000Z","Updated At":"2020-01-21T02:33:41.000Z","Seconds to Label":6.1370000000000005,"External ID":"roc073.jpeg","Agreement":null,"Benchmark Agreement":null,"Benchmark ID":null,"Benchmark Reference ID":null,"Dataset Name":"roc","Reviews":[],"View Label":"https://editor.labelbox.com?project=ck5mul9uoubch0978j3kpdu1q&label=ck5n8b5msn3ye08350wofbaat"},{"ID":"ck5n8b7wp7bri09298r15lj4z","DataRow ID":"ck5muaol19rh40doq1ipzgnco","Labeled Data":"https://storage.labelbox.com/ck5m7hol2ltok0843iolzs4yv%2Fa7986680-b911-5f4c-a4bc-e13ba54981e1-roc012.jpeg?Expires=1580812220856&KeyName=labelbox-assets-key-1&Signature=fgxzvXz86mvpZe7QCwqHmDtr7C0","Label":{"objects":[{"featureId":"ck5n8b7lo02hu0x75k2h3ydi0","schemaId":"ck5mult86iel00835fuvc72fz","title":"roc","value":"roc","color":"#FF0000","bbox":{"top":47,"left":21,"height":132,"width":163}}],"classifications":[]},"Created By":"jokekeh773@etopmail.com","Project Name":"roc","Created At":"2020-01-21T01:57:56.000Z","Updated At":"2020-01-21T02:33:30.000Z","Seconds to Label":5.293,"External ID":"roc012.jpeg","Agreement":null,"Benchmark Agreement":null,"Benchmark ID":null,"Benchmark Reference ID":null,"Dataset Name":"roc","Reviews":[],"View Label":"https://editor.labelbox.com?project=ck5mul9uoubch0978j3kpdu1q&label=ck5n8b7wp7bri09298r15lj4z"},{"ID":"ck5n8baoz79lc09520zqnpvzk","DataRow ID":"ck5muaol89rko0doqgrvgcic4","Labeled Data":"https://storage.labelbox.com/ck5m7hol2ltok0843iolzs4yv%2Fe2b46daa-814f-528b-2ec4-e953006e2f93-roc044.jpeg?Expires=1580812220856&KeyName=labelbox-assets-key-1&Signature=xN3VuAGQvdgJgSluE89amt4o3Bc","Label":{"objects":[{"featureId":"ck5n8b9zp02hw0x75bg4ysyfu","schemaId":"ck5mult86iel00835fuvc72fz","title":"roc","value":"roc","color":"#FF0000","bbox":{"top":17,"left":1,"height":166,"width":223}}],"classifications":[]},"Created By":"jokekeh773@etopmail.com","Project Name":"roc","Created At":"2020-01-21T01:58:00.000Z","Updated At":"2020-01-21T02:33:18.000Z","Seconds to Label":8.136,"External ID":"roc044.jpeg","Agreement":null,"Benchmark Agreement":null,"Benchmark ID":null,"Benchmark Reference ID":null,"Dataset Name":"roc","Reviews":[],"View Label":"https://editor.labelbox.com?project=ck5mul9uoubch0978j3kpdu1q&label=ck5n8baoz79lc09520zqnpvzk"},{"ID":"ck5n8bd8b7bsu0929g1fh96gd","DataRow ID":"ck5muaole9ro80doq9i7x7ros","Labeled Data":"https://storage.labelbox.com/ck5m7hol2ltok0843iolzs4yv%2F61afca95-4020-af80-de5a-fd27ee45b9d8-roc076.jpeg?Expires=1580812220856&KeyName=labelbox-assets-key-1&Signature=_xgq0GZAoE1CsMqZsbZHMdxtKNI","Label":{"objects":[{"featureId":"ck5n8bco202fh0x8zefs59m9o","schemaId":"ck5mult86iel00835fuvc72fz","title":"roc","value":"roc","color":"#FF0000","bbox":{"top":30,"left":24,"height":181,"width":144}}],"classifications":[]},"Created By":"jokekeh773@etopmail.com","Project Name":"roc","Created At":"2020-01-21T01:58:03.000Z","Updated At":"2020-01-21T02:33:03.000Z","Seconds to Label":6.850999999999999,"External ID":"roc076.jpeg","Agreement":null,"Benchmark Agreement":null,"Benchmark ID":null,"Benchmark Reference ID":null,"Dataset Name":"roc","Reviews":[],"View Label":"https://editor.labelbox.com?project=ck5mul9uoubch0978j3kpdu1q&label=ck5n8bd8b7bsu0929g1fh96gd"},{"ID":"ck5n8bfj1n4130835hk1taqga","DataRow ID":"ck5muaol19rhg0doqawe5hpua","Labeled Data":"https://storage.labelbox.com/ck5m7hol2ltok0843iolzs4yv%2F8f61e6f1-0fe0-dc17-f1d4-6a661b6d05af-roc015.jpeg?Expires=1580812220856&KeyName=labelbox-assets-key-1&Signature=b5Df_LUq5F-mT1_JfFCnbmXbAIg","Label":{"objects":[{"featureId":"ck5n8bf7b02fi0x8zhl9diukl","schemaId":"ck5mult86iel00835fuvc72fz","title":"roc","value":"roc","color":"#FF0000","bbox":{"top":66,"left":19,"height":92,"width":132}}],"classifications":[]},"Created By":"jokekeh773@etopmail.com","Project Name":"roc","Created At":"2020-01-21T01:58:06.000Z","Updated At":"2020-01-21T04:14:56.000Z","Seconds to Label":6.587,"External ID":"roc015.jpeg","Agreement":null,"Benchmark Agreement":null,"Benchmark ID":null,"Benchmark Reference ID":null,"Dataset Name":"roc","Reviews":[],"View Label":"https://editor.labelbox.com?project=ck5mul9uoubch0978j3kpdu1q&label=ck5n8bfj1n4130835hk1taqga"},{"ID":"ck5n8bkqcjauh0770k72u27vd","DataRow ID":"ck5muaol99rl00doq8f8ahb4h","Labeled Data":"https://storage.labelbox.com/ck5m7hol2ltok0843iolzs4yv%2F043a6817-beb5-ee39-1102-c8e7bc90d966-roc047.jpeg?Expires=1580812220856&KeyName=labelbox-assets-key-1&Signature=g3Us1UOTPOj5UIJuAKneytruwCw","Label":{"objects":[{"featureId":"ck5n8bjlc02i10x75p84bjsvn","schemaId":"ck5mult86iel00835fuvc72fz","title":"roc","value":"roc","color":"#FF0000","bbox":{"top":1,"left":2,"height":223,"width":222}}],"classifications":[]},"Created By":"jokekeh773@etopmail.com","Project Name":"roc","Created At":"2020-01-21T01:58:13.000Z","Updated At":"2020-01-21T01:58:13.000Z","Seconds to Label":3.911,"External ID":"roc047.jpeg","Agreement":null,"Benchmark Agreement":null,"Benchmark ID":null,"Benchmark Reference ID":null,"Dataset Name":"roc","Reviews":[],"View Label":"https://editor.labelbox.com?project=ck5mul9uoubch0978j3kpdu1q&label=ck5n8bkqcjauh0770k72u27vd"},{"ID":"ck5n8bonu79ni0952a04bzjid","DataRow ID":"ck5muaole9rok0doq4p8sdecd","Labeled Data":"https://storage.labelbox.com/ck5m7hol2ltok0843iolzs4yv%2F18c2a585-ca7c-5991-facc-f523e8338f45-roc079.jpeg?Expires=1580812220856&KeyName=labelbox-assets-key-1&Signature=KnkXvcnYxFfSh80Wxhzyw5B2qFw","Label":{"objects":[{"featureId":"ck5n8boda02fn0x8zlohh9glh","schemaId":"ck5mult86iel00835fuvc72fz","title":"roc","value":"roc","color":"#FF0000","bbox":{"top":29,"left":11,"height":170,"width":198}}],"classifications":[]},"Created By":"jokekeh773@etopmail.com","Project Name":"roc","Created At":"2020-01-21T01:58:18.000Z","Updated At":"2020-01-21T01:58:18.000Z","Seconds to Label":3.791,"External ID":"roc079.jpeg","Agreement":null,"Benchmark Agreement":null,"Benchmark ID":null,"Benchmark Reference ID":null,"Dataset Name":"roc","Reviews":[],"View Label":"https://editor.labelbox.com?project=ck5mul9uoubch0978j3kpdu1q&label=ck5n8bonu79ni0952a04bzjid"},{"ID":"ck5n8bsz0yp6h0843xvhy6uxj","DataRow ID":"ck5muaol19rhs0doq769f8p39","Labeled Data":"https://storage.labelbox.com/ck5m7hol2ltok0843iolzs4yv%2Fd4bb7347-8650-da0e-eb31-ea5a2b55db00-roc018.jpeg?Expires=1580812220856&KeyName=labelbox-assets-key-1&Signature=TaRiMqFh5zjvh6in85LZe6213vI","Label":{"objects":[{"featureId":"ck5n8bsoi02fp0x8zdjfyhewl","schemaId":"ck5mult86iel00835fuvc72fz","title":"roc","value":"roc","color":"#FF0000","bbox":{"top":18,"left":37,"height":175,"width":160}}],"classifications":[]},"Created By":"jokekeh773@etopmail.com","Project Name":"roc","Created At":"2020-01-21T01:58:23.000Z","Updated At":"2020-01-21T01:58:23.000Z","Seconds to Label":4,"External ID":"roc018.jpeg","Agreement":null,"Benchmark Agreement":null,"Benchmark ID":null,"Benchmark Reference ID":null,"Dataset Name":"roc","Reviews":[],"View Label":"https://editor.labelbox.com?project=ck5mul9uoubch0978j3kpdu1q&label=ck5n8bsz0yp6h0843xvhy6uxj"},{"ID":"ck5n8bx5d17090989mzpp4qwe","DataRow ID":"ck5muaol99rlc0doqbtnofqtl","Labeled Data":"https://storage.labelbox.com/ck5m7hol2ltok0843iolzs4yv%2F96f790f3-687e-35ee-a965-c8c9d55a156a-roc050.jpeg?Expires=1580812220856&KeyName=labelbox-assets-key-1&Signature=F1Z_9nAqjf-QRYJbHG9U2QD96ck","Label":{"objects":[{"featureId":"ck5n8bw9202fr0x8zot1fw4fi","schemaId":"ck5mult86iel00835fuvc72fz","title":"roc","value":"roc","color":"#FF0000","bbox":{"top":37,"left":29,"height":160,"width":180}}],"classifications":[]},"Created By":"jokekeh773@etopmail.com","Project Name":"roc","Created At":"2020-01-21T01:58:29.000Z","Updated At":"2020-01-21T01:58:29.000Z","Seconds to Label":3.121,"External ID":"roc050.jpeg","Agreement":null,"Benchmark Agreement":null,"Benchmark ID":null,"Benchmark Reference ID":null,"Dataset Name":"roc","Reviews":[],"View Label":"https://editor.labelbox.com?project=ck5mul9uoubch0978j3kpdu1q&label=ck5n8bx5d17090989mzpp4qwe"},{"ID":"ck5n8c3lltefq0a563ntxmly5","DataRow ID":"ck5muaole9row0doq2ezg0f2i","Labeled Data":"https://storage.labelbox.com/ck5m7hol2ltok0843iolzs4yv%2F0c5ae86f-0944-df85-eb39-914d365776c5-roc082.jpeg?Expires=1580812220856&KeyName=labelbox-assets-key-1&Signature=ASoafqmD0FSny24t0ZoQmQZkAjQ","Label":{"objects":[{"featureId":"ck5n8c35i02ie0x75cv7w0cao","schemaId":"ck5mult86iel00835fuvc72fz","title":"roc","value":"roc","color":"#FF0000","bbox":{"top":43,"left":31,"height":133,"width":147}}],"classifications":[]},"Created By":"jokekeh773@etopmail.com","Project Name":"roc","Created At":"2020-01-21T01:58:37.000Z","Updated At":"2020-01-21T01:58:37.000Z","Seconds to Label":3.824,"External ID":"roc082.jpeg","Agreement":null,"Benchmark Agreement":null,"Benchmark ID":null,"Benchmark Reference ID":null,"Dataset Name":"roc","Reviews":[],"View Label":"https://editor.labelbox.com?project=ck5mul9uoubch0978j3kpdu1q&label=ck5n8c3lltefq0a563ntxmly5"}]