[{"ID":"ck5n71rr80vrz0989hzze02o7","DataRow ID":"ck5mub5x09rt80doq13269bvi","Labeled Data":"https://storage.labelbox.com/ck5m7hol2ltok0843iolzs4yv%2F34bbbea7-2f1d-687c-97a6-9ab5b18f3920-slm021.jpg?Expires=1580812313520&KeyName=labelbox-assets-key-1&Signature=PyxREplCt8T4ut-75biQ5WjR9lM","Label":{"objects":[{"featureId":"ck5n71l0301ih0x75rqlwqzmc","schemaId":"ck5munkrrifd0083589kqph8b","title":"slm","value":"slm","color":"#FF0000","bbox":{"top":102,"left":98,"height":44,"width":101}}],"classifications":[]},"Created By":"sunnylee7@sookmyung.ac.kr","Project Name":"slm","Created At":"2020-01-21T01:22:36.000Z","Updated At":"2020-01-21T04:30:36.000Z","Seconds to Label":18.442,"External ID":"slm021.jpg","Agreement":null,"Benchmark Agreement":null,"Benchmark ID":null,"Benchmark Reference ID":null,"Dataset Name":"slm","Reviews":[],"View Label":"https://editor.labelbox.com?project=ck5mumqhku06o0843f4ink7nq&label=ck5n71rr80vrz0989hzze02o7"},{"ID":"ck5n71z7diztn0770ttsbspp4","DataRow ID":"ck5mub5x49rws0doq5uwtg1ov","Labeled Data":"https://storage.labelbox.com/ck5m7hol2ltok0843iolzs4yv%2Feda0968e-4f8c-4b2f-4a2a-968375fe4178-slm053.jpg?Expires=1580812313520&KeyName=labelbox-assets-key-1&Signature=QEIyjXxHuTusf8SvWTRLKL4CuiE","Label":{"objects":[{"featureId":"ck5n71ybo01im0x75raaft1zt","schemaId":"ck5munkrrifd0083589kqph8b","title":"slm","value":"slm","color":"#FF0000","bbox":{"top":23,"left":91,"height":151,"width":75}}],"classifications":[]},"Created By":"sunnylee7@sookmyung.ac.kr","Project Name":"slm","Created At":"2020-01-21T01:22:45.000Z","Updated At":"2020-01-21T04:30:24.000Z","Seconds to Label":8.348,"External ID":"slm053.jpg","Agreement":null,"Benchmark Agreement":null,"Benchmark ID":null,"Benchmark Reference ID":null,"Dataset Name":"slm","Reviews":[],"View Label":"https://editor.labelbox.com?project=ck5mumqhku06o0843f4ink7nq&label=ck5n71z7diztn0770ttsbspp4"},{"ID":"ck5n7274lyr3m0978tpler0zv","DataRow ID":"ck5mub5x69s0c0doq0lclb9wg","Labeled Data":"https://storage.labelbox.com/ck5m7hol2ltok0843iolzs4yv%2F2579ab5f-3c10-5ba0-df3c-0eb30a9cd6cc-slm085.jpg?Expires=1580812313521&KeyName=labelbox-assets-key-1&Signature=lWjfev30THCgoPNvQItVTcYg1Ls","Label":{"objects":[{"featureId":"ck5n7266g01h60x8zt9mbhb37","schemaId":"ck5munkrrifd0083589kqph8b","title":"slm","value":"slm","color":"#FF0000","bbox":{"top":128,"left":35,"height":76,"width":114}}],"classifications":[]},"Created By":"sunnylee7@sookmyung.ac.kr","Project Name":"slm","Created At":"2020-01-21T01:22:56.000Z","Updated At":"2020-01-21T04:30:13.000Z","Seconds to Label":7.639,"External ID":"slm085.jpg","Agreement":null,"Benchmark Agreement":null,"Benchmark ID":null,"Benchmark Reference ID":null,"Dataset Name":"slm","Reviews":[],"View Label":"https://editor.labelbox.com?project=ck5mumqhku06o0843f4ink7nq&label=ck5n7274lyr3m0978tpler0zv"},{"ID":"ck5n72c9i0vwv0989mz2068ia","DataRow ID":"ck5mub5x19rtk0doqgjjs8ius","Labeled Data":"https://storage.labelbox.com/ck5m7hol2ltok0843iolzs4yv%2Fc2fe510e-420b-618c-ec4d-1a2804fac8b6-slm024.jpg?Expires=1580812313521&KeyName=labelbox-assets-key-1&Signature=sM8h34FAf-L8Uq3WwmGMU_Cc6o8","Label":{"objects":[{"featureId":"ck5n72be301is0x8reqmnw28t","schemaId":"ck5munkrrifd0083589kqph8b","title":"slm","value":"slm","color":"#FF0000","bbox":{"top":26,"left":66,"height":29,"width":38}}],"classifications":[]},"Created By":"sunnylee7@sookmyung.ac.kr","Project Name":"slm","Created At":"2020-01-21T01:23:02.000Z","Updated At":"2020-01-21T04:30:05.000Z","Seconds to Label":5.596,"External ID":"slm024.jpg","Agreement":null,"Benchmark Agreement":null,"Benchmark ID":null,"Benchmark Reference ID":null,"Dataset Name":"slm","Reviews":[],"View Label":"https://editor.labelbox.com?project=ck5mumqhku06o0843f4ink7nq&label=ck5n72c9i0vwv0989mz2068ia"},{"ID":"ck5n72j1d70hc0929wzr44rvt","DataRow ID":"ck5mub5x49rx40doqfv2zd24d","Labeled Data":"https://storage.labelbox.com/ck5m7hol2ltok0843iolzs4yv%2F6f5839c5-d23f-a09b-edb0-923a43ea25ca-slm056.jpg?Expires=1580812313521&KeyName=labelbox-assets-key-1&Signature=9OysxCtAYIEhfiiUO7_G5KvamUs","Label":{"objects":[{"featureId":"ck5n72i6p01iw0x8rvagi16o0","schemaId":"ck5munkrrifd0083589kqph8b","title":"slm","value":"slm","color":"#FF0000","bbox":{"top":70,"left":28,"height":74,"width":168}}],"classifications":[]},"Created By":"sunnylee7@sookmyung.ac.kr","Project Name":"slm","Created At":"2020-01-21T01:23:11.000Z","Updated At":"2020-01-21T04:29:52.000Z","Seconds to Label":7.521,"External ID":"slm056.jpg","Agreement":null,"Benchmark Agreement":null,"Benchmark ID":null,"Benchmark Reference ID":null,"Dataset Name":"slm","Reviews":[],"View Label":"https://editor.labelbox.com?project=ck5mumqhku06o0843f4ink7nq&label=ck5n72j1d70hc0929wzr44rvt"},{"ID":"ck5n770gdyeyz0843q9afyzga","DataRow ID":"ck5mub5x69s0o0doq36iscue4","Labeled Data":"https://storage.labelbox.com/ck5m7hol2ltok0843iolzs4yv%2F6d470a7e-e8b0-924c-c932-4a14cbda85f5-slm088.jpg?Expires=1580812313521&KeyName=labelbox-assets-key-1&Signature=LNoGqHiWBJ_ZurF-GSyhVdFyrSs","Label":{"objects":[{"featureId":"ck5n76z3y01jw0x8zjmjr7je5","schemaId":"ck5munkrrifd0083589kqph8b","title":"slm","value":"slm","color":"#FF0000","bbox":{"top":2,"left":1,"height":217,"width":223}}],"classifications":[]},"Created By":"sunnylee7@sookmyung.ac.kr","Project Name":"slm","Created At":"2020-01-21T01:26:40.000Z","Updated At":"2020-01-21T01:26:40.000Z","Seconds to Label":5.838,"External ID":"slm088.jpg","Agreement":null,"Benchmark Agreement":null,"Benchmark ID":null,"Benchmark Reference ID":null,"Dataset Name":"slm","Reviews":[],"View Label":"https://editor.labelbox.com?project=ck5mumqhku06o0843f4ink7nq&label=ck5n770gdyeyz0843q9afyzga"},{"ID":"ck5n7786nysf209784q4hptrm","DataRow ID":"ck5mub5x19rtw0doqezin56b3","Labeled Data":"https://storage.labelbox.com/ck5m7hol2ltok0843iolzs4yv%2F377f5541-54b1-548f-7c5c-76d9af991564-slm027.jpg?Expires=1580812313521&KeyName=labelbox-assets-key-1&Signature=aser0t2YJ_aPdm5OK9umy9IKhxU","Label":{"objects":[{"featureId":"ck5n777fv01k00x8zsldwtxlj","schemaId":"ck5munkrrifd0083589kqph8b","title":"slm","value":"slm","color":"#FF0000","bbox":{"top":30,"left":84,"height":134,"width":95}}],"classifications":[]},"Created By":"sunnylee7@sookmyung.ac.kr","Project Name":"slm","Created At":"2020-01-21T01:26:50.000Z","Updated At":"2020-01-21T04:29:40.000Z","Seconds to Label":9.099,"External ID":"slm027.jpg","Agreement":null,"Benchmark Agreement":null,"Benchmark ID":null,"Benchmark Reference ID":null,"Dataset Name":"slm","Reviews":[],"View Label":"https://editor.labelbox.com?project=ck5mumqhku06o0843f4ink7nq&label=ck5n7786nysf209784q4hptrm"},{"ID":"ck5n77fsa71qj0929mwkxvj23","DataRow ID":"ck5mub5x49rxg0doqed34h5u0","Labeled Data":"https://storage.labelbox.com/ck5m7hol2ltok0843iolzs4yv%2Fa782d8de-e2ba-9e23-cd9a-97d63e0cfa14-slm059.jpg?Expires=1580812313521&KeyName=labelbox-assets-key-1&Signature=hviRqFwKv9EYbeCf0OhdhT6KlbU","Label":{"objects":[{"featureId":"ck5n77f1101ll0x755arg76y8","schemaId":"ck5munkrrifd0083589kqph8b","title":"slm","value":"slm","color":"#FF0000","bbox":{"top":4,"left":3,"height":220,"width":221}}],"classifications":[]},"Created By":"sunnylee7@sookmyung.ac.kr","Project Name":"slm","Created At":"2020-01-21T01:27:00.000Z","Updated At":"2020-01-21T01:27:00.000Z","Seconds to Label":6.133,"External ID":"slm059.jpg","Agreement":null,"Benchmark Agreement":null,"Benchmark ID":null,"Benchmark Reference ID":null,"Dataset Name":"slm","Reviews":[],"View Label":"https://editor.labelbox.com?project=ck5mumqhku06o0843f4ink7nq&label=ck5n77fsa71qj0929mwkxvj23"},{"ID":"ck5n77rs30xf509893hbnh7b0","DataRow ID":"ck5mub5x69s100doqdfua8bue","Labeled Data":"https://storage.labelbox.com/ck5m7hol2ltok0843iolzs4yv%2F34c3d13b-03e9-5db1-d25c-b6f9e0558504-slm091.jpg?Expires=1580812313521&KeyName=labelbox-assets-key-1&Signature=aTPUc7rb5ywlBCFY2Qec57Ws8DI","Label":{"objects":[{"featureId":"ck5n77kvb01lo0x75kclq1jv3","schemaId":"ck5munkrrifd0083589kqph8b","title":"slm","value":"slm","color":"#FF0000","bbox":{"top":57,"left":1,"height":110,"width":220}}],"classifications":[]},"Created By":"sunnylee7@sookmyung.ac.kr","Project Name":"slm","Created At":"2020-01-21T01:27:16.000Z","Updated At":"2020-01-21T01:27:16.000Z","Seconds to Label":6.609,"External ID":"slm091.jpg","Agreement":null,"Benchmark Agreement":null,"Benchmark ID":null,"Benchmark Reference ID":null,"Dataset Name":"slm","Reviews":[],"View Label":"https://editor.labelbox.com?project=ck5mumqhku06o0843f4ink7nq&label=ck5n77rs30xf509893hbnh7b0"},{"ID":"ck5n781clt45k0a56uh2tge96","DataRow ID":"ck5mub5x29ru80doq0yx16tbi","Labeled Data":"https://storage.labelbox.com/ck5m7hol2ltok0843iolzs4yv%2Ff137a431-5d3d-81d5-6248-9a0468236e78-slm030.jpg?Expires=1580812313521&KeyName=labelbox-assets-key-1&Signature=d1LD7Rxsbo7FWd4oBLtvzJmw4W8","Label":{"objects":[{"featureId":"ck5n77zly01kf0x8zxmp7i2yr","schemaId":"ck5munkrrifd0083589kqph8b","title":"slm","value":"slm","color":"#FF0000","bbox":{"top":22,"left":9,"height":170,"width":202}}],"classifications":[]},"Created By":"sunnylee7@sookmyung.ac.kr","Project Name":"slm","Created At":"2020-01-21T01:27:28.000Z","Updated At":"2020-01-21T01:27:28.000Z","Seconds to Label":5.77,"External ID":"slm030.jpg","Agreement":null,"Benchmark Agreement":null,"Benchmark ID":null,"Benchmark Reference ID":null,"Dataset Name":"slm","Reviews":[],"View Label":"https://editor.labelbox.com?project=ck5mumqhku06o0843f4ink7nq&label=ck5n781clt45k0a56uh2tge96"},{"ID":"ck5n788z6mu510835vyxrdvin","DataRow ID":"ck5mub5x49rxs0doq5hi0bixk","Labeled Data":"https://storage.labelbox.com/ck5m7hol2ltok0843iolzs4yv%2Fe8e85bfc-319a-5b7b-a7bc-d5882597e393-slm062.jpg?Expires=1580812313522&KeyName=labelbox-assets-key-1&Signature=D0tULdoL0J6VbVvLXEp31UOhcFY","Label":{"objects":[{"featureId":"ck5n7883m01m10x8rvffs1xwu","schemaId":"ck5munkrrifd0083589kqph8b","title":"slm","value":"slm","color":"#FF0000","bbox":{"top":46,"left":10,"height":141,"width":209}}],"classifications":[]},"Created By":"sunnylee7@sookmyung.ac.kr","Project Name":"slm","Created At":"2020-01-21T01:27:38.000Z","Updated At":"2020-01-21T01:27:38.000Z","Seconds to Label":6.883,"External ID":"slm062.jpg","Agreement":null,"Benchmark Agreement":null,"Benchmark ID":null,"Benchmark Reference ID":null,"Dataset Name":"slm","Reviews":[],"View Label":"https://editor.labelbox.com?project=ck5mumqhku06o0843f4ink7nq&label=ck5n788z6mu510835vyxrdvin"},{"ID":"ck5n78flaj1e80770nx2pbfc0","DataRow ID":"ck5mub5xa9s1c0doqhkux5dqk","Labeled Data":"https://storage.labelbox.com/ck5m7hol2ltok0843iolzs4yv%2F621f57fb-e944-27f7-ff1b-cf9f8eabf473-slm094.jpg?Expires=1580812313522&KeyName=labelbox-assets-key-1&Signature=p8zITh-qNI3fF1jHGDRC0e5S_EA","Label":{"objects":[{"featureId":"ck5n78eqi01kz0x8z9nzy84cl","schemaId":"ck5munkrrifd0083589kqph8b","title":"slm","value":"slm","color":"#FF0000","bbox":{"top":43,"left":0,"height":140,"width":224}}],"classifications":[]},"Created By":"sunnylee7@sookmyung.ac.kr","Project Name":"slm","Created At":"2020-01-21T01:27:46.000Z","Updated At":"2020-01-21T01:27:46.000Z","Seconds to Label":5.395,"External ID":"slm094.jpg","Agreement":null,"Benchmark Agreement":null,"Benchmark ID":null,"Benchmark Reference ID":null,"Dataset Name":"slm","Reviews":[],"View Label":"https://editor.labelbox.com?project=ck5mumqhku06o0843f4ink7nq&label=ck5n78flaj1e80770nx2pbfc0"},{"ID":"ck5n78l5yj1gd0770p0idfxy0","DataRow ID":"ck5mub5wq9rr00doqc85n1thq","Labeled Data":"https://storage.labelbox.com/ck5m7hol2ltok0843iolzs4yv%2F6860aded-4e5c-b734-2fc8-6508ef40351d-slm001.jpg?Expires=1580812313522&KeyName=labelbox-assets-key-1&Signature=5zA4643nypRPiNP5NW3KZsfqBO8","Label":{"objects":[{"featureId":"ck5n78kbt01me0x75smmbfn44","schemaId":"ck5munkrrifd0083589kqph8b","title":"slm","value":"slm","color":"#FF0000","bbox":{"top":1,"left":2,"height":223,"width":222}}],"classifications":[]},"Created By":"sunnylee7@sookmyung.ac.kr","Project Name":"slm","Created At":"2020-01-21T01:27:54.000Z","Updated At":"2020-01-21T01:27:54.000Z","Seconds to Label":3.933,"External ID":"slm001.jpg","Agreement":null,"Benchmark Agreement":null,"Benchmark ID":null,"Benchmark Reference ID":null,"Dataset Name":"slm","Reviews":[],"View Label":"https://editor.labelbox.com?project=ck5mumqhku06o0843f4ink7nq&label=ck5n78l5yj1gd0770p0idfxy0"},{"ID":"ck5n78ryt0xr20989q8hnyp0k","DataRow ID":"ck5mub5x29ruk0doq3ssy2mqv","Labeled Data":"https://storage.labelbox.com/ck5m7hol2ltok0843iolzs4yv%2F0dded272-5751-cf3d-decc-505fdd3c693f-slm033.jpg?Expires=1580812313522&KeyName=labelbox-assets-key-1&Signature=0068BwMNhg3gGD7Tq3B2cUeBmgw","Label":{"objects":[{"featureId":"ck5n78r4l01mm0x75wtsjkoh2","schemaId":"ck5munkrrifd0083589kqph8b","title":"slm","value":"slm","color":"#FF0000","bbox":{"top":37,"left":0,"height":187,"width":208}}],"classifications":[]},"Created By":"sunnylee7@sookmyung.ac.kr","Project Name":"slm","Created At":"2020-01-21T01:28:02.000Z","Updated At":"2020-01-21T04:29:22.000Z","Seconds to Label":5.631,"External ID":"slm033.jpg","Agreement":null,"Benchmark Agreement":null,"Benchmark ID":null,"Benchmark Reference ID":null,"Dataset Name":"slm","Reviews":[],"View Label":"https://editor.labelbox.com?project=ck5mumqhku06o0843f4ink7nq&label=ck5n78ryt0xr20989q8hnyp0k"},{"ID":"ck5n793euj1lr0770wr7exs7s","DataRow ID":"ck5mub5x49ry40doq5v3md1qn","Labeled Data":"https://storage.labelbox.com/ck5m7hol2ltok0843iolzs4yv%2F1c875dda-c7e0-95a1-1cf2-70b9d36db44b-slm065.jpg?Expires=1580812313522&KeyName=labelbox-assets-key-1&Signature=LyQsmdyyJ7S3d_x2wG4YQoOx4uM","Label":{"objects":[{"featureId":"ck5n792li01lm0x8ze608urvs","schemaId":"ck5munkrrifd0083589kqph8b","title":"slm","value":"slm","color":"#FF0000","bbox":{"top":136,"left":0,"height":86,"width":172}}],"classifications":[]},"Created By":"sunnylee7@sookmyung.ac.kr","Project Name":"slm","Created At":"2020-01-21T01:28:17.000Z","Updated At":"2020-01-21T02:12:56.000Z","Seconds to Label":13.790000000000001,"External ID":"slm065.jpg","Agreement":null,"Benchmark Agreement":null,"Benchmark ID":null,"Benchmark Reference ID":null,"Dataset Name":"slm","Reviews":[],"View Label":"https://editor.labelbox.com?project=ck5mumqhku06o0843f4ink7nq&label=ck5n793euj1lr0770wr7exs7s"},{"ID":"ck5n799of6zq60952mnhfwnkp","DataRow ID":"ck5mub5xa9s1o0doq35kj4ch0","Labeled Data":"https://storage.labelbox.com/ck5m7hol2ltok0843iolzs4yv%2F4ab0e5a6-4c4f-83e3-437c-9f3a1e3f48bd-slm097.jpg?Expires=1580812313522&KeyName=labelbox-assets-key-1&Signature=dYzsSKSaGAPe_XIL5tesKOpiTr4","Label":{"objects":[{"featureId":"ck5n798fc01lr0x8z7bdzdjj9","schemaId":"ck5munkrrifd0083589kqph8b","title":"slm","value":"slm","color":"#FF0000","bbox":{"top":38,"left":30,"height":125,"width":181}}],"classifications":[]},"Created By":"sunnylee7@sookmyung.ac.kr","Project Name":"slm","Created At":"2020-01-21T01:28:25.000Z","Updated At":"2020-01-21T04:29:13.000Z","Seconds to Label":5.4799999999999995,"External ID":"slm097.jpg","Agreement":null,"Benchmark Agreement":null,"Benchmark ID":null,"Benchmark Reference ID":null,"Dataset Name":"slm","Reviews":[],"View Label":"https://editor.labelbox.com?project=ck5mumqhku06o0843f4ink7nq&label=ck5n799of6zq60952mnhfwnkp"},{"ID":"ck5n79gbc6zrx0952x9ttkj7x","DataRow ID":"ck5mub5wx9rrc0doq9uilbaot","Labeled Data":"https://storage.labelbox.com/ck5m7hol2ltok0843iolzs4yv%2Ff7d1a925-4362-360f-3aeb-8d2daab4c6eb-slm004.jpg?Expires=1580812313522&KeyName=labelbox-assets-key-1&Signature=1_b53tfRSnqcSupi_yjmoZz76C0","Label":{"objects":[{"featureId":"ck5n79feb01n10x75msmg0ynv","schemaId":"ck5munkrrifd0083589kqph8b","title":"slm","value":"slm","color":"#FF0000","bbox":{"top":88,"left":79,"height":64,"width":67}}],"classifications":[]},"Created By":"sunnylee7@sookmyung.ac.kr","Project Name":"slm","Created At":"2020-01-21T01:28:34.000Z","Updated At":"2020-01-21T04:29:07.000Z","Seconds to Label":6.667000000000001,"External ID":"slm004.jpg","Agreement":null,"Benchmark Agreement":null,"Benchmark ID":null,"Benchmark Reference ID":null,"Dataset Name":"slm","Reviews":[],"View Label":"https://editor.labelbox.com?project=ck5mumqhku06o0843f4ink7nq&label=ck5n79gbc6zrx0952x9ttkj7x"},{"ID":"ck5n79mummuip0835pj9dj57l","DataRow ID":"ck5mub5x29ruw0doq2kml0oaf","Labeled Data":"https://storage.labelbox.com/ck5m7hol2ltok0843iolzs4yv%2F0cef6349-89d7-d839-ec48-50e7a228cbf1-slm036.jpg?Expires=1580812313522&KeyName=labelbox-assets-key-1&Signature=fcq7TnS7GYPSuS-G5Q3dY0KJKq0","Label":{"objects":[{"featureId":"ck5n79m1g01n50x756edfyk5x","schemaId":"ck5munkrrifd0083589kqph8b","title":"slm","value":"slm","color":"#FF0000","bbox":{"top":45,"left":0,"height":130,"width":220}}],"classifications":[]},"Created By":"sunnylee7@sookmyung.ac.kr","Project Name":"slm","Created At":"2020-01-21T01:28:42.000Z","Updated At":"2020-01-21T04:28:55.000Z","Seconds to Label":7.606,"External ID":"slm036.jpg","Agreement":null,"Benchmark Agreement":null,"Benchmark ID":null,"Benchmark Reference ID":null,"Dataset Name":"slm","Reviews":[],"View Label":"https://editor.labelbox.com?project=ck5mumqhku06o0843f4ink7nq&label=ck5n79mummuip0835pj9dj57l"},{"ID":"ck5n79sci6zv40952bg414ie8","DataRow ID":"ck5mub5x59ryg0doq2rlwdpch","Labeled Data":"https://storage.labelbox.com/ck5m7hol2ltok0843iolzs4yv%2Fb7bf0d9f-ca47-d4c5-246f-ad0e036052e1-slm068.jpg?Expires=1580812313522&KeyName=labelbox-assets-key-1&Signature=WpdNz-PfEeAxcsrU2uBqQIRq_Fw","Label":{"objects":[{"featureId":"ck5n79rhs01m00x8zr6bmwisj","schemaId":"ck5munkrrifd0083589kqph8b","title":"slm","value":"slm","color":"#FF0000","bbox":{"top":1,"left":0,"height":223,"width":222}}],"classifications":[]},"Created By":"sunnylee7@sookmyung.ac.kr","Project Name":"slm","Created At":"2020-01-21T01:28:50.000Z","Updated At":"2020-01-21T01:28:50.000Z","Seconds to Label":4.211,"External ID":"slm068.jpg","Agreement":null,"Benchmark Agreement":null,"Benchmark ID":null,"Benchmark Reference ID":null,"Dataset Name":"slm","Reviews":[],"View Label":"https://editor.labelbox.com?project=ck5mumqhku06o0843f4ink7nq&label=ck5n79sci6zv40952bg414ie8"},{"ID":"ck5n79wv96zxw0952c0lsvw93","DataRow ID":"ck5mub5xa9s200doqepwv69if","Labeled Data":"https://storage.labelbox.com/ck5m7hol2ltok0843iolzs4yv%2Fe48f861b-6109-13a2-781b-15a9e67e8068-slm100.jpg?Expires=1580812313522&KeyName=labelbox-assets-key-1&Signature=f-IolNAjiigHeIYu5Q4wJuegdCc","Label":{"objects":[{"featureId":"ck5n79w5901m40x8z7aj05qxc","schemaId":"ck5munkrrifd0083589kqph8b","title":"slm","value":"slm","color":"#FF0000","bbox":{"top":47,"left":69,"height":115,"width":76}}],"classifications":[]},"Created By":"sunnylee7@sookmyung.ac.kr","Project Name":"slm","Created At":"2020-01-21T01:28:55.000Z","Updated At":"2020-01-21T04:28:45.000Z","Seconds to Label":5.494,"External ID":"slm100.jpg","Agreement":null,"Benchmark Agreement":null,"Benchmark ID":null,"Benchmark Reference ID":null,"Dataset Name":"slm","Reviews":[],"View Label":"https://editor.labelbox.com?project=ck5mumqhku06o0843f4ink7nq&label=ck5n79wv96zxw0952c0lsvw93"},{"ID":"ck5n7a1ga0y1p0989e396gvmd","DataRow ID":"ck5mub5wy9rro0doq13b923pi","Labeled Data":"https://storage.labelbox.com/ck5m7hol2ltok0843iolzs4yv%2F6d74f3b7-ed40-300f-548a-5c8c1385b8bf-slm007.jpg?Expires=1580812313523&KeyName=labelbox-assets-key-1&Signature=PM4XPpGU6JrRwZqZIbJziGxiawM","Label":{"objects":[{"featureId":"ck5n7a0v601nk0x8rrhvedsd0","schemaId":"ck5munkrrifd0083589kqph8b","title":"slm","value":"slm","color":"#FF0000","bbox":{"top":54,"left":111,"height":118,"width":87}}],"classifications":[]},"Created By":"sunnylee7@sookmyung.ac.kr","Project Name":"slm","Created At":"2020-01-21T01:29:01.000Z","Updated At":"2020-01-21T04:28:34.000Z","Seconds to Label":5.449999999999999,"External ID":"slm007.jpg","Agreement":null,"Benchmark Agreement":null,"Benchmark ID":null,"Benchmark Reference ID":null,"Dataset Name":"slm","Reviews":[],"View Label":"https://editor.labelbox.com?project=ck5mumqhku06o0843f4ink7nq&label=ck5n7a1ga0y1p0989e396gvmd"},{"ID":"ck5n7a7zn701k09527hz0l2ce","DataRow ID":"ck5mub5x39rv80doqe79i9oy3","Labeled Data":"https://storage.labelbox.com/ck5m7hol2ltok0843iolzs4yv%2Ff9473d2a-bf51-e847-6d4c-4d158cc4bb26-slm039.jpg?Expires=1580812313523&KeyName=labelbox-assets-key-1&Signature=1pXzoYDiT5eNUDaAr6l1CfOb6jM","Label":{"objects":[{"featureId":"ck5n7a77p01nu0x75ga622jme","schemaId":"ck5munkrrifd0083589kqph8b","title":"slm","value":"slm","color":"#FF0000","bbox":{"top":75,"left":101,"height":107,"width":116}}],"classifications":[]},"Created By":"sunnylee7@sookmyung.ac.kr","Project Name":"slm","Created At":"2020-01-21T01:29:10.000Z","Updated At":"2020-01-21T04:28:17.000Z","Seconds to Label":15.316,"External ID":"slm039.jpg","Agreement":null,"Benchmark Agreement":null,"Benchmark ID":null,"Benchmark Reference ID":null,"Dataset Name":"slm","Reviews":[],"View Label":"https://editor.labelbox.com?project=ck5mumqhku06o0843f4ink7nq&label=ck5n7a7zn701k09527hz0l2ce"},{"ID":"ck5n7adbiytcu09788iixa15w","DataRow ID":"ck5mub5x59rys0doqa4i4aa05","Labeled Data":"https://storage.labelbox.com/ck5m7hol2ltok0843iolzs4yv%2F99c8a101-ad61-7118-2497-abe3dc1570b1-slm071.jpg?Expires=1580812313523&KeyName=labelbox-assets-key-1&Signature=Sr3SXBeIfk3RxkXLJ8GBwGsClI4","Label":{"objects":[{"featureId":"ck5n7acky01mi0x8zzqxwremr","schemaId":"ck5munkrrifd0083589kqph8b","title":"slm","value":"slm","color":"#FF0000","bbox":{"top":16,"left":0,"height":168,"width":198}}],"classifications":[]},"Created By":"sunnylee7@sookmyung.ac.kr","Project Name":"slm","Created At":"2020-01-21T01:29:17.000Z","Updated At":"2020-01-21T04:28:00.000Z","Seconds to Label":5.929,"External ID":"slm071.jpg","Agreement":null,"Benchmark Agreement":null,"Benchmark ID":null,"Benchmark Reference ID":null,"Dataset Name":"slm","Reviews":[],"View Label":"https://editor.labelbox.com?project=ck5mumqhku06o0843f4ink7nq&label=ck5n7adbiytcu09788iixa15w"},{"ID":"ck5n7atqgj25u07708p5s7c2d","DataRow ID":"ck5mub5wy9rs00doq1eymgzvg","Labeled Data":"https://storage.labelbox.com/ck5m7hol2ltok0843iolzs4yv%2F64846244-b5cc-24b0-4484-53efb9543317-slm010.jpg?Expires=1580812313523&KeyName=labelbox-assets-key-1&Signature=exn-cMBNh6qaNIg-oqT-hsl0p44","Label":{"objects":[{"featureId":"ck5n7aqtw01oc0x8rq6vnjhng","schemaId":"ck5munkrrifd0083589kqph8b","title":"slm","value":"slm","color":"#FF0000","bbox":{"top":104,"left":58,"height":52,"width":95}}],"classifications":[]},"Created By":"sunnylee7@sookmyung.ac.kr","Project Name":"slm","Created At":"2020-01-21T01:29:38.000Z","Updated At":"2020-01-21T04:27:50.000Z","Seconds to Label":24.874,"External ID":"slm010.jpg","Agreement":null,"Benchmark Agreement":null,"Benchmark ID":null,"Benchmark Reference ID":null,"Dataset Name":"slm","Reviews":[],"View Label":"https://editor.labelbox.com?project=ck5mumqhku06o0843f4ink7nq&label=ck5n7atqgj25u07708p5s7c2d"},{"ID":"ck5n7az5gt56g0a56f2c76ktf","DataRow ID":"ck5mub5x39rvk0doq12bbfnkm","Labeled Data":"https://storage.labelbox.com/ck5m7hol2ltok0843iolzs4yv%2F60d05336-ef23-ee81-8b44-617b6d09223e-slm042.jpg?Expires=1580812313523&KeyName=labelbox-assets-key-1&Signature=ulyTRexT2oc1TzF2MXUOQTp0DwQ","Label":{"objects":[{"featureId":"ck5n7ayjz01oi0x75hxnze6cp","schemaId":"ck5munkrrifd0083589kqph8b","title":"slm","value":"slm","color":"#FF0000","bbox":{"top":74,"left":97,"height":84,"width":106}}],"classifications":[]},"Created By":"sunnylee7@sookmyung.ac.kr","Project Name":"slm","Created At":"2020-01-21T01:29:45.000Z","Updated At":"2020-01-21T04:26:32.000Z","Seconds to Label":6.022,"External ID":"slm042.jpg","Agreement":null,"Benchmark Agreement":null,"Benchmark ID":null,"Benchmark Reference ID":null,"Dataset Name":"slm","Reviews":[],"View Label":"https://editor.labelbox.com?project=ck5mumqhku06o0843f4ink7nq&label=ck5n7az5gt56g0a56f2c76ktf"},{"ID":"ck5n7bbs6mv1808354gbx8sp7","DataRow ID":"ck5mub5x59rz40doq1hv88w8c","Labeled Data":"https://storage.labelbox.com/ck5m7hol2ltok0843iolzs4yv%2Fdeda7a53-2690-c934-e372-8db568343ea3-slm074.jpg?Expires=1580812313523&KeyName=labelbox-assets-key-1&Signature=rKMJBpoD5aBna6aLYoIQThRdjak","Label":{"objects":[{"featureId":"ck5n7b50q01ow0x8rm67d3dtc","schemaId":"ck5munkrrifd0083589kqph8b","title":"slm","value":"slm","color":"#FF0000","bbox":{"top":72,"left":10,"height":99,"width":214}}],"classifications":[]},"Created By":"sunnylee7@sookmyung.ac.kr","Project Name":"slm","Created At":"2020-01-21T01:30:01.000Z","Updated At":"2020-01-21T04:26:20.000Z","Seconds to Label":10.385000000000002,"External ID":"slm074.jpg","Agreement":null,"Benchmark Agreement":null,"Benchmark ID":null,"Benchmark Reference ID":null,"Dataset Name":"slm","Reviews":[],"View Label":"https://editor.labelbox.com?project=ck5mumqhku06o0843f4ink7nq&label=ck5n7bbs6mv1808354gbx8sp7"},{"ID":"ck5n7bgp470i80952pf4yemh3","DataRow ID":"ck5mub5wz9rsc0doq1tyqgv2t","Labeled Data":"https://storage.labelbox.com/ck5m7hol2ltok0843iolzs4yv%2Fb8ac1824-bb29-b060-87bb-49315d3023c4-slm013.jpg?Expires=1580812313523&KeyName=labelbox-assets-key-1&Signature=cjdNdFl28oHdrBK94h6bChLvwBU","Label":{"objects":[{"featureId":"ck5n7bfx401nc0x8zsgayjomw","schemaId":"ck5munkrrifd0083589kqph8b","title":"slm","value":"slm","color":"#FF0000","bbox":{"top":86,"left":23,"height":98,"width":127}}],"classifications":[]},"Created By":"sunnylee7@sookmyung.ac.kr","Project Name":"slm","Created At":"2020-01-21T01:30:08.000Z","Updated At":"2020-01-21T04:26:14.000Z","Seconds to Label":4.055,"External ID":"slm013.jpg","Agreement":null,"Benchmark Agreement":null,"Benchmark ID":null,"Benchmark Reference ID":null,"Dataset Name":"slm","Reviews":[],"View Label":"https://editor.labelbox.com?project=ck5mumqhku06o0843f4ink7nq&label=ck5n7bgp470i80952pf4yemh3"},{"ID":"ck5n7bkrg70jx0952jmnq46ld","DataRow ID":"ck5mub5x39rvw0doq7skralo4","Labeled Data":"https://storage.labelbox.com/ck5m7hol2ltok0843iolzs4yv%2F8ae72801-81a9-b36c-a9ea-6f4623b8e5ad-slm045.jpg?Expires=1580812313523&KeyName=labelbox-assets-key-1&Signature=0mTN17R_02TKAO4FmgWxcl75xMQ","Label":{"objects":[{"featureId":"ck5n7bk7501p80x8rzauyurre","schemaId":"ck5munkrrifd0083589kqph8b","title":"slm","value":"slm","color":"#FF0000","bbox":{"top":19,"left":5,"height":201,"width":219}}],"classifications":[]},"Created By":"sunnylee7@sookmyung.ac.kr","Project Name":"slm","Created At":"2020-01-21T01:30:13.000Z","Updated At":"2020-01-21T01:30:13.000Z","Seconds to Label":2.532,"External ID":"slm045.jpg","Agreement":null,"Benchmark Agreement":null,"Benchmark ID":null,"Benchmark Reference ID":null,"Dataset Name":"slm","Reviews":[],"View Label":"https://editor.labelbox.com?project=ck5mumqhku06o0843f4ink7nq&label=ck5n7bkrg70jx0952jmnq46ld"},{"ID":"ck5n7bxj070mg0952wwsvxgwo","DataRow ID":"ck5mub5x59rzg0doq9yz61exc","Labeled Data":"https://storage.labelbox.com/ck5m7hol2ltok0843iolzs4yv%2F7705e4d2-046a-9077-fd22-2775dec35782-slm077.jpg?Expires=1580812313523&KeyName=labelbox-assets-key-1&Signature=wMYmZ-olTVanhaZQuEld1p3V33A","Label":{"objects":[{"featureId":"ck5n7bpvv01nj0x8z9d1zz6m0","schemaId":"ck5munkrrifd0083589kqph8b","title":"slm","value":"slm","color":"#FF0000","bbox":{"top":145,"left":54,"height":41,"width":55}}],"classifications":[]},"Created By":"sunnylee7@sookmyung.ac.kr","Project Name":"slm","Created At":"2020-01-21T01:30:30.000Z","Updated At":"2020-01-21T04:26:05.000Z","Seconds to Label":11.969,"External ID":"slm077.jpg","Agreement":null,"Benchmark Agreement":null,"Benchmark ID":null,"Benchmark Reference ID":null,"Dataset Name":"slm","Reviews":[],"View Label":"https://editor.labelbox.com?project=ck5mumqhku06o0843f4ink7nq&label=ck5n7bxj070mg0952wwsvxgwo"},{"ID":"ck5n7c8h370q00952ryzq1gsv","DataRow ID":"ck5mub5wz9rso0doq3s3ycmdz","Labeled Data":"https://storage.labelbox.com/ck5m7hol2ltok0843iolzs4yv%2F8d48326f-34ed-881b-8eab-5da4d74ca437-slm016.jpg?Expires=1580812313523&KeyName=labelbox-assets-key-1&Signature=wTUlZ45j9-21FxaQaBSXEljG1eQ","Label":{"objects":[{"featureId":"ck5n7c1vn01pf0x8r2p0duw2v","schemaId":"ck5munkrrifd0083589kqph8b","title":"slm","value":"slm","color":"#FF0000","bbox":{"top":82,"left":91,"height":93,"width":34}}],"classifications":[]},"Created By":"sunnylee7@sookmyung.ac.kr","Project Name":"slm","Created At":"2020-01-21T01:30:44.000Z","Updated At":"2020-01-21T04:25:58.000Z","Seconds to Label":13.159,"External ID":"slm016.jpg","Agreement":null,"Benchmark Agreement":null,"Benchmark ID":null,"Benchmark Reference ID":null,"Dataset Name":"slm","Reviews":[],"View Label":"https://editor.labelbox.com?project=ck5mumqhku06o0843f4ink7nq&label=ck5n7c8h370q00952ryzq1gsv"},{"ID":"ck5n7ceby70r50952utjj3d4v","DataRow ID":"ck5mub5x39rw80doqen1f65qg","Labeled Data":"https://storage.labelbox.com/ck5m7hol2ltok0843iolzs4yv%2Fdc899379-0265-7ee4-2899-31715b435f2e-slm048.jpg?Expires=1580812313523&KeyName=labelbox-assets-key-1&Signature=H1ukYfz89QikGi55JtgAPzE_5y0","Label":{"objects":[{"featureId":"ck5n7cdpp01o70x8zvx1jgczw","schemaId":"ck5munkrrifd0083589kqph8b","title":"slm","value":"slm","color":"#FF0000","bbox":{"top":29,"left":14,"height":152,"width":200}}],"classifications":[]},"Created By":"sunnylee7@sookmyung.ac.kr","Project Name":"slm","Created At":"2020-01-21T01:30:51.000Z","Updated At":"2020-01-21T01:30:51.000Z","Seconds to Label":4.261,"External ID":"slm048.jpg","Agreement":null,"Benchmark Agreement":null,"Benchmark ID":null,"Benchmark Reference ID":null,"Dataset Name":"slm","Reviews":[],"View Label":"https://editor.labelbox.com?project=ck5mumqhku06o0843f4ink7nq&label=ck5n7ceby70r50952utjj3d4v"},{"ID":"ck5n7cirj70sr0952xogayx4r","DataRow ID":"ck5mub5x59rzs0doq58744307","Labeled Data":"https://storage.labelbox.com/ck5m7hol2ltok0843iolzs4yv%2Ffe89df6f-53a9-e14f-318d-a7a7c32684b9-slm080.jpg?Expires=1580812313524&KeyName=labelbox-assets-key-1&Signature=jfzQXaEuD0P1WT82VCW4SbnuEsY","Label":{"objects":[{"featureId":"ck5n7ci0j01ob0x8zjn0jwrb0","schemaId":"ck5munkrrifd0083589kqph8b","title":"slm","value":"slm","color":"#FF0000","bbox":{"top":91,"left":26,"height":74,"width":149}}],"classifications":[]},"Created By":"sunnylee7@sookmyung.ac.kr","Project Name":"slm","Created At":"2020-01-21T01:30:57.000Z","Updated At":"2020-01-21T04:25:38.000Z","Seconds to Label":5.008,"External ID":"slm080.jpg","Agreement":null,"Benchmark Agreement":null,"Benchmark ID":null,"Benchmark Reference ID":null,"Dataset Name":"slm","Reviews":[],"View Label":"https://editor.labelbox.com?project=ck5mumqhku06o0843f4ink7nq&label=ck5n7cirj70sr0952xogayx4r"},{"ID":"ck5n7cnq070u50952xvjpizcb","DataRow ID":"ck5mub5x09rt00doq1mg09ryq","Labeled Data":"https://storage.labelbox.com/ck5m7hol2ltok0843iolzs4yv%2Fe8b772ad-c2a1-2ba8-cbc2-eac687c593f9-slm019.jpg?Expires=1580812313524&KeyName=labelbox-assets-key-1&Signature=YmGtQxOADeQTsDOeU2CLBfsdBR0","Label":{"objects":[{"featureId":"ck5n7cmxw01of0x8z0g8p04xk","schemaId":"ck5munkrrifd0083589kqph8b","title":"slm","value":"slm","color":"#FF0000","bbox":{"top":34,"left":10,"height":173,"width":202}}],"classifications":[]},"Created By":"sunnylee7@sookmyung.ac.kr","Project Name":"slm","Created At":"2020-01-21T01:31:04.000Z","Updated At":"2020-01-21T01:31:04.000Z","Seconds to Label":3.729,"External ID":"slm019.jpg","Agreement":null,"Benchmark Agreement":null,"Benchmark ID":null,"Benchmark Reference ID":null,"Dataset Name":"slm","Reviews":[],"View Label":"https://editor.labelbox.com?project=ck5mumqhku06o0843f4ink7nq&label=ck5n7cnq070u50952xvjpizcb"},{"ID":"ck5n7cwzyyu7n0978j9a8y2fb","DataRow ID":"ck5mub5x49rwk0doq5lfqdonc","Labeled Data":"https://storage.labelbox.com/ck5m7hol2ltok0843iolzs4yv%2F732567ef-6a82-8fd1-079f-8d489a553def-slm051.jpg?Expires=1580812313524&KeyName=labelbox-assets-key-1&Signature=Doa4uBABke4mk3Dk1Lg_LhTy91M","Label":{"objects":[{"featureId":"ck5n7ctk801on0x8z0lftj2h2","schemaId":"ck5munkrrifd0083589kqph8b","title":"slm","value":"slm","color":"#FF0000","bbox":{"top":44,"left":9,"height":170,"width":202}}],"classifications":[]},"Created By":"sunnylee7@sookmyung.ac.kr","Project Name":"slm","Created At":"2020-01-21T01:31:16.000Z","Updated At":"2020-01-21T04:25:23.000Z","Seconds to Label":13.410000000000002,"External ID":"slm051.jpg","Agreement":null,"Benchmark Agreement":null,"Benchmark ID":null,"Benchmark Reference ID":null,"Dataset Name":"slm","Reviews":[],"View Label":"https://editor.labelbox.com?project=ck5mumqhku06o0843f4ink7nq&label=ck5n7cwzyyu7n0978j9a8y2fb"},{"ID":"ck5n7d10gmvk50835l15euxr9","DataRow ID":"ck5mub5x69s040doq4pby31us","Labeled Data":"https://storage.labelbox.com/ck5m7hol2ltok0843iolzs4yv%2F402af51f-c74e-4a5d-076e-a20ca3ed63d0-slm083.jpg?Expires=1580812313524&KeyName=labelbox-assets-key-1&Signature=m6LDiw0SGUxYRMynPLAPhGASR0w","Label":{"objects":[{"featureId":"ck5n7czz601q90x757but8ig5","schemaId":"ck5munkrrifd0083589kqph8b","title":"slm","value":"slm","color":"#FF0000","bbox":{"top":96,"left":114,"height":40,"width":81}}],"classifications":[]},"Created By":"sunnylee7@sookmyung.ac.kr","Project Name":"slm","Created At":"2020-01-21T01:31:21.000Z","Updated At":"2020-01-21T04:25:15.000Z","Seconds to Label":3.1170000000000004,"External ID":"slm083.jpg","Agreement":null,"Benchmark Agreement":null,"Benchmark ID":null,"Benchmark Reference ID":null,"Dataset Name":"slm","Reviews":[],"View Label":"https://editor.labelbox.com?project=ck5mumqhku06o0843f4ink7nq&label=ck5n7d10gmvk50835l15euxr9"},{"ID":"ck5n7d85b73e709296vx7mfnm","DataRow ID":"ck5mub5x19rtc0doq6abxcepb","Labeled Data":"https://storage.labelbox.com/ck5m7hol2ltok0843iolzs4yv%2F0df2ee91-218d-fdf5-0519-6909bf929985-slm022.jpg?Expires=1580812313524&KeyName=labelbox-assets-key-1&Signature=dAdaS7EEhqBG2so_c1GTbH08_X4","Label":{"objects":[{"featureId":"ck5n7d53701qc0x75646ay50q","schemaId":"ck5munkrrifd0083589kqph8b","title":"slm","value":"slm","color":"#FF0000","bbox":{"top":87,"left":12,"height":46,"width":137}}],"classifications":[]},"Created By":"sunnylee7@sookmyung.ac.kr","Project Name":"slm","Created At":"2020-01-21T01:31:30.000Z","Updated At":"2020-01-21T04:25:03.000Z","Seconds to Label":7.845999999999999,"External ID":"slm022.jpg","Agreement":null,"Benchmark Agreement":null,"Benchmark ID":null,"Benchmark Reference ID":null,"Dataset Name":"slm","Reviews":[],"View Label":"https://editor.labelbox.com?project=ck5mumqhku06o0843f4ink7nq&label=ck5n7d85b73e709296vx7mfnm"},{"ID":"ck5n7dex6713g0952bw68gudk","DataRow ID":"ck5mub5x49rww0doqbpoe7vwp","Labeled Data":"https://storage.labelbox.com/ck5m7hol2ltok0843iolzs4yv%2Fb1ff717b-b928-e6f4-f057-a488c4ecbd40-slm054.jpg?Expires=1580812313524&KeyName=labelbox-assets-key-1&Signature=8FRUVaZKwfJdPE6W0G46yUxCXHg","Label":{"objects":[{"featureId":"ck5n7de9k01ql0x8rfdv9x4v7","schemaId":"ck5munkrrifd0083589kqph8b","title":"slm","value":"slm","color":"#FF0000","bbox":{"top":42,"left":73,"height":103,"width":85}}],"classifications":[]},"Created By":"sunnylee7@sookmyung.ac.kr","Project Name":"slm","Created At":"2020-01-21T01:31:39.000Z","Updated At":"2020-01-21T04:24:48.000Z","Seconds to Label":7.234,"External ID":"slm054.jpg","Agreement":null,"Benchmark Agreement":null,"Benchmark ID":null,"Benchmark Reference ID":null,"Dataset Name":"slm","Reviews":[],"View Label":"https://editor.labelbox.com?project=ck5mumqhku06o0843f4ink7nq&label=ck5n7dex6713g0952bw68gudk"},{"ID":"ck5n7dkmkmvpw0835i06qdzjn","DataRow ID":"ck5mub5x69s0g0doqhbnd5p9n","Labeled Data":"https://storage.labelbox.com/ck5m7hol2ltok0843iolzs4yv%2Fc37b029d-585a-ad4e-6691-c235bea14341-slm086.jpg?Expires=1580812313524&KeyName=labelbox-assets-key-1&Signature=mIl-9SioJYjfSaBcpDm8PG2QY34","Label":{"objects":[{"featureId":"ck5n7djxu01p10x8z78vb0t5v","schemaId":"ck5munkrrifd0083589kqph8b","title":"slm","value":"slm","color":"#FF0000","bbox":{"top":20,"left":13,"height":175,"width":197}}],"classifications":[]},"Created By":"sunnylee7@sookmyung.ac.kr","Project Name":"slm","Created At":"2020-01-21T01:31:46.000Z","Updated At":"2020-01-21T01:31:46.000Z","Seconds to Label":4.763,"External ID":"slm086.jpg","Agreement":null,"Benchmark Agreement":null,"Benchmark ID":null,"Benchmark Reference ID":null,"Dataset Name":"slm","Reviews":[],"View Label":"https://editor.labelbox.com?project=ck5mumqhku06o0843f4ink7nq&label=ck5n7dkmkmvpw0835i06qdzjn"},{"ID":"ck5n7e6kq73n80929ajuqee5h","DataRow ID":"ck5mub5x19rto0doq112ahfci","Labeled Data":"https://storage.labelbox.com/ck5m7hol2ltok0843iolzs4yv%2Fb1808bd3-dac6-2dff-1583-e0db6b877a88-slm025.jpg?Expires=1580812313524&KeyName=labelbox-assets-key-1&Signature=G9XA295Gf8yVKzGnuSuJpapLHuM","Label":{"objects":[{"featureId":"ck5n7dtxd01qz0x75pqzu1k3m","schemaId":"ck5munkrrifd0083589kqph8b","title":"slm","value":"slm","color":"#FF0000","bbox":{"top":118,"left":9,"height":68,"width":211}}],"classifications":[]},"Created By":"sunnylee7@sookmyung.ac.kr","Project Name":"slm","Created At":"2020-01-21T01:32:15.000Z","Updated At":"2020-01-21T04:24:36.000Z","Seconds to Label":19.589000000000002,"External ID":"slm025.jpg","Agreement":null,"Benchmark Agreement":null,"Benchmark ID":null,"Benchmark Reference ID":null,"Dataset Name":"slm","Reviews":[],"View Label":"https://editor.labelbox.com?project=ck5mumqhku06o0843f4ink7nq&label=ck5n7e6kq73n80929ajuqee5h"},{"ID":"ck5n7ecpmj3480770x4w0u1xn","DataRow ID":"ck5mub5x49rx80doq2w7r6hev","Labeled Data":"https://storage.labelbox.com/ck5m7hol2ltok0843iolzs4yv%2Fc4777299-683e-d32b-59db-e5f83e04928a-slm057.jpg?Expires=1580812313524&KeyName=labelbox-assets-key-1&Signature=9WiX0UmufQg9h1J2iORcT1L8Aio","Label":{"objects":[{"featureId":"ck5n7ebvq01rb0x75yphreblz","schemaId":"ck5munkrrifd0083589kqph8b","title":"slm","value":"slm","color":"#FF0000","bbox":{"top":11,"left":6,"height":203,"width":218}}],"classifications":[]},"Created By":"sunnylee7@sookmyung.ac.kr","Project Name":"slm","Created At":"2020-01-21T01:32:23.000Z","Updated At":"2020-01-21T01:32:23.000Z","Seconds to Label":4.866,"External ID":"slm057.jpg","Agreement":null,"Benchmark Agreement":null,"Benchmark ID":null,"Benchmark Reference ID":null,"Dataset Name":"slm","Reviews":[],"View Label":"https://editor.labelbox.com?project=ck5mumqhku06o0843f4ink7nq&label=ck5n7ecpmj3480770x4w0u1xn"},{"ID":"ck5n7ei7pj3690770eqih7278","DataRow ID":"ck5mub5x69s0s0doqboln8bb1","Labeled Data":"https://storage.labelbox.com/ck5m7hol2ltok0843iolzs4yv%2F52ccc6c6-52f3-907e-e4ad-7f1eab322934-slm089.jpg?Expires=1580812313524&KeyName=labelbox-assets-key-1&Signature=uMnE3S_i3_gl-bw-v4-djaUVpaw","Label":{"objects":[{"featureId":"ck5n7ehla01rf0x7500kfhley","schemaId":"ck5munkrrifd0083589kqph8b","title":"slm","value":"slm","color":"#FF0000","bbox":{"top":25,"left":9,"height":173,"width":207}}],"classifications":[]},"Created By":"sunnylee7@sookmyung.ac.kr","Project Name":"slm","Created At":"2020-01-21T01:32:30.000Z","Updated At":"2020-01-21T01:32:30.000Z","Seconds to Label":4.071,"External ID":"slm089.jpg","Agreement":null,"Benchmark Agreement":null,"Benchmark ID":null,"Benchmark Reference ID":null,"Dataset Name":"slm","Reviews":[],"View Label":"https://editor.labelbox.com?project=ck5mumqhku06o0843f4ink7nq&label=ck5n7ei7pj3690770eqih7278"},{"ID":"ck5n7emipt6a60a56puqk48z0","DataRow ID":"ck5mub5x19ru00doqc79qftng","Labeled Data":"https://storage.labelbox.com/ck5m7hol2ltok0843iolzs4yv%2F48652e1c-b8af-042d-debe-d02a7bc457e4-slm028.jpg?Expires=1580812313525&KeyName=labelbox-assets-key-1&Signature=53MQxAEB1_fbcGqWahR5E_Bn0dY","Label":{"objects":[{"featureId":"ck5n7elv901py0x8z4o210rp6","schemaId":"ck5munkrrifd0083589kqph8b","title":"slm","value":"slm","color":"#FF0000","bbox":{"top":110,"left":53,"height":57,"width":115}}],"classifications":[]},"Created By":"sunnylee7@sookmyung.ac.kr","Project Name":"slm","Created At":"2020-01-21T01:32:35.000Z","Updated At":"2020-01-21T04:24:21.000Z","Seconds to Label":4.362,"External ID":"slm028.jpg","Agreement":null,"Benchmark Agreement":null,"Benchmark ID":null,"Benchmark Reference ID":null,"Dataset Name":"slm","Reviews":[],"View Label":"https://editor.labelbox.com?project=ck5mumqhku06o0843f4ink7nq&label=ck5n7emipt6a60a56puqk48z0"},{"ID":"ck5n7eqx5t6bb0a56sylyv7kx","DataRow ID":"ck5mub5x49rxk0doqdfgvcr67","Labeled Data":"https://storage.labelbox.com/ck5m7hol2ltok0843iolzs4yv%2Fb1c4f233-dccf-9995-7d6c-3fabe1c21072-slm060.jpg?Expires=1580812313525&KeyName=labelbox-assets-key-1&Signature=DiNCuRKv8Lb4asvNjQlwnGAWK9o","Label":{"objects":[{"featureId":"ck5n7eqal01rn0x75gbew5t32","schemaId":"ck5munkrrifd0083589kqph8b","title":"slm","value":"slm","color":"#FF0000","bbox":{"top":14,"left":12,"height":202,"width":199}}],"classifications":[]},"Created By":"sunnylee7@sookmyung.ac.kr","Project Name":"slm","Created At":"2020-01-21T01:32:41.000Z","Updated At":"2020-01-21T04:24:12.000Z","Seconds to Label":5.611000000000001,"External ID":"slm060.jpg","Agreement":null,"Benchmark Agreement":null,"Benchmark ID":null,"Benchmark Reference ID":null,"Dataset Name":"slm","Reviews":[],"View Label":"https://editor.labelbox.com?project=ck5mumqhku06o0843f4ink7nq&label=ck5n7eqx5t6bb0a56sylyv7kx"},{"ID":"ck5n7evj971gy0952xu0w0m6b","DataRow ID":"ck5mub5x99s140doq2zabdy6b","Labeled Data":"https://storage.labelbox.com/ck5m7hol2ltok0843iolzs4yv%2F64f15a0f-21c5-2949-8dda-0bf81dba4a2d-slm092.jpg?Expires=1580812313525&KeyName=labelbox-assets-key-1&Signature=8lQ77PJVBzAJRWwQ5wLudzw41HY","Label":{"objects":[{"featureId":"ck5n7eupl01rl0x8r2y1emifs","schemaId":"ck5munkrrifd0083589kqph8b","title":"slm","value":"slm","color":"#FF0000","bbox":{"top":11,"left":7,"height":200,"width":210}}],"classifications":[]},"Created By":"sunnylee7@sookmyung.ac.kr","Project Name":"slm","Created At":"2020-01-21T01:32:47.000Z","Updated At":"2020-01-21T04:24:05.000Z","Seconds to Label":15.723,"External ID":"slm092.jpg","Agreement":null,"Benchmark Agreement":null,"Benchmark ID":null,"Benchmark Reference ID":null,"Dataset Name":"slm","Reviews":[],"View Label":"https://editor.labelbox.com?project=ck5mumqhku06o0843f4ink7nq&label=ck5n7evj971gy0952xu0w0m6b"},{"ID":"ck5n7f5tit6f20a56mm052x0r","DataRow ID":"ck5mub5x29ruc0doqhz6zgsi2","Labeled Data":"https://storage.labelbox.com/ck5m7hol2ltok0843iolzs4yv%2Fa7844a8e-e1f6-db6d-8cf6-0acbacf13694-slm031.jpg?Expires=1580812313525&KeyName=labelbox-assets-key-1&Signature=4KUOqCxclXdAexKmKwhqvf45ZUo","Label":{"objects":[{"featureId":"ck5n7eyzp01q90x8zg1lq46sj","schemaId":"ck5munkrrifd0083589kqph8b","title":"slm","value":"slm","color":"#FF0000","bbox":{"top":169,"left":48,"height":27,"width":82}}],"classifications":[]},"Created By":"sunnylee7@sookmyung.ac.kr","Project Name":"slm","Created At":"2020-01-21T01:33:00.000Z","Updated At":"2020-01-21T02:11:09.000Z","Seconds to Label":7.646,"External ID":"slm031.jpg","Agreement":null,"Benchmark Agreement":null,"Benchmark ID":null,"Benchmark Reference ID":null,"Dataset Name":"slm","Reviews":[],"View Label":"https://editor.labelbox.com?project=ck5mumqhku06o0843f4ink7nq&label=ck5n7f5tit6f20a56mm052x0r"},{"ID":"ck5n7fbkryuzs0978raa7mt14","DataRow ID":"ck5mub5x49rxw0doqc1ck15o2","Labeled Data":"https://storage.labelbox.com/ck5m7hol2ltok0843iolzs4yv%2F9600fdd8-e7da-6b89-e457-971896d3f9cd-slm063.jpg?Expires=1580812313525&KeyName=labelbox-assets-key-1&Signature=jHdoyC49KtYxILxanrCp-tJ3pfA","Label":{"objects":[{"featureId":"ck5n7fan401qh0x8zee0p40n7","schemaId":"ck5munkrrifd0083589kqph8b","title":"slm","value":"slm","color":"#FF0000","bbox":{"top":25,"left":71,"height":114,"width":119}}],"classifications":[]},"Created By":"sunnylee7@sookmyung.ac.kr","Project Name":"slm","Created At":"2020-01-21T01:33:08.000Z","Updated At":"2020-01-21T04:23:46.000Z","Seconds to Label":5.864999999999999,"External ID":"slm063.jpg","Agreement":null,"Benchmark Agreement":null,"Benchmark ID":null,"Benchmark Reference ID":null,"Dataset Name":"slm","Reviews":[],"View Label":"https://editor.labelbox.com?project=ck5mumqhku06o0843f4ink7nq&label=ck5n7fbkryuzs0978raa7mt14"},{"ID":"ck5n7fisrmwao0835d1cfarb8","DataRow ID":"ck5mub5xa9s1g0doqfqmsdo3u","Labeled Data":"https://storage.labelbox.com/ck5m7hol2ltok0843iolzs4yv%2Fa3d4f60c-141a-820a-9fd8-82c55aea4303-slm095.jpg?Expires=1580812313525&KeyName=labelbox-assets-key-1&Signature=mgg10NzWjyVdLaqM-OPZE2vGIzM","Label":{"objects":[{"featureId":"ck5n7fi9g01ql0x8zah7hu2bi","schemaId":"ck5munkrrifd0083589kqph8b","title":"slm","value":"slm","color":"#FF0000","bbox":{"top":88,"left":72,"height":76,"width":74}}],"classifications":[]},"Created By":"sunnylee7@sookmyung.ac.kr","Project Name":"slm","Created At":"2020-01-21T01:33:17.000Z","Updated At":"2020-01-21T04:23:36.000Z","Seconds to Label":7.788,"External ID":"slm095.jpg","Agreement":null,"Benchmark Agreement":null,"Benchmark ID":null,"Benchmark Reference ID":null,"Dataset Name":"slm","Reviews":[],"View Label":"https://editor.labelbox.com?project=ck5mumqhku06o0843f4ink7nq&label=ck5n7fisrmwao0835d1cfarb8"},{"ID":"ck5n7fp1ayv2w0978k4qxjm4e","DataRow ID":"ck5mub5wq9rr40doqfii99j83","Labeled Data":"https://storage.labelbox.com/ck5m7hol2ltok0843iolzs4yv%2Fcbe0201d-6043-015a-27eb-76f8e23c87fb-slm002.jpg?Expires=1580812313525&KeyName=labelbox-assets-key-1&Signature=cPwYZtspmfIy2wzaL5bGaD5uGR0","Label":{"objects":[{"featureId":"ck5n7fmy301qq0x8zk0p97zzr","schemaId":"ck5munkrrifd0083589kqph8b","title":"slm","value":"slm","color":"#FF0000","bbox":{"top":24,"left":2,"height":183,"width":222}}],"classifications":[]},"Created By":"sunnylee7@sookmyung.ac.kr","Project Name":"slm","Created At":"2020-01-21T01:33:25.000Z","Updated At":"2020-01-21T01:33:25.000Z","Seconds to Label":3.343,"External ID":"slm002.jpg","Agreement":null,"Benchmark Agreement":null,"Benchmark ID":null,"Benchmark Reference ID":null,"Dataset Name":"slm","Reviews":[],"View Label":"https://editor.labelbox.com?project=ck5mumqhku06o0843f4ink7nq&label=ck5n7fp1ayv2w0978k4qxjm4e"},{"ID":"ck5n7fuzdj3ju0770x77l3ynk","DataRow ID":"ck5mub5x29ruo0doq1eny5l4o","Labeled Data":"https://storage.labelbox.com/ck5m7hol2ltok0843iolzs4yv%2F395b8dd0-4f4c-caf9-7cfb-88b4d3fb65ce-slm034.jpg?Expires=1580812313525&KeyName=labelbox-assets-key-1&Signature=NCk1UNLTx6G_cpF8jQ7XYQalf9E","Label":{"objects":[{"featureId":"ck5n7fufl01sj0x75fk8spiz3","schemaId":"ck5munkrrifd0083589kqph8b","title":"slm","value":"slm","color":"#FF0000","bbox":{"top":23,"left":34,"height":163,"width":57}}],"classifications":[]},"Created By":"sunnylee7@sookmyung.ac.kr","Project Name":"slm","Created At":"2020-01-21T01:33:33.000Z","Updated At":"2020-01-21T04:23:24.000Z","Seconds to Label":6.994,"External ID":"slm034.jpg","Agreement":null,"Benchmark Agreement":null,"Benchmark ID":null,"Benchmark Reference ID":null,"Dataset Name":"slm","Reviews":[],"View Label":"https://editor.labelbox.com?project=ck5mumqhku06o0843f4ink7nq&label=ck5n7fuzdj3ju0770x77l3ynk"},{"ID":"ck5n7g4ujj3m90770i6cqku22","DataRow ID":"ck5mub5x49ry80doq1ulx2o5j","Labeled Data":"https://storage.labelbox.com/ck5m7hol2ltok0843iolzs4yv%2F0d40f34c-b8b7-2236-48ec-622cc7eb2e46-slm066.jpg?Expires=1580812313525&KeyName=labelbox-assets-key-1&Signature=ugyMeBK3feuJnt63ASLDxlCCMh8","Label":{"objects":[{"featureId":"ck5n7g3x201sf0x8roua4ebgt","schemaId":"ck5munkrrifd0083589kqph8b","title":"slm","value":"slm","color":"#FF0000","bbox":{"top":120,"left":40,"height":76,"width":151}}],"classifications":[]},"Created By":"sunnylee7@sookmyung.ac.kr","Project Name":"slm","Created At":"2020-01-21T01:33:46.000Z","Updated At":"2020-01-21T02:10:58.000Z","Seconds to Label":7.947,"External ID":"slm066.jpg","Agreement":null,"Benchmark Agreement":null,"Benchmark ID":null,"Benchmark Reference ID":null,"Dataset Name":"slm","Reviews":[],"View Label":"https://editor.labelbox.com?project=ck5mumqhku06o0843f4ink7nq&label=ck5n7g4ujj3m90770i6cqku22"},{"ID":"ck5n7g9y0t6oi0a56y2k4938g","DataRow ID":"ck5mub5xa9s1s0doq7k7fabs2","Labeled Data":"https://storage.labelbox.com/ck5m7hol2ltok0843iolzs4yv%2Fb9e4f932-0a4f-05f8-d467-bd8df2e52412-slm098.jpg?Expires=1580812313525&KeyName=labelbox-assets-key-1&Signature=b-R4rvXaaZnxR-W9PKhpjqmixws","Label":{"objects":[{"featureId":"ck5n7g9ag01sk0x8rseac1d1s","schemaId":"ck5munkrrifd0083589kqph8b","title":"slm","value":"slm","color":"#FF0000","bbox":{"top":55,"left":77,"height":56,"width":121}}],"classifications":[]},"Created By":"sunnylee7@sookmyung.ac.kr","Project Name":"slm","Created At":"2020-01-21T01:33:52.000Z","Updated At":"2020-01-21T04:23:09.000Z","Seconds to Label":8.226,"External ID":"slm098.jpg","Agreement":null,"Benchmark Agreement":null,"Benchmark ID":null,"Benchmark Reference ID":null,"Dataset Name":"slm","Reviews":[],"View Label":"https://editor.labelbox.com?project=ck5mumqhku06o0843f4ink7nq&label=ck5n7g9y0t6oi0a56y2k4938g"},{"ID":"ck5n7gk9cj3pk07700c72inl8","DataRow ID":"ck5mub5wy9rrg0doq14h89xad","Labeled Data":"https://storage.labelbox.com/ck5m7hol2ltok0843iolzs4yv%2Fad9333f3-a5ac-e871-bfa9-650a75a4431e-slm005.jpg?Expires=1580812313526&KeyName=labelbox-assets-key-1&Signature=wEbT6hPuYbDum8pCvfvRCa2-e90","Label":{"objects":[{"featureId":"ck5n7gjhs01t00x75hfuvnngx","schemaId":"ck5munkrrifd0083589kqph8b","title":"slm","value":"slm","color":"#FF0000","bbox":{"top":64,"left":117,"height":150,"width":86}}],"classifications":[]},"Created By":"sunnylee7@sookmyung.ac.kr","Project Name":"slm","Created At":"2020-01-21T01:34:06.000Z","Updated At":"2020-01-21T04:22:59.000Z","Seconds to Label":10.268999999999998,"External ID":"slm005.jpg","Agreement":null,"Benchmark Agreement":null,"Benchmark ID":null,"Benchmark Reference ID":null,"Dataset Name":"slm","Reviews":[],"View Label":"https://editor.labelbox.com?project=ck5mumqhku06o0843f4ink7nq&label=ck5n7gk9cj3pk07700c72inl8"},{"ID":"ck5n7h1dqyhlw0843utuat3yb","DataRow ID":"ck5mub5x29rv00doq14fwdmii","Labeled Data":"https://storage.labelbox.com/ck5m7hol2ltok0843iolzs4yv%2Fd9d721a6-4184-72b5-76c0-313427b3f79b-slm037.jpg?Expires=1580812313526&KeyName=labelbox-assets-key-1&Signature=OiyyGi0hJdSyVN2g-5qUgYCghX4","Label":{"objects":[{"featureId":"ck5n7h0gy01ta0x759xwgjcdp","schemaId":"ck5munkrrifd0083589kqph8b","title":"slm","value":"slm","color":"#FF0000","bbox":{"top":92,"left":26,"height":74,"width":188}}],"classifications":[]},"Created By":"sunnylee7@sookmyung.ac.kr","Project Name":"slm","Created At":"2020-01-21T01:34:28.000Z","Updated At":"2020-01-21T04:22:53.000Z","Seconds to Label":19.787,"External ID":"slm037.jpg","Agreement":null,"Benchmark Agreement":null,"Benchmark ID":null,"Benchmark Reference ID":null,"Dataset Name":"slm","Reviews":[],"View Label":"https://editor.labelbox.com?project=ck5mumqhku06o0843f4ink7nq&label=ck5n7h1dqyhlw0843utuat3yb"},{"ID":"ck5n7h616721109520966znuc","DataRow ID":"ck5mub5x59ryk0doq08f7hnsm","Labeled Data":"https://storage.labelbox.com/ck5m7hol2ltok0843iolzs4yv%2F85eb7937-cfb8-ea60-dd1a-ad7a5c078255-slm069.jpg?Expires=1580812313526&KeyName=labelbox-assets-key-1&Signature=uitgFnLFLcfmIHMPwh_j33XhxZg","Label":{"objects":[{"featureId":"ck5n7h5it01t40x8rz3d4wc5n","schemaId":"ck5munkrrifd0083589kqph8b","title":"slm","value":"slm","color":"#FF0000","bbox":{"top":14,"left":6,"height":200,"width":216}}],"classifications":[]},"Created By":"sunnylee7@sookmyung.ac.kr","Project Name":"slm","Created At":"2020-01-21T01:34:34.000Z","Updated At":"2020-01-21T01:34:34.000Z","Seconds to Label":3.381,"External ID":"slm069.jpg","Agreement":null,"Benchmark Agreement":null,"Benchmark ID":null,"Benchmark Reference ID":null,"Dataset Name":"slm","Reviews":[],"View Label":"https://editor.labelbox.com?project=ck5mumqhku06o0843f4ink7nq&label=ck5n7h616721109520966znuc"},{"ID":"ck5n7hbcmyhoj0843xw07tog6","DataRow ID":"ck5mub5wy9rrs0doq9rxqdz6u","Labeled Data":"https://storage.labelbox.com/ck5m7hol2ltok0843iolzs4yv%2F85b605bc-3615-3de2-1097-127e925a37b5-slm008.jpg?Expires=1580812313526&KeyName=labelbox-assets-key-1&Signature=MDPQgZWqo--8g_mbqqLmchxKtkM","Label":{"objects":[{"featureId":"ck5n7haqr01t70x8rgyppo57r","schemaId":"ck5munkrrifd0083589kqph8b","title":"slm","value":"slm","color":"#FF0000","bbox":{"top":56,"left":30,"height":121,"width":165}}],"classifications":[]},"Created By":"sunnylee7@sookmyung.ac.kr","Project Name":"slm","Created At":"2020-01-21T01:34:41.000Z","Updated At":"2020-01-21T04:22:41.000Z","Seconds to Label":6.509,"External ID":"slm008.jpg","Agreement":null,"Benchmark Agreement":null,"Benchmark ID":null,"Benchmark Reference ID":null,"Dataset Name":"slm","Reviews":[],"View Label":"https://editor.labelbox.com?project=ck5mumqhku06o0843f4ink7nq&label=ck5n7hbcmyhoj0843xw07tog6"},{"ID":"ck5n7hgp2yhpr0843elclnk1w","DataRow ID":"ck5mub5x39rvc0doq68nn4gx7","Labeled Data":"https://storage.labelbox.com/ck5m7hol2ltok0843iolzs4yv%2F9080f4f1-f25b-383a-8dae-ac8c9feff55d-slm040.jpg?Expires=1580812313526&KeyName=labelbox-assets-key-1&Signature=sIw6ku9hAxTo9mTIw_RvjXNSf4I","Label":{"objects":[{"featureId":"ck5n7hfya01s70x8ziofd9fb7","schemaId":"ck5munkrrifd0083589kqph8b","title":"slm","value":"slm","color":"#FF0000","bbox":{"top":19,"left":9,"height":186,"width":213}}],"classifications":[]},"Created By":"sunnylee7@sookmyung.ac.kr","Project Name":"slm","Created At":"2020-01-21T01:34:48.000Z","Updated At":"2020-01-21T04:22:31.000Z","Seconds to Label":8.481,"External ID":"slm040.jpg","Agreement":null,"Benchmark Agreement":null,"Benchmark ID":null,"Benchmark Reference ID":null,"Dataset Name":"slm","Reviews":[],"View Label":"https://editor.labelbox.com?project=ck5mumqhku06o0843f4ink7nq&label=ck5n7hgp2yhpr0843elclnk1w"},{"ID":"ck5n7hm86mwrz0835bsne3363","DataRow ID":"ck5mub5x59ryw0doq58t05aso","Labeled Data":"https://storage.labelbox.com/ck5m7hol2ltok0843iolzs4yv%2F1f1a2044-9f40-0d9c-1207-4fa1632524b9-slm072.jpg?Expires=1580812313526&KeyName=labelbox-assets-key-1&Signature=LmzsygvGRAsHA5gznWXqDcivQqk","Label":{"objects":[{"featureId":"ck5n7hlew01tv0x75or4expmk","schemaId":"ck5munkrrifd0083589kqph8b","title":"slm","value":"slm","color":"#FF0000","bbox":{"top":7,"left":0,"height":190,"width":215}}],"classifications":[]},"Created By":"sunnylee7@sookmyung.ac.kr","Project Name":"slm","Created At":"2020-01-21T01:34:55.000Z","Updated At":"2020-01-21T04:22:20.000Z","Seconds to Label":4.867,"External ID":"slm072.jpg","Agreement":null,"Benchmark Agreement":null,"Benchmark ID":null,"Benchmark Reference ID":null,"Dataset Name":"slm","Reviews":[],"View Label":"https://editor.labelbox.com?project=ck5mumqhku06o0843f4ink7nq&label=ck5n7hm86mwrz0835bsne3363"},{"ID":"ck5n7hzglyvmu0978zwuahker","DataRow ID":"ck5mub5wy9rs40doq0qvvglpu","Labeled Data":"https://storage.labelbox.com/ck5m7hol2ltok0843iolzs4yv%2Fb9d25310-7321-f1ac-9ce7-08e74323d3ce-slm011.jpg?Expires=1580812313526&KeyName=labelbox-assets-key-1&Signature=oKc661UYwuNLHHUBjzg6u2Xyrs4","Label":{"objects":[{"featureId":"ck5n7hqiu01tx0x75debk6dy1","schemaId":"ck5munkrrifd0083589kqph8b","title":"slm","value":"slm","color":"#FF0000","bbox":{"top":110,"left":128,"height":16,"width":40}}],"classifications":[]},"Created By":"sunnylee7@sookmyung.ac.kr","Project Name":"slm","Created At":"2020-01-21T01:35:12.000Z","Updated At":"2020-01-21T04:22:12.000Z","Seconds to Label":15.249999999999998,"External ID":"slm011.jpg","Agreement":null,"Benchmark Agreement":null,"Benchmark ID":null,"Benchmark Reference ID":null,"Dataset Name":"slm","Reviews":[],"View Label":"https://editor.labelbox.com?project=ck5mumqhku06o0843f4ink7nq&label=ck5n7hzglyvmu0978zwuahker"},{"ID":"ck5n7i48at7410a56w8tkq3n2","DataRow ID":"ck5mub5x39rvo0doq4a5i9nqc","Labeled Data":"https://storage.labelbox.com/ck5m7hol2ltok0843iolzs4yv%2Fe77b9a18-43d6-e9cf-a2e4-bf04886f1ff3-slm043.jpg?Expires=1580812313526&KeyName=labelbox-assets-key-1&Signature=M21olmDKyZ0T3jtEFRYzyX8N0dc","Label":{"objects":[{"featureId":"ck5n7i3nq01ts0x8rvllbzf1k","schemaId":"ck5munkrrifd0083589kqph8b","title":"slm","value":"slm","color":"#FF0000","bbox":{"top":77,"left":53,"height":77,"width":111}}],"classifications":[]},"Created By":"sunnylee7@sookmyung.ac.kr","Project Name":"slm","Created At":"2020-01-21T01:35:18.000Z","Updated At":"2020-01-21T04:22:04.000Z","Seconds to Label":4.262,"External ID":"slm043.jpg","Agreement":null,"Benchmark Agreement":null,"Benchmark ID":null,"Benchmark Reference ID":null,"Dataset Name":"slm","Reviews":[],"View Label":"https://editor.labelbox.com?project=ck5mumqhku06o0843f4ink7nq&label=ck5n7i48at7410a56w8tkq3n2"},{"ID":"ck5n7j9v3yvyu0978ocsodu5v","DataRow ID":"ck5mub5x59rz80doq0t0ldv2m","Labeled Data":"https://storage.labelbox.com/ck5m7hol2ltok0843iolzs4yv%2F410ca0ac-0760-19c6-b48d-d603a55f9b47-slm075.jpg?Expires=1580812313526&KeyName=labelbox-assets-key-1&Signature=svPmT5BgfSb_2_kPGATIezUoQQE","Label":{"objects":[{"featureId":"ck5n7i8pr01tu0x8r0f83woi9","schemaId":"ck5munkrrifd0083589kqph8b","title":"slm","value":"slm","color":"#FF0000","bbox":{"top":72,"left":12,"height":106,"width":184}}],"classifications":[]},"Created By":"sunnylee7@sookmyung.ac.kr","Project Name":"slm","Created At":"2020-01-21T01:36:12.000Z","Updated At":"2020-01-21T04:21:55.000Z","Seconds to Label":9.071,"External ID":"slm075.jpg","Agreement":null,"Benchmark Agreement":null,"Benchmark ID":null,"Benchmark Reference ID":null,"Dataset Name":"slm","Reviews":[],"View Label":"https://editor.labelbox.com?project=ck5mumqhku06o0843f4ink7nq&label=ck5n7j9v3yvyu0978ocsodu5v"},{"ID":"ck5n7jmj7yw230978jfj74a2q","DataRow ID":"ck5mub5wz9rsg0doq79w63od4","Labeled Data":"https://storage.labelbox.com/ck5m7hol2ltok0843iolzs4yv%2F1f2aa464-f804-48dd-246b-6a49c1b550dc-slm014.jpg?Expires=1580812313527&KeyName=labelbox-assets-key-1&Signature=r-iyJ_uXOZ08oYo_YArpZVZ_5W4","Label":{"objects":[{"featureId":"ck5n7jlp801tm0x8zrvof3l3y","schemaId":"ck5munkrrifd0083589kqph8b","title":"slm","value":"slm","color":"#FF0000","bbox":{"top":65,"left":68,"height":131,"width":134}}],"classifications":[]},"Created By":"sunnylee7@sookmyung.ac.kr","Project Name":"slm","Created At":"2020-01-21T01:36:29.000Z","Updated At":"2020-01-21T04:21:46.000Z","Seconds to Label":11.124000000000002,"External ID":"slm014.jpg","Agreement":null,"Benchmark Agreement":null,"Benchmark ID":null,"Benchmark Reference ID":null,"Dataset Name":"slm","Reviews":[],"View Label":"https://editor.labelbox.com?project=ck5mumqhku06o0843f4ink7nq&label=ck5n7jmj7yw230978jfj74a2q"},{"ID":"ck5n7js2872of095222klmkf1","DataRow ID":"ck5mub5x39rw00doqczqtg647","Labeled Data":"https://storage.labelbox.com/ck5m7hol2ltok0843iolzs4yv%2F4b290cb0-c54e-f4e7-9aee-caaf087d0f9a-slm046.jpg?Expires=1580812313527&KeyName=labelbox-assets-key-1&Signature=gTMBJAl3T-DGEQyPDITn5PU5DzI","Label":{"objects":[{"featureId":"ck5n7jre701v90x75sh61uars","schemaId":"ck5munkrrifd0083589kqph8b","title":"slm","value":"slm","color":"#FF0000","bbox":{"top":12,"left":6,"height":172,"width":218}}],"classifications":[]},"Created By":"sunnylee7@sookmyung.ac.kr","Project Name":"slm","Created At":"2020-01-21T01:36:36.000Z","Updated At":"2020-01-21T04:21:34.000Z","Seconds to Label":5.208,"External ID":"slm046.jpg","Agreement":null,"Benchmark Agreement":null,"Benchmark ID":null,"Benchmark Reference ID":null,"Dataset Name":"slm","Reviews":[],"View Label":"https://editor.labelbox.com?project=ck5mumqhku06o0843f4ink7nq&label=ck5n7js2872of095222klmkf1"},{"ID":"ck5n7jzo7t7k20a567vweza1r","DataRow ID":"ck5mub5x59rzk0doqgw9v9czu","Labeled Data":"https://storage.labelbox.com/ck5m7hol2ltok0843iolzs4yv%2Ff11ba5d1-3a49-f8d6-1174-d7b11b52e2f6-slm078.jpg?Expires=1580812313527&KeyName=labelbox-assets-key-1&Signature=fCep9lOJyOMovd18g4NSzHLd3bk","Label":{"objects":[{"featureId":"ck5n7jvi101ux0x8rvxbra9u6","schemaId":"ck5munkrrifd0083589kqph8b","title":"slm","value":"slm","color":"#FF0000","bbox":{"top":129,"left":15,"height":37,"width":89}}],"classifications":[]},"Created By":"sunnylee7@sookmyung.ac.kr","Project Name":"slm","Created At":"2020-01-21T01:36:46.000Z","Updated At":"2020-01-21T04:21:27.000Z","Seconds to Label":8.183,"External ID":"slm078.jpg","Agreement":null,"Benchmark Agreement":null,"Benchmark ID":null,"Benchmark Reference ID":null,"Dataset Name":"slm","Reviews":[],"View Label":"https://editor.labelbox.com?project=ck5mumqhku06o0843f4ink7nq&label=ck5n7jzo7t7k20a567vweza1r"},{"ID":"ck5n7k4bo72rn0952qo3yynem","DataRow ID":"ck5mub5wz9rss0doq21u12k8j","Labeled Data":"https://storage.labelbox.com/ck5m7hol2ltok0843iolzs4yv%2Fcee680c3-0382-ea10-a27d-a91f9aec5202-slm017.jpg?Expires=1580812313527&KeyName=labelbox-assets-key-1&Signature=pF8PdRQS8eXak1YeBWjDvkDOem8","Label":{"objects":[{"featureId":"ck5n7k3pv01vi0x75lrc0fwlc","schemaId":"ck5munkrrifd0083589kqph8b","title":"slm","value":"slm","color":"#FF0000","bbox":{"top":96,"left":9,"height":73,"width":175}}],"classifications":[]},"Created By":"sunnylee7@sookmyung.ac.kr","Project Name":"slm","Created At":"2020-01-21T01:36:52.000Z","Updated At":"2020-01-21T04:21:14.000Z","Seconds to Label":5.697,"External ID":"slm017.jpg","Agreement":null,"Benchmark Agreement":null,"Benchmark ID":null,"Benchmark Reference ID":null,"Dataset Name":"slm","Reviews":[],"View Label":"https://editor.labelbox.com?project=ck5mumqhku06o0843f4ink7nq&label=ck5n7k4bo72rn0952qo3yynem"},{"ID":"ck5n7ko1aj4q30770jgii3i7k","DataRow ID":"ck5mub5x39rwc0doq9aqa0oxn","Labeled Data":"https://storage.labelbox.com/ck5m7hol2ltok0843iolzs4yv%2F73ef2fee-e04c-c2f2-ffbd-c951e0e9e6d3-slm049.jpg?Expires=1580812313527&KeyName=labelbox-assets-key-1&Signature=OMfXk4LEP7wOLEFWPC3VZz6ffqM","Label":{"objects":[{"featureId":"ck5n7kif101v80x8rnlv95lok","schemaId":"ck5munkrrifd0083589kqph8b","title":"slm","value":"slm","color":"#FF0000","bbox":{"top":102,"left":25,"height":46,"width":30}}],"classifications":[]},"Created By":"sunnylee7@sookmyung.ac.kr","Project Name":"slm","Created At":"2020-01-21T01:37:17.000Z","Updated At":"2020-01-21T04:21:02.000Z","Seconds to Label":23.738,"External ID":"slm049.jpg","Agreement":null,"Benchmark Agreement":null,"Benchmark ID":null,"Benchmark Reference ID":null,"Dataset Name":"slm","Reviews":[],"View Label":"https://editor.labelbox.com?project=ck5mumqhku06o0843f4ink7nq&label=ck5n7ko1aj4q30770jgii3i7k"},{"ID":"ck5n7kuh9j4rl0770hgf4ewef","DataRow ID":"ck5mub5x59rzw0doqc7rgcn00","Labeled Data":"https://storage.labelbox.com/ck5m7hol2ltok0843iolzs4yv%2Fb674655a-2b53-0b5b-6ee7-114d746f1382-slm081.jpg?Expires=1580812313527&KeyName=labelbox-assets-key-1&Signature=1-6EyuLVuZRq2rx1LeIyTmMu-rs","Label":{"objects":[{"featureId":"ck5n7ktxl01vk0x8rj3pr6ehi","schemaId":"ck5munkrrifd0083589kqph8b","title":"slm","value":"slm","color":"#FF0000","bbox":{"top":0,"left":76,"height":153,"width":148}}],"classifications":[]},"Created By":"sunnylee7@sookmyung.ac.kr","Project Name":"slm","Created At":"2020-01-21T01:37:26.000Z","Updated At":"2020-01-21T01:37:26.000Z","Seconds to Label":5.415,"External ID":"slm081.jpg","Agreement":null,"Benchmark Agreement":null,"Benchmark ID":null,"Benchmark Reference ID":null,"Dataset Name":"slm","Reviews":[],"View Label":"https://editor.labelbox.com?project=ck5mumqhku06o0843f4ink7nq&label=ck5n7kuh9j4rl0770hgf4ewef"},{"ID":"ck5n7l30ayil7084304s2hx07","DataRow ID":"ck5mub5x09rt40doqg77m17o2","Labeled Data":"https://storage.labelbox.com/ck5m7hol2ltok0843iolzs4yv%2Fbd1d414e-8134-721e-428d-7caffb0c51b2-slm020.jpg?Expires=1580812313527&KeyName=labelbox-assets-key-1&Signature=6PSuirgeRan9NLCfXIoN-N6HqkA","Label":{"objects":[{"featureId":"ck5n7kyek01vx0x759bde77y0","schemaId":"ck5munkrrifd0083589kqph8b","title":"slm","value":"slm","color":"#FF0000","bbox":{"top":73,"left":46,"height":37,"width":117}}],"classifications":[]},"Created By":"sunnylee7@sookmyung.ac.kr","Project Name":"slm","Created At":"2020-01-21T01:37:37.000Z","Updated At":"2020-01-21T02:09:35.000Z","Seconds to Label":7.502,"External ID":"slm020.jpg","Agreement":null,"Benchmark Agreement":null,"Benchmark ID":null,"Benchmark Reference ID":null,"Dataset Name":"slm","Reviews":[],"View Label":"https://editor.labelbox.com?project=ck5mumqhku06o0843f4ink7nq&label=ck5n7l30ayil7084304s2hx07"},{"ID":"ck5n7le73yioo08432fqxodoy","DataRow ID":"ck5mub5x49rwo0doq845n3n7y","Labeled Data":"https://storage.labelbox.com/ck5m7hol2ltok0843iolzs4yv%2F3b251530-4047-ee5e-3ce7-4b0d6eb8305c-slm052.jpg?Expires=1580812313529&KeyName=labelbox-assets-key-1&Signature=1EGQ0_CjcJNg4MHpaTBMTvp4-JU","Label":{"objects":[{"featureId":"ck5n7l7sy01un0x8znvtq32kg","schemaId":"ck5munkrrifd0083589kqph8b","title":"slm","value":"slm","color":"#FF0000","bbox":{"top":82,"left":90,"height":95,"width":36}}],"classifications":[]},"Created By":"sunnylee7@sookmyung.ac.kr","Project Name":"slm","Created At":"2020-01-21T01:37:51.000Z","Updated At":"2020-01-21T04:20:47.000Z","Seconds to Label":12.769,"External ID":"slm052.jpg","Agreement":null,"Benchmark Agreement":null,"Benchmark ID":null,"Benchmark Reference ID":null,"Dataset Name":"slm","Reviews":[],"View Label":"https://editor.labelbox.com?project=ck5mumqhku06o0843f4ink7nq&label=ck5n7le73yioo08432fqxodoy"},{"ID":"ck5n7lj8gywhk0978utip0ddf","DataRow ID":"ck5mub5x69s080doq5z1a8376","Labeled Data":"https://storage.labelbox.com/ck5m7hol2ltok0843iolzs4yv%2F23d045aa-7318-8fe4-bd68-3bd04eed9517-slm084.jpg?Expires=1580812313529&KeyName=labelbox-assets-key-1&Signature=qnlBx6BUdQER8Eun5FCilFBd8CE","Label":{"objects":[{"featureId":"ck5n7lilo01wa0x75o07qnp5q","schemaId":"ck5munkrrifd0083589kqph8b","title":"slm","value":"slm","color":"#FF0000","bbox":{"top":74,"left":1,"height":91,"width":223}}],"classifications":[]},"Created By":"sunnylee7@sookmyung.ac.kr","Project Name":"slm","Created At":"2020-01-21T01:37:58.000Z","Updated At":"2020-01-21T04:20:39.000Z","Seconds to Label":6.85,"External ID":"slm084.jpg","Agreement":null,"Benchmark Agreement":null,"Benchmark ID":null,"Benchmark Reference ID":null,"Dataset Name":"slm","Reviews":[],"View Label":"https://editor.labelbox.com?project=ck5mumqhku06o0843f4ink7nq&label=ck5n7lj8gywhk0978utip0ddf"},{"ID":"ck5n7lndmywif0978a003vyuu","DataRow ID":"ck5mub5x19rtg0doq60c3hc2l","Labeled Data":"https://storage.labelbox.com/ck5m7hol2ltok0843iolzs4yv%2F25792ef2-fd1a-b4e1-b80a-010844dde2a0-slm023.jpg?Expires=1580812313529&KeyName=labelbox-assets-key-1&Signature=sBeR74fc5EMlEgvDNH_XE4nKie8","Label":{"objects":[{"featureId":"ck5n7lmcf01vy0x8rsltlaq94","schemaId":"ck5munkrrifd0083589kqph8b","title":"slm","value":"slm","color":"#FF0000","bbox":{"top":59,"left":9,"height":86,"width":204}}],"classifications":[]},"Created By":"sunnylee7@sookmyung.ac.kr","Project Name":"slm","Created At":"2020-01-21T01:38:03.000Z","Updated At":"2020-01-21T04:20:27.000Z","Seconds to Label":12.157,"External ID":"slm023.jpg","Agreement":null,"Benchmark Agreement":null,"Benchmark ID":null,"Benchmark Reference ID":null,"Dataset Name":"slm","Reviews":[],"View Label":"https://editor.labelbox.com?project=ck5mumqhku06o0843f4ink7nq&label=ck5n7lndmywif0978a003vyuu"},{"ID":"ck5n7m0nzmxsm0835w5gnjnb1","DataRow ID":"ck5mub5x49rx00doq3shieh6b","Labeled Data":"https://storage.labelbox.com/ck5m7hol2ltok0843iolzs4yv%2F97526128-cc6e-0747-0160-f269da32c39c-slm055.jpg?Expires=1580812313529&KeyName=labelbox-assets-key-1&Signature=S7xrxGcTl1MpOPiu-yXfHyKeVi8","Label":{"objects":[{"featureId":"ck5n7ltcj01wi0x75ew5f2ynj","schemaId":"ck5munkrrifd0083589kqph8b","title":"slm","value":"slm","color":"#FF0000","bbox":{"top":83,"left":77,"height":94,"width":53}}],"classifications":[]},"Created By":"sunnylee7@sookmyung.ac.kr","Project Name":"slm","Created At":"2020-01-21T01:38:20.000Z","Updated At":"2020-01-21T04:20:11.000Z","Seconds to Label":14.301,"External ID":"slm055.jpg","Agreement":null,"Benchmark Agreement":null,"Benchmark ID":null,"Benchmark Reference ID":null,"Dataset Name":"slm","Reviews":[],"View Label":"https://editor.labelbox.com?project=ck5mumqhku06o0843f4ink7nq&label=ck5n7m0nzmxsm0835w5gnjnb1"},{"ID":"ck5n7m4g7736y0952fnfv8z3t","DataRow ID":"ck5mub5x69s0k0doq5xtwbfeq","Labeled Data":"https://storage.labelbox.com/ck5m7hol2ltok0843iolzs4yv%2F726cea12-ec7b-29ae-d77a-f7b80e7e6ed2-slm087.jpg?Expires=1580812313530&KeyName=labelbox-assets-key-1&Signature=QA2qhCwRyzs4ym43-xFLXuKyAek","Label":{"objects":[{"featureId":"ck5n7m3bx01w80x8rvljkwk52","schemaId":"ck5munkrrifd0083589kqph8b","title":"slm","value":"slm","color":"#FF0000","bbox":{"top":0,"left":0,"height":224,"width":224}}],"classifications":[]},"Created By":"sunnylee7@sookmyung.ac.kr","Project Name":"slm","Created At":"2020-01-21T01:38:25.000Z","Updated At":"2020-01-21T01:38:25.000Z","Seconds to Label":2.06,"External ID":"slm087.jpg","Agreement":null,"Benchmark Agreement":null,"Benchmark ID":null,"Benchmark Reference ID":null,"Dataset Name":"slm","Reviews":[],"View Label":"https://editor.labelbox.com?project=ck5mumqhku06o0843f4ink7nq&label=ck5n7m4g7736y0952fnfv8z3t"},{"ID":"ck5n7mqheyiyt0843a9i4xwdw","DataRow ID":"ck5mub5x19rts0doq1ul8gr5s","Labeled Data":"https://storage.labelbox.com/ck5m7hol2ltok0843iolzs4yv%2F5393106b-4518-e1e9-2034-ab06764297ce-slm026.jpg?Expires=1580812313530&KeyName=labelbox-assets-key-1&Signature=YhPrv3fbEykt26fJk6WizcAC2PY","Label":{"objects":[{"featureId":"ck5n7mpm001vo0x8zwc6znair","schemaId":"ck5munkrrifd0083589kqph8b","title":"slm","value":"slm","color":"#FF0000","bbox":{"top":130,"left":27,"height":68,"width":98}}],"classifications":[]},"Created By":"sunnylee7@sookmyung.ac.kr","Project Name":"slm","Created At":"2020-01-21T01:38:54.000Z","Updated At":"2020-01-21T04:19:58.000Z","Seconds to Label":8.36,"External ID":"slm026.jpg","Agreement":null,"Benchmark Agreement":null,"Benchmark ID":null,"Benchmark Reference ID":null,"Dataset Name":"slm","Reviews":[],"View Label":"https://editor.labelbox.com?project=ck5mumqhku06o0843f4ink7nq&label=ck5n7mqheyiyt0843a9i4xwdw"},{"ID":"ck5n7mvii11de0989gkkkxghy","DataRow ID":"ck5mub5x49rxc0doqh2uo0lzd","Labeled Data":"https://storage.labelbox.com/ck5m7hol2ltok0843iolzs4yv%2Ff3df5a35-86c5-877f-e33e-83f655210992-slm058.jpg?Expires=1580812313530&KeyName=labelbox-assets-key-1&Signature=99NtfS26_uUi8jWZ0QvK2IKE3-o","Label":{"objects":[{"featureId":"ck5n7mus301wq0x8rl9wiwdbm","schemaId":"ck5munkrrifd0083589kqph8b","title":"slm","value":"slm","color":"#FF0000","bbox":{"top":8,"left":5,"height":176,"width":215}}],"classifications":[]},"Created By":"sunnylee7@sookmyung.ac.kr","Project Name":"slm","Created At":"2020-01-21T01:39:00.000Z","Updated At":"2020-01-21T04:19:46.000Z","Seconds to Label":5.587,"External ID":"slm058.jpg","Agreement":null,"Benchmark Agreement":null,"Benchmark ID":null,"Benchmark Reference ID":null,"Dataset Name":"slm","Reviews":[],"View Label":"https://editor.labelbox.com?project=ck5mumqhku06o0843f4ink7nq&label=ck5n7mvii11de0989gkkkxghy"},{"ID":"ck5n7n37rt8ar0a56134wq79u","DataRow ID":"ck5mub5x69s0w0doq9gpv6rp5","Labeled Data":"https://storage.labelbox.com/ck5m7hol2ltok0843iolzs4yv%2F6f960ebf-50fa-8291-0745-6cba60efd9c8-slm090.jpg?Expires=1580812313530&KeyName=labelbox-assets-key-1&Signature=Rbm2HCsPL1HpUStT1uAQ3vnXWEs","Label":{"objects":[{"featureId":"ck5n7n2dy01xg0x75c4ga3uu7","schemaId":"ck5munkrrifd0083589kqph8b","title":"slm","value":"slm","color":"#FF0000","bbox":{"top":9,"left":98,"height":140,"width":66}}],"classifications":[]},"Created By":"sunnylee7@sookmyung.ac.kr","Project Name":"slm","Created At":"2020-01-21T01:39:10.000Z","Updated At":"2020-01-21T04:19:34.000Z","Seconds to Label":3.001,"External ID":"slm090.jpg","Agreement":null,"Benchmark Agreement":null,"Benchmark ID":null,"Benchmark Reference ID":null,"Dataset Name":"slm","Reviews":[],"View Label":"https://editor.labelbox.com?project=ck5mumqhku06o0843f4ink7nq&label=ck5n7n37rt8ar0a56134wq79u"},{"ID":"ck5n7n7bet8ce0a563tnesfqb","DataRow ID":"ck5mub5x29ru40doqf0q3al9o","Labeled Data":"https://storage.labelbox.com/ck5m7hol2ltok0843iolzs4yv%2F407100be-d436-7670-dba3-6008e2ac11ef-slm029.jpg?Expires=1580812313530&KeyName=labelbox-assets-key-1&Signature=hSRYpMPSSlcTnqNxNDhMi4q7rkg","Label":{"objects":[{"featureId":"ck5n7n68801vz0x8zff23koql","schemaId":"ck5munkrrifd0083589kqph8b","title":"slm","value":"slm","color":"#FF0000","bbox":{"top":83,"left":134,"height":48,"width":39}}],"classifications":[]},"Created By":"sunnylee7@sookmyung.ac.kr","Project Name":"slm","Created At":"2020-01-21T01:39:16.000Z","Updated At":"2020-01-21T04:19:28.000Z","Seconds to Label":4.991,"External ID":"slm029.jpg","Agreement":null,"Benchmark Agreement":null,"Benchmark ID":null,"Benchmark Reference ID":null,"Dataset Name":"slm","Reviews":[],"View Label":"https://editor.labelbox.com?project=ck5mumqhku06o0843f4ink7nq&label=ck5n7n7bet8ce0a563tnesfqb"},{"ID":"ck5n7nckr73h70952iflbnr67","DataRow ID":"ck5mub5x49rxo0doq0aolcgdd","Labeled Data":"https://storage.labelbox.com/ck5m7hol2ltok0843iolzs4yv%2F9ace3907-6d66-df2b-bee9-7918631dad7e-slm061.jpg?Expires=1580812313530&KeyName=labelbox-assets-key-1&Signature=QqbLnV1JIWAfUkG-TJj0vaOvGxw","Label":{"objects":[{"featureId":"ck5n7nbpj01xl0x758nbxlp14","schemaId":"ck5munkrrifd0083589kqph8b","title":"slm","value":"slm","color":"#FF0000","bbox":{"top":21,"left":9,"height":192,"width":211}}],"classifications":[]},"Created By":"sunnylee7@sookmyung.ac.kr","Project Name":"slm","Created At":"2020-01-21T01:39:22.000Z","Updated At":"2020-01-21T04:19:18.000Z","Seconds to Label":6.373,"External ID":"slm061.jpg","Agreement":null,"Benchmark Agreement":null,"Benchmark ID":null,"Benchmark Reference ID":null,"Dataset Name":"slm","Reviews":[],"View Label":"https://editor.labelbox.com?project=ck5mumqhku06o0843f4ink7nq&label=ck5n7nckr73h70952iflbnr67"},{"ID":"ck5n7nipb11hz0989t5afpyuu","DataRow ID":"ck5mub5xa9s180doq3dex840x","Labeled Data":"https://storage.labelbox.com/ck5m7hol2ltok0843iolzs4yv%2F9dd307db-f60f-d30a-a3b2-c0f963c7f277-slm093.jpg?Expires=1580812313530&KeyName=labelbox-assets-key-1&Signature=9b21yr_Pq4ARUwaUsmFHRwb8xn8","Label":{"objects":[{"featureId":"ck5n7nh8v01x90x8rky6r8ksu","schemaId":"ck5munkrrifd0083589kqph8b","title":"slm","value":"slm","color":"#FF0000","bbox":{"top":5,"left":1,"height":213,"width":222}}],"classifications":[]},"Created By":"sunnylee7@sookmyung.ac.kr","Project Name":"slm","Created At":"2020-01-21T01:39:30.000Z","Updated At":"2020-01-21T04:19:07.000Z","Seconds to Label":7.66,"External ID":"slm093.jpg","Agreement":null,"Benchmark Agreement":null,"Benchmark ID":null,"Benchmark Reference ID":null,"Dataset Name":"slm","Reviews":[],"View Label":"https://editor.labelbox.com?project=ck5mumqhku06o0843f4ink7nq&label=ck5n7nipb11hz0989t5afpyuu"},{"ID":"ck5n7npku73jd0952fwrb0y7o","DataRow ID":"ck5mub5x29rug0doq46m8e9ep","Labeled Data":"https://storage.labelbox.com/ck5m7hol2ltok0843iolzs4yv%2F0deffcfc-b0ef-551c-9644-d3804caab0cb-slm032.jpg?Expires=1580812313530&KeyName=labelbox-assets-key-1&Signature=Rxmn4dK_pS3HUA5mtHjqmst1_Ec","Label":{"objects":[{"featureId":"ck5n7noty01wf0x8zmubv87dc","schemaId":"ck5munkrrifd0083589kqph8b","title":"slm","value":"slm","color":"#FF0000","bbox":{"top":63,"left":63,"height":112,"width":101}}],"classifications":[]},"Created By":"sunnylee7@sookmyung.ac.kr","Project Name":"slm","Created At":"2020-01-21T01:39:39.000Z","Updated At":"2020-01-21T04:18:56.000Z","Seconds to Label":7.807,"External ID":"slm032.jpg","Agreement":null,"Benchmark Agreement":null,"Benchmark ID":null,"Benchmark Reference ID":null,"Dataset Name":"slm","Reviews":[],"View Label":"https://editor.labelbox.com?project=ck5mumqhku06o0843f4ink7nq&label=ck5n7npku73jd0952fwrb0y7o"},{"ID":"ck5n7obv373pj0952osv2vt1r","DataRow ID":"ck5mub5x49ry00doq8pulcrzh","Labeled Data":"https://storage.labelbox.com/ck5m7hol2ltok0843iolzs4yv%2F438ce119-1a91-a7a4-0208-3237224d1b8c-slm064.jpg?Expires=1580812313530&KeyName=labelbox-assets-key-1&Signature=q4j2jqKcwokDbMP0O2e1JEUEmZ0","Label":{"objects":[{"featureId":"ck5n7o6xg01xt0x8rbnwkitv5","schemaId":"ck5munkrrifd0083589kqph8b","title":"slm","value":"slm","color":"#FF0000","bbox":{"top":158,"left":2,"height":48,"width":109}}],"classifications":[]},"Created By":"sunnylee7@sookmyung.ac.kr","Project Name":"slm","Created At":"2020-01-21T01:40:08.000Z","Updated At":"2020-01-21T02:08:59.000Z","Seconds to Label":20.08,"External ID":"slm064.jpg","Agreement":null,"Benchmark Agreement":null,"Benchmark ID":null,"Benchmark Reference ID":null,"Dataset Name":"slm","Reviews":[],"View Label":"https://editor.labelbox.com?project=ck5mumqhku06o0843f4ink7nq&label=ck5n7obv373pj0952osv2vt1r"},{"ID":"ck5n7og8jyx530978cuwrk1jw","DataRow ID":"ck5mub5xa9s1k0doq77600ewi","Labeled Data":"https://storage.labelbox.com/ck5m7hol2ltok0843iolzs4yv%2Feaa97c83-f5a7-096c-074a-101f1ff1fa08-slm096.jpg?Expires=1580812313531&KeyName=labelbox-assets-key-1&Signature=-VIEVqvL31MudG0pHN2P20AXhvE","Label":{"objects":[{"featureId":"ck5n7ofb101xy0x8rt9knlgfp","schemaId":"ck5munkrrifd0083589kqph8b","title":"slm","value":"slm","color":"#FF0000","bbox":{"top":104,"left":144,"height":120,"width":69}}],"classifications":[]},"Created By":"sunnylee7@sookmyung.ac.kr","Project Name":"slm","Created At":"2020-01-21T01:40:14.000Z","Updated At":"2020-01-21T04:18:42.000Z","Seconds to Label":3.367,"External ID":"slm096.jpg","Agreement":null,"Benchmark Agreement":null,"Benchmark ID":null,"Benchmark Reference ID":null,"Dataset Name":"slm","Reviews":[],"View Label":"https://editor.labelbox.com?project=ck5mumqhku06o0843f4ink7nq&label=ck5n7og8jyx530978cuwrk1jw"},{"ID":"ck5n7ok8k11rh0989faawvb7r","DataRow ID":"ck5mub5wx9rr80doqakk23u9n","Labeled Data":"https://storage.labelbox.com/ck5m7hol2ltok0843iolzs4yv%2Facf05529-07e2-e795-c5f3-9b0657e16421-slm003.jpg?Expires=1580812313531&KeyName=labelbox-assets-key-1&Signature=y8SBsEVcL26GniYUY6Y5VfSzJ2g","Label":{"objects":[{"featureId":"ck5n7ojn201yo0x75z0wmiy1a","schemaId":"ck5munkrrifd0083589kqph8b","title":"slm","value":"slm","color":"#FF0000","bbox":{"top":53,"left":55,"height":161,"width":138}}],"classifications":[]},"Created By":"sunnylee7@sookmyung.ac.kr","Project Name":"slm","Created At":"2020-01-21T01:40:19.000Z","Updated At":"2020-01-21T04:18:36.000Z","Seconds to Label":5.365,"External ID":"slm003.jpg","Agreement":null,"Benchmark Agreement":null,"Benchmark ID":null,"Benchmark Reference ID":null,"Dataset Name":"slm","Reviews":[],"View Label":"https://editor.labelbox.com?project=ck5mumqhku06o0843f4ink7nq&label=ck5n7ok8k11rh0989faawvb7r"},{"ID":"ck5n7oo3q11ti098925ukpfoi","DataRow ID":"ck5mub5x29rus0doq2ga214f5","Labeled Data":"https://storage.labelbox.com/ck5m7hol2ltok0843iolzs4yv%2F0157f2dd-e747-5e98-b560-7e6bc43f692e-slm035.jpg?Expires=1580812313531&KeyName=labelbox-assets-key-1&Signature=KDm9VnAZx78V7plcpqhrcmq0gAw","Label":{"objects":[{"featureId":"ck5n7on6g01y40x8r6t7ezc8g","schemaId":"ck5munkrrifd0083589kqph8b","title":"slm","value":"slm","color":"#FF0000","bbox":{"top":56,"left":35,"height":168,"width":189}}],"classifications":[]},"Created By":"sunnylee7@sookmyung.ac.kr","Project Name":"slm","Created At":"2020-01-21T01:40:24.000Z","Updated At":"2020-01-21T04:18:28.000Z","Seconds to Label":3.226,"External ID":"slm035.jpg","Agreement":null,"Benchmark Agreement":null,"Benchmark ID":null,"Benchmark Reference ID":null,"Dataset Name":"slm","Reviews":[],"View Label":"https://editor.labelbox.com?project=ck5mumqhku06o0843f4ink7nq&label=ck5n7oo3q11ti098925ukpfoi"},{"ID":"ck5n7ot0i763k092921barsfd","DataRow ID":"ck5mub5x49ryc0doqftjzfo65","Labeled Data":"https://storage.labelbox.com/ck5m7hol2ltok0843iolzs4yv%2F07c9a8c8-cf85-753e-d948-7553b9fb573d-slm067.jpg?Expires=1580812313531&KeyName=labelbox-assets-key-1&Signature=8adw0HlrjnRwZ0VKKTLdZYmXNVA","Label":{"objects":[{"featureId":"ck5n7oshs01x90x8z3103im6a","schemaId":"ck5munkrrifd0083589kqph8b","title":"slm","value":"slm","color":"#FF0000","bbox":{"top":30,"left":25,"height":175,"width":167}}],"classifications":[]},"Created By":"sunnylee7@sookmyung.ac.kr","Project Name":"slm","Created At":"2020-01-21T01:40:30.000Z","Updated At":"2020-01-21T04:18:20.000Z","Seconds to Label":7.545,"External ID":"slm067.jpg","Agreement":null,"Benchmark Agreement":null,"Benchmark ID":null,"Benchmark Reference ID":null,"Dataset Name":"slm","Reviews":[],"View Label":"https://editor.labelbox.com?project=ck5mumqhku06o0843f4ink7nq&label=ck5n7ot0i763k092921barsfd"},{"ID":"ck5n7oy4cyjl00843wwhlyvi5","DataRow ID":"ck5mub5xa9s1w0doq8r1aeju6","Labeled Data":"https://storage.labelbox.com/ck5m7hol2ltok0843iolzs4yv%2F3f5c7b16-510a-3555-c83e-ea8d8c27d5d9-slm099.jpg?Expires=1580812313531&KeyName=labelbox-assets-key-1&Signature=mQMVAaL3NWafuUbDoGCZIs9LNj4","Label":{"objects":[{"featureId":"ck5n7ox4101yc0x8r28xu45wf","schemaId":"ck5munkrrifd0083589kqph8b","title":"slm","value":"slm","color":"#FF0000","bbox":{"top":5,"left":78,"height":209,"width":88}}],"classifications":[]},"Created By":"sunnylee7@sookmyung.ac.kr","Project Name":"slm","Created At":"2020-01-21T01:40:37.000Z","Updated At":"2020-01-21T01:40:37.000Z","Seconds to Label":3.582,"External ID":"slm099.jpg","Agreement":null,"Benchmark Agreement":null,"Benchmark ID":null,"Benchmark Reference ID":null,"Dataset Name":"slm","Reviews":[],"View Label":"https://editor.labelbox.com?project=ck5mumqhku06o0843f4ink7nq&label=ck5n7oy4cyjl00843wwhlyvi5"},{"ID":"ck5n7p5jtyxby0978jvqf3s7l","DataRow ID":"ck5mub5wy9rrk0doq1zsgaogg","Labeled Data":"https://storage.labelbox.com/ck5m7hol2ltok0843iolzs4yv%2Fd6456f1f-bd7e-d787-7c4d-6a77a98d2c1e-slm006.jpg?Expires=1580812313531&KeyName=labelbox-assets-key-1&Signature=wXuxrRXNclLibPsF0FsRSBXzRc4","Label":{"objects":[{"featureId":"ck5n7p24m01xf0x8zpjsinq1w","schemaId":"ck5munkrrifd0083589kqph8b","title":"slm","value":"slm","color":"#FF0000","bbox":{"top":63,"left":74,"height":87,"width":54}}],"classifications":[]},"Created By":"sunnylee7@sookmyung.ac.kr","Project Name":"slm","Created At":"2020-01-21T01:40:47.000Z","Updated At":"2020-01-21T04:18:06.000Z","Seconds to Label":8.75,"External ID":"slm006.jpg","Agreement":null,"Benchmark Agreement":null,"Benchmark ID":null,"Benchmark Reference ID":null,"Dataset Name":"slm","Reviews":[],"View Label":"https://editor.labelbox.com?project=ck5mumqhku06o0843f4ink7nq&label=ck5n7p5jtyxby0978jvqf3s7l"},{"ID":"ck5n7p9g776710929lcp9e3qm","DataRow ID":"ck5mub5x29rv40doq8782eh10","Labeled Data":"https://storage.labelbox.com/ck5m7hol2ltok0843iolzs4yv%2Fc8d9e805-6561-3fde-8843-73345e94bcd0-slm038.jpg?Expires=1580812313531&KeyName=labelbox-assets-key-1&Signature=F5Q83IPErSPB7ZAY1Xfxsx7lf3k","Label":{"objects":[{"featureId":"ck5n7p8xa01xk0x8z75h30a3v","schemaId":"ck5munkrrifd0083589kqph8b","title":"slm","value":"slm","color":"#FF0000","bbox":{"top":52,"left":8,"height":136,"width":216}}],"classifications":[]},"Created By":"sunnylee7@sookmyung.ac.kr","Project Name":"slm","Created At":"2020-01-21T01:40:52.000Z","Updated At":"2020-01-21T04:17:56.000Z","Seconds to Label":4.181,"External ID":"slm038.jpg","Agreement":null,"Benchmark Agreement":null,"Benchmark ID":null,"Benchmark Reference ID":null,"Dataset Name":"slm","Reviews":[],"View Label":"https://editor.labelbox.com?project=ck5mumqhku06o0843f4ink7nq&label=ck5n7p9g776710929lcp9e3qm"},{"ID":"ck5n7pds9768f0929oal7ty9f","DataRow ID":"ck5mub5x59ryo0doq1qwwdz9k","Labeled Data":"https://storage.labelbox.com/ck5m7hol2ltok0843iolzs4yv%2Ff730a892-48d7-8bae-c29e-29b1d672e6d6-slm070.jpg?Expires=1580812313531&KeyName=labelbox-assets-key-1&Signature=4Ug9xk_PSaw-Qcl8eOcPiL97HuM","Label":{"objects":[{"featureId":"ck5n7pd6v01zc0x75ttls8z1j","schemaId":"ck5munkrrifd0083589kqph8b","title":"slm","value":"slm","color":"#FF0000","bbox":{"top":9,"left":0,"height":150,"width":201}}],"classifications":[]},"Created By":"sunnylee7@sookmyung.ac.kr","Project Name":"slm","Created At":"2020-01-21T01:40:57.000Z","Updated At":"2020-01-21T04:17:46.000Z","Seconds to Label":4.891,"External ID":"slm070.jpg","Agreement":null,"Benchmark Agreement":null,"Benchmark ID":null,"Benchmark Reference ID":null,"Dataset Name":"slm","Reviews":[],"View Label":"https://editor.labelbox.com?project=ck5mumqhku06o0843f4ink7nq&label=ck5n7pds9768f0929oal7ty9f"},{"ID":"ck5n7pi1f769k09296gapc0fb","DataRow ID":"ck5mub5wy9rrw0doqdmo40zge","Labeled Data":"https://storage.labelbox.com/ck5m7hol2ltok0843iolzs4yv%2Ff18d1d6a-f85b-42b8-fda6-581dd4cd7ca2-slm009.jpg?Expires=1580812313531&KeyName=labelbox-assets-key-1&Signature=_k05RfuK91RgYAZU1bPtSHee2mI","Label":{"objects":[{"featureId":"ck5n7phgz01zg0x75u7izs68j","schemaId":"ck5munkrrifd0083589kqph8b","title":"slm","value":"slm","color":"#FF0000","bbox":{"top":54,"left":60,"height":126,"width":78}}],"classifications":[]},"Created By":"sunnylee7@sookmyung.ac.kr","Project Name":"slm","Created At":"2020-01-21T01:41:03.000Z","Updated At":"2020-01-21T04:17:36.000Z","Seconds to Label":4.49,"External ID":"slm009.jpg","Agreement":null,"Benchmark Agreement":null,"Benchmark ID":null,"Benchmark Reference ID":null,"Dataset Name":"slm","Reviews":[],"View Label":"https://editor.labelbox.com?project=ck5mumqhku06o0843f4ink7nq&label=ck5n7pi1f769k09296gapc0fb"},{"ID":"ck5n7pmay742x09523xjcflt3","DataRow ID":"ck5mub5x39rvg0doqbk0kfu3k","Labeled Data":"https://storage.labelbox.com/ck5m7hol2ltok0843iolzs4yv%2Ff2353f2b-6736-f752-dbde-708c0629d97b-slm041.jpg?Expires=1580812313531&KeyName=labelbox-assets-key-1&Signature=BQCXLPAjcIiuQ2R9vLi7VMZBd40","Label":{"objects":[{"featureId":"ck5n7plhm01xy0x8zmqz3i8rb","schemaId":"ck5munkrrifd0083589kqph8b","title":"slm","value":"slm","color":"#FF0000","bbox":{"top":70,"left":6,"height":153,"width":216}}],"classifications":[]},"Created By":"sunnylee7@sookmyung.ac.kr","Project Name":"slm","Created At":"2020-01-21T01:41:08.000Z","Updated At":"2020-01-21T04:17:28.000Z","Seconds to Label":42.503,"External ID":"slm041.jpg","Agreement":null,"Benchmark Agreement":null,"Benchmark ID":null,"Benchmark Reference ID":null,"Dataset Name":"slm","Reviews":[],"View Label":"https://editor.labelbox.com?project=ck5mumqhku06o0843f4ink7nq&label=ck5n7pmay742x09523xjcflt3"},{"ID":"ck5n7pv2zyjwa0843yezu1v2c","DataRow ID":"ck5mub5x59rz00doq7crh0alj","Labeled Data":"https://storage.labelbox.com/ck5m7hol2ltok0843iolzs4yv%2F75c81a4b-ed11-854c-410e-0c1b60687c9a-slm073.jpg?Expires=1580812313532&KeyName=labelbox-assets-key-1&Signature=WwQHd076qe0sTCm131Thg4RNPWU","Label":{"objects":[{"featureId":"ck5n7pu3101y20x8zj719319m","schemaId":"ck5munkrrifd0083589kqph8b","title":"slm","value":"slm","color":"#FF0000","bbox":{"top":68,"left":11,"height":96,"width":213}}],"classifications":[]},"Created By":"sunnylee7@sookmyung.ac.kr","Project Name":"slm","Created At":"2020-01-21T01:41:20.000Z","Updated At":"2020-01-21T04:16:47.000Z","Seconds to Label":8.94,"External ID":"slm073.jpg","Agreement":null,"Benchmark Agreement":null,"Benchmark ID":null,"Benchmark Reference ID":null,"Dataset Name":"slm","Reviews":[],"View Label":"https://editor.labelbox.com?project=ck5mumqhku06o0843f4ink7nq&label=ck5n7pv2zyjwa0843yezu1v2c"},{"ID":"ck5n7pyt876fv0929dilk9pk4","DataRow ID":"ck5mub5wy9rs80doqhygahehi","Labeled Data":"https://storage.labelbox.com/ck5m7hol2ltok0843iolzs4yv%2F2bb98121-f963-fa15-11ab-245a15aae512-slm012.jpg?Expires=1580812313532&KeyName=labelbox-assets-key-1&Signature=CseTxDaJLxzOOb5eyH0sgHvq0fI","Label":{"objects":[{"featureId":"ck5n7pxz001y70x8zwf7rcgo8","schemaId":"ck5munkrrifd0083589kqph8b","title":"slm","value":"slm","color":"#FF0000","bbox":{"top":40,"left":40,"height":144,"width":184}}],"classifications":[]},"Created By":"sunnylee7@sookmyung.ac.kr","Project Name":"slm","Created At":"2020-01-21T01:41:24.000Z","Updated At":"2020-01-21T04:16:35.000Z","Seconds to Label":3.477,"External ID":"slm012.jpg","Agreement":null,"Benchmark Agreement":null,"Benchmark ID":null,"Benchmark Reference ID":null,"Dataset Name":"slm","Reviews":[],"View Label":"https://editor.labelbox.com?project=ck5mumqhku06o0843f4ink7nq&label=ck5n7pyt876fv0929dilk9pk4"},{"ID":"ck5n7q4ent9560a56w58cwfbd","DataRow ID":"ck5mub5x39rvs0doq1ag01i6z","Labeled Data":"https://storage.labelbox.com/ck5m7hol2ltok0843iolzs4yv%2F59fbbeb1-fe60-a28a-8ce7-4abf3c8e9511-slm044.jpg?Expires=1580812313532&KeyName=labelbox-assets-key-1&Signature=cvu1_VoFQrZJVI8J4JEzsX8HmMU","Label":{"objects":[{"featureId":"ck5n7q3qn01zy0x75ru0lyh78","schemaId":"ck5munkrrifd0083589kqph8b","title":"slm","value":"slm","color":"#FF0000","bbox":{"top":0,"left":0,"height":224,"width":148}}],"classifications":[]},"Created By":"sunnylee7@sookmyung.ac.kr","Project Name":"slm","Created At":"2020-01-21T01:41:32.000Z","Updated At":"2020-01-21T04:16:26.000Z","Seconds to Label":6.571,"External ID":"slm044.jpg","Agreement":null,"Benchmark Agreement":null,"Benchmark ID":null,"Benchmark Reference ID":null,"Dataset Name":"slm","Reviews":[],"View Label":"https://editor.labelbox.com?project=ck5mumqhku06o0843f4ink7nq&label=ck5n7q4ent9560a56w58cwfbd"},{"ID":"ck5n7q819126l09890dl70v1v","DataRow ID":"ck5mub5x59rzc0doqac59hwpj","Labeled Data":"https://storage.labelbox.com/ck5m7hol2ltok0843iolzs4yv%2Faec82159-a9bf-9692-d843-a5ae337a33e7-slm076.jpg?Expires=1580812313532&KeyName=labelbox-assets-key-1&Signature=2XlbAwsUNik2Bzw9kZnnDmS3hlM","Label":{"objects":[{"featureId":"ck5n7q6zd01zh0x8rjx3ex52i","schemaId":"ck5munkrrifd0083589kqph8b","title":"slm","value":"slm","color":"#FF0000","bbox":{"top":76,"left":24,"height":140,"width":199}}],"classifications":[]},"Created By":"sunnylee7@sookmyung.ac.kr","Project Name":"slm","Created At":"2020-01-21T01:41:36.000Z","Updated At":"2020-01-21T04:16:20.000Z","Seconds to Label":5.079999999999999,"External ID":"slm076.jpg","Agreement":null,"Benchmark Agreement":null,"Benchmark ID":null,"Benchmark Reference ID":null,"Dataset Name":"slm","Reviews":[],"View Label":"https://editor.labelbox.com?project=ck5mumqhku06o0843f4ink7nq&label=ck5n7q819126l09890dl70v1v"},{"ID":"ck5n7qcs076k00929qz0k5czj","DataRow ID":"ck5mub5wz9rsk0doq2oj1fjvl","Labeled Data":"https://storage.labelbox.com/ck5m7hol2ltok0843iolzs4yv%2F834c5fb4-7c30-6571-070b-db8f7b74f2cf-slm015.jpg?Expires=1580812313532&KeyName=labelbox-assets-key-1&Signature=LvZxeP-oV3L1FR9mQmuAV65S-GA","Label":{"objects":[{"featureId":"ck5n7qbgr02010x750jxb7zxj","schemaId":"ck5munkrrifd0083589kqph8b","title":"slm","value":"slm","color":"#FF0000","bbox":{"top":19,"left":7,"height":179,"width":210}}],"classifications":[]},"Created By":"sunnylee7@sookmyung.ac.kr","Project Name":"slm","Created At":"2020-01-21T01:41:43.000Z","Updated At":"2020-01-21T04:16:07.000Z","Seconds to Label":13.382,"External ID":"slm015.jpg","Agreement":null,"Benchmark Agreement":null,"Benchmark ID":null,"Benchmark Reference ID":null,"Dataset Name":"slm","Reviews":[],"View Label":"https://editor.labelbox.com?project=ck5mumqhku06o0843f4ink7nq&label=ck5n7qcs076k00929qz0k5czj"},{"ID":"ck5n7qjsiyk2a0843gcwsuupd","DataRow ID":"ck5mub5x39rw40doqc7g93qk6","Labeled Data":"https://storage.labelbox.com/ck5m7hol2ltok0843iolzs4yv%2Fbb75c2eb-23c3-a3b0-9268-3a884c989973-slm047.jpg?Expires=1580812313532&KeyName=labelbox-assets-key-1&Signature=KG7gHaViqLXHylAi283dJhxUVc8","Label":{"objects":[{"featureId":"ck5n7qfte01zn0x8rzkp0csjp","schemaId":"ck5munkrrifd0083589kqph8b","title":"slm","value":"slm","color":"#FF0000","bbox":{"top":72,"left":5,"height":87,"width":219}}],"classifications":[]},"Created By":"sunnylee7@sookmyung.ac.kr","Project Name":"slm","Created At":"2020-01-21T01:41:52.000Z","Updated At":"2020-01-21T01:41:52.000Z","Seconds to Label":4.272,"External ID":"slm047.jpg","Agreement":null,"Benchmark Agreement":null,"Benchmark ID":null,"Benchmark Reference ID":null,"Dataset Name":"slm","Reviews":[],"View Label":"https://editor.labelbox.com?project=ck5mumqhku06o0843f4ink7nq&label=ck5n7qjsiyk2a0843gcwsuupd"},{"ID":"ck5n7qoe3yk3p0843ie0dvsyb","DataRow ID":"ck5mub5x59rzo0doq6brj85gc","Labeled Data":"https://storage.labelbox.com/ck5m7hol2ltok0843iolzs4yv%2F63f9ce75-695e-bca1-f414-02b91569e910-slm079.jpg?Expires=1580812313532&KeyName=labelbox-assets-key-1&Signature=T2lvEw7Nbm9L4jnqhJcZgBi_cIA","Label":{"objects":[{"featureId":"ck5n7qnt6020b0x75v348wtyc","schemaId":"ck5munkrrifd0083589kqph8b","title":"slm","value":"slm","color":"#FF0000","bbox":{"top":51,"left":82,"height":138,"width":142}}],"classifications":[]},"Created By":"sunnylee7@sookmyung.ac.kr","Project Name":"slm","Created At":"2020-01-21T01:41:58.000Z","Updated At":"2020-01-21T01:41:58.000Z","Seconds to Label":3.863,"External ID":"slm079.jpg","Agreement":null,"Benchmark Agreement":null,"Benchmark ID":null,"Benchmark Reference ID":null,"Dataset Name":"slm","Reviews":[],"View Label":"https://editor.labelbox.com?project=ck5mumqhku06o0843f4ink7nq&label=ck5n7qoe3yk3p0843ie0dvsyb"},{"ID":"ck5n7r02176rl0929mgmm9npv","DataRow ID":"ck5mub5x09rsw0doq5bk6bn4g","Labeled Data":"https://storage.labelbox.com/ck5m7hol2ltok0843iolzs4yv%2Fd1667b6c-81e1-9879-e8c3-fffabbc7f67c-slm018.jpg?Expires=1580812313532&KeyName=labelbox-assets-key-1&Signature=57xal-GF8-xLolE4UQjvBQpA23s","Label":{"objects":[{"featureId":"ck5n7qx4u01zz0x8rw1s9rh4j","schemaId":"ck5munkrrifd0083589kqph8b","title":"slm","value":"slm","color":"#FF0000","bbox":{"top":86,"left":42,"height":68,"width":119}}],"classifications":[]},"Created By":"sunnylee7@sookmyung.ac.kr","Project Name":"slm","Created At":"2020-01-21T01:42:13.000Z","Updated At":"2020-01-21T04:15:43.000Z","Seconds to Label":17.313,"External ID":"slm018.jpg","Agreement":null,"Benchmark Agreement":null,"Benchmark ID":null,"Benchmark Reference ID":null,"Dataset Name":"slm","Reviews":[],"View Label":"https://editor.labelbox.com?project=ck5mumqhku06o0843f4ink7nq&label=ck5n7r02176rl0929mgmm9npv"},{"ID":"ck5n7rbbrt9iw0a56bdlfs043","DataRow ID":"ck5mub5x39rwg0doq4zg1dnk9","Labeled Data":"https://storage.labelbox.com/ck5m7hol2ltok0843iolzs4yv%2F316654be-ec50-1933-1a97-7aab6dfdd897-slm050.jpg?Expires=1580812313532&KeyName=labelbox-assets-key-1&Signature=ntvrQoq0YWqdMtDsHA4mAYk8FGw","Label":{"objects":[{"featureId":"ck5n8o2ol02od0x8zbmzsx2co","schemaId":"ck5munkrrifd0083589kqph8b","title":"slm","value":"slm","color":"#FF0000","bbox":{"top":20,"left":124,"height":136,"width":44}}],"classifications":[]},"Created By":"sunnylee7@sookmyung.ac.kr","Project Name":"slm","Created At":"2020-01-21T01:42:27.000Z","Updated At":"2020-01-21T04:15:34.000Z","Seconds to Label":19.49,"External ID":"slm050.jpg","Agreement":null,"Benchmark Agreement":null,"Benchmark ID":null,"Benchmark Reference ID":null,"Dataset Name":"slm","Reviews":[],"View Label":"https://editor.labelbox.com?project=ck5mumqhku06o0843f4ink7nq&label=ck5n7rbbrt9iw0a56bdlfs043"},{"ID":"ck5n7ritdyxyh0978bpf1d5d7","DataRow ID":"ck5mub5x59s000doq5scn8ic6","Labeled Data":"https://storage.labelbox.com/ck5m7hol2ltok0843iolzs4yv%2Fda3dede7-0f1f-12c7-726d-731246ee8f27-slm082.jpg?Expires=1580812313533&KeyName=labelbox-assets-key-1&Signature=53zOjEOS9V2jjBzZ7r9C8-iQupM","Label":{"objects":[{"featureId":"ck5n8nl6f02ny0x8zq5ogai7d","schemaId":"ck5munkrrifd0083589kqph8b","title":"slm","value":"slm","color":"#FF0000","bbox":{"top":77,"left":111,"height":147,"width":113}}],"classifications":[]},"Created By":"sunnylee7@sookmyung.ac.kr","Project Name":"slm","Created At":"2020-01-21T01:42:37.000Z","Updated At":"2020-01-21T04:15:23.000Z","Seconds to Label":9.435,"External ID":"slm082.jpg","Agreement":null,"Benchmark Agreement":null,"Benchmark ID":null,"Benchmark Reference ID":null,"Dataset Name":"slm","Reviews":[],"View Label":"https://editor.labelbox.com?project=ck5mumqhku06o0843f4ink7nq&label=ck5n7ritdyxyh0978bpf1d5d7"}]